RA,Fase_Raw,Turma,Nome,Ano_Nascimento,Idade,Genero,Ano_Ingresso,Instituicao_Ensino,INDE,Pedra,Cg,Cf,Ct,Num_Avaliacoes,IAA,IEG,IPS,IDA,IPV,IAN,Rec_Psicologia,Nota_Matematica,Nota_Portugues,Nota_Ingles,Indicado_Bolsa,Atingiu_Ponto_Virada,Fase_Ideal,Defasagem,Destaque_IEG,Destaque_IDA,Destaque_IPV,Ano_Referencia,IPP,Escola,Status_Matricula,Status_Cadastro,Fase_Num
RA-1,7,A,Aluno-1,2003.0,19.0,Menina,2016,Escola Pública,5.783,Quartzo,753.0,18.0,10.0,4.0,8.3,4.1,5.6,4.0,7.278,5.0,Requer avaliação,2.7,3.5,6.0,Sim,Não,Fase 8 (Universitários),-1,Melhorar: Melhorar a sua entrega de lições de casa.,Melhorar: Empenhar-se mais nas aulas e avaliações.,Melhorar: Integrar-se mais aos Princípios Passos Mágicos.,2022,,,,Completo,7.0
RA-2,7,A,Aluno-2,2005.0,17.0,Menina,2017,Rede Decisão,7.055,Ametista,469.0,8.0,3.0,4.0,8.8,5.2,6.3,6.8,6.778,10.0,Sem limitações,6.3,4.5,9.7,Não,Não,Fase 7 (3º EM),0,Melhorar: Melhorar a sua entrega de lições de casa.,Melhorar: Empenhar-se mais nas aulas e avaliações.,Melhorar: Integrar-se mais aos Princípios Passos Mágicos.,2022,,,,Completo,7.0
RA-3,7,A,Aluno-3,2005.0,17.0,Menina,2016,Rede Decisão,6.591,Ágata,629.0,13.0,6.0,4.0,0.0,7.9,5.6,5.6,7.556,10.0,Sem limitações,5.8,4.0,6.9,Não,Não,Fase 7 (3º EM),0,Destaque: A sua boa entrega das lições de casa.,Melhorar: Empenhar-se mais nas aulas e avaliações.,Destaque: A sua boa integração aos Princípios Passos Mágicos.,2022,,,,Completo,7.0
RA-4,7,A,Aluno-4,2005.0,17.0,Menino,2017,Rede Decisão,5.951,Quartzo,731.0,15.0,7.0,4.0,8.8,4.5,5.6,5.0,5.278,10.0,Requer avaliação,2.8,3.5,8.7,Não,Não,Fase 7 (3º EM),0,Melhorar: Melhorar a sua entrega de lições de casa.,Melhorar: Empenhar-se mais nas aulas e avaliações.,Melhorar: Integrar-se mais aos Princípios Passos Mágicos.,2022,,,,Completo,7.0
RA-5,7,A,Aluno-5,2005.0,17.0,Menina,2016,Rede Decisão,7.427,Ametista,344.0,6.0,2.0,4.0,7.9,8.6,5.6,5.2,7.389,10.0,Requer avaliação,7.0,2.9,5.7,Não,Não,Fase 7 (3º EM),0,Destaque: A sua boa entrega das lições de casa.,Melhorar: Empenhar-se mais nas aulas e avaliações.,Melhorar: Integrar-se mais aos Princípios Passos Mágicos.,2022,,,,Completo,7.0
RA-6,7,A,Aluno-6,2004.0,18.0,Menina,2021,Escola Pública,5.848,Quartzo,745.0,16.0,8.0,4.0,7.9,4.5,7.5,3.3,7.222,5.0,Sem limitações,2.3,5.3,2.3,Sim,Não,Fase 8 (Universitários),-1,Melhorar: Melhorar a sua entrega de lições de casa.,Melhorar: Empenhar-se mais nas aulas e avaliações.,Melhorar: Integrar-se mais aos Princípios Passos Mágicos.,2022,,,,Completo,7.0
RA-7,7,A,Aluno-7,2004.0,18.0,Menino,2017,Rede Decisão,6.818,Ágata,550.0,11.0,5.0,4.0,0.0,8.4,7.5,7.6,7.667,5.0,Sem limitações,8.2,5.7,9.0,Não,Não,Fase 8 (Universitários),-1,Destaque: A sua boa entrega das lições de casa.,Destaque: As suas boas notas na Passos Mágicos.,Destaque: A sua boa integração aos Princípios Passos Mágicos.,2022,,,,Completo,7.0
RA-8,7,A,Aluno-8,2002.0,20.0,Menina,2018,Escola Pública,4.786,Quartzo,836.0,21.0,13.0,4.0,7.1,4.6,6.3,1.6,6.278,5.0,Requer avaliação,1.2,0.7,2.9,Não,Não,Fase 8 (Universitários),-1,Melhorar: Melhorar a sua entrega de lições de casa.,Melhorar: Empenhar-se mais nas aulas e avaliações.,Melhorar: Integrar-se mais aos Princípios Passos Mágicos.,2022,,,,Completo,7.0
RA-9,7,A,Aluno-9,2004.0,18.0,Menina,2019,Escola Pública,8.109,Topázio,113.0,1.0,1.0,4.0,8.8,9.5,7.5,6.7,9.5,5.0,Sem limitações,5.5,6.0,8.7,Sim,Sim,Fase 8 (Universitários),-1,Destaque: A sua boa entrega das lições de casa.,Melhorar: Empenhar-se mais nas aulas e avaliações.,Destaque: A sua boa integração aos Princípios Passos Mágicos.,2022,,,,Completo,7.0
RA-10,7,A,Aluno-10,2004.0,18.0,Menina,2021,Escola Pública,5.784,Quartzo,752.0,17.0,9.0,4.0,8.3,5.2,5.0,4.1,7.056,5.0,Requer avaliação,3.3,2.6,6.4,Não,Não,Fase 8 (Universitários),-1,Melhorar: Melhorar a sua entrega de lições de casa.,Melhorar: Empenhar-se mais nas aulas e avaliações.,Melhorar: Integrar-se mais aos Princípios Passos Mágicos.,2022,,,,Completo,7.0
RA-11,7,A,Aluno-11,2004.0,18.0,Menina,2016,Escola Pública,5.323,Quartzo,799.0,19.0,11.0,4.0,9.2,4.2,5.0,3.0,6.389,5.0,Requer avaliação,1.8,2.5,4.5,Não,Não,Fase 8 (Universitários),-1,Melhorar: Melhorar a sua entrega de lições de casa.,Melhorar: Empenhar-se mais nas aulas e avaliações.,Melhorar: Integrar-se mais aos Princípios Passos Mágicos.,2022,,,,Completo,7.0
RA-12,7,A,Aluno-12,2005.0,17.0,Menina,2020,Escola Pública,4.832,Quartzo,834.0,20.0,12.0,4.0,0.0,4.0,6.9,1.5,6.389,10.0,Sem limitações,2.7,1.1,0.7,Sim,Não,Fase 7 (3º EM),0,Melhorar: Melhorar a sua entrega de lições de casa.,Melhorar: Empenhar-se mais nas aulas e avaliações.,Melhorar: Integrar-se mais aos Princípios Passos Mágicos.,2022,,,,Completo,7.0
RA-13,7,A,Aluno-13,2004.0,18.0,Menino,2016,Escola Pública,6.902,Ágata,524.0,10.0,4.0,4.0,7.9,7.4,7.5,4.7,8.056,5.0,Sem limitações,3.5,5.5,5.2,Sim,Não,Fase 8 (Universitários),-1,Melhorar: Melhorar a sua entrega de lições de casa.,Melhorar: Empenhar-se mais nas aulas e avaliações.,Destaque: A sua boa integração aos Princípios Passos Mágicos.,2022,,,,Completo,7.0
RA-14,7,D,Aluno-14,2001.0,21.0,Menino,2022,Escola Pública,6.793,Ágata,558.0,12.0,7.0,4.0,7.9,8.3,7.5,4.0,7.75,5.0,Não atendido,8.0,0.0,,Sim,Não,Fase 8 (Universitários),-1,Destaque: A sua boa entrega das lições de casa.,Melhorar: Empenhar-se mais nas aulas e avaliações.,Destaque: A sua boa integração aos Princípios Passos Mágicos.,2022,,,,Completo,7.0
RA-15,7,D,Aluno-15,2004.0,18.0,Menino,2022,Escola Pública,7.783,Ametista,207.0,3.0,2.0,4.0,8.8,10.0,7.5,7.3,7.292,5.0,Não atendido,8.0,6.5,,Sim,Não,Fase 8 (Universitários),-1,Destaque: A sua boa entrega das lições de casa.,Melhorar: Empenhar-se mais nas aulas e avaliações.,Melhorar: Integrar-se mais aos Princípios Passos Mágicos.,2022,,,,Completo,7.0
RA-16,7,D,Aluno-16,2003.0,19.0,Menino,2022,Escola Pública,6.112,Ágata,706.0,14.0,8.0,4.0,7.9,8.3,5.0,3.5,6.333,5.0,Requer avaliação,7.0,0.0,,Sim,Não,Fase 8 (Universitários),-1,Destaque: A sua boa entrega das lições de casa.,Melhorar: Empenhar-se mais nas aulas e avaliações.,Melhorar: Integrar-se mais aos Princípios Passos Mágicos.,2022,,,,Completo,7.0
RA-17,7,D,Aluno-17,2002.0,20.0,Menino,2022,Escola Pública,8.068,Topázio,125.0,2.0,1.0,4.0,8.8,10.0,7.5,7.8,8.292,5.0,Não atendido,9.0,6.5,,Sim,Não,Fase 8 (Universitários),-1,Destaque: A sua boa entrega das lições de casa.,Destaque: As suas boas notas na Passos Mágicos.,Destaque: A sua boa integração aos Princípios Passos Mágicos.,2022,,,,Completo,7.0
RA-18,7,D,Aluno-18,2003.0,19.0,Menino,2022,Escola Pública,7.226,Ametista,418.0,7.0,5.0,4.0,6.3,8.7,6.3,9.0,6.875,5.0,Requer avaliação,9.0,9.0,,Sim,Não,Fase 8 (Universitários),-1,Destaque: A sua boa entrega das lições de casa.,Destaque: As suas boas notas na Passos Mágicos.,Melhorar: Integrar-se mais aos Princípios Passos Mágicos.,2022,,,,Completo,7.0
RA-19,7,D,Aluno-19,2003.0,19.0,Menina,2022,Escola Pública,7.665,Ametista,248.0,4.0,3.0,4.0,7.9,9.5,7.5,8.0,7.0,5.0,Sem limitações,7.0,9.0,,Sim,Não,Fase 8 (Universitários),-1,Destaque: A sua boa entrega das lições de casa.,Destaque: As suas boas notas na Passos Mágicos.,Melhorar: Integrar-se mais aos Princípios Passos Mágicos.,2022,,,,Completo,7.0
RA-20,7,D,Aluno-20,2003.0,19.0,Menina,2022,Escola Pública,7.535,Ametista,296.0,5.0,4.0,4.0,7.1,10.0,6.3,7.8,7.167,5.0,Não atendido,9.0,6.5,,Sim,Não,Fase 8 (Universitários),-1,Destaque: A sua boa entrega das lições de casa.,Destaque: As suas boas notas na Passos Mágicos.,Melhorar: Integrar-se mais aos Princípios Passos Mágicos.,2022,,,,Completo,7.0
RA-21,7,D,Aluno-21,2004.0,18.0,Menino,2022,Escola Pública,6.945,Ágata,508.0,9.0,6.0,4.0,9.6,9.2,7.5,3.8,7.25,5.0,Não atendido,7.0,0.5,,Sim,Não,Fase 8 (Universitários),-1,Destaque: A sua boa entrega das lições de casa.,Melhorar: Empenhar-se mais nas aulas e avaliações.,Melhorar: Integrar-se mais aos Princípios Passos Mágicos.,2022,,,,Completo,7.0
RA-22,6,A,Aluno-22,2005.0,17.0,Menina,2019,Rede Decisão,7.474,Ametista,327.0,10.0,10.0,4.0,8.3,7.4,8.1,6.7,8.833,5.0,Sem limitações,9.0,3.1,7.8,Não,Sim,Fase 7 (3º EM),-1,Melhorar: Melhorar a sua entrega de lições de casa.,Melhorar: Empenhar-se mais nas aulas e avaliações.,Destaque: A sua boa integração aos Princípios Passos Mágicos.,2022,,,,Completo,6.0
RA-23,6,A,Aluno-23,2005.0,17.0,Menino,2021,Escola Pública,7.677,Ametista,243.0,8.0,8.0,4.0,8.3,8.2,8.1,6.7,8.556,5.0,Sem limitações,7.2,4.7,8.2,Sim,Sim,Fase 7 (3º EM),-1,Destaque: A sua boa entrega das lições de casa.,Melhorar: Empenhar-se mais nas aulas e avaliações.,Destaque: A sua boa integração aos Princípios Passos Mágicos.,2022,,,,Completo,6.0
RA-24,6,A,Aluno-24,2005.0,17.0,Menina,2021,Rede Decisão,8.087,Topázio,119.0,5.0,5.0,4.0,9.2,7.9,6.9,8.6,9.111,5.0,Requer avaliação,10.0,6.3,9.7,Não,Sim,Fase 7 (3º EM),-1,Destaque: A sua boa entrega das lições de casa.,Destaque: As suas boas notas na Passos Mágicos.,Destaque: A sua boa integração aos Princípios Passos Mágicos.,2022,,,,Completo,6.0
RA-25,6,A,Aluno-25,2005.0,17.0,Menina,2021,Escola Pública,7.979,Ametista,147.0,6.0,6.0,4.0,8.3,8.3,8.8,6.9,9.667,5.0,Sem limitações,9.2,3.8,7.7,Sim,Sim,Fase 7 (3º EM),-1,Destaque: A sua boa entrega das lições de casa.,Melhorar: Empenhar-se mais nas aulas e avaliações.,Destaque: A sua boa integração aos Princípios Passos Mágicos.,2022,,,,Completo,6.0
RA-26,6,A,Aluno-26,2005.0,17.0,Menino,2022,Escola Pública,8.677,Topázio,17.0,3.0,3.0,4.0,9.6,8.8,10.0,8.0,10.0,5.0,Sem limitações,9.5,4.4,10.0,Sim,Sim,Fase 7 (3º EM),-1,Destaque: A sua boa entrega das lições de casa.,Destaque: As suas boas notas na Passos Mágicos.,Destaque: A sua boa integração aos Princípios Passos Mágicos.,2022,,,,Completo,6.0
RA-27,6,A,Aluno-27,2005.0,17.0,Menino,2016,Rede Decisão,7.124,Ametista,449.0,12.0,12.0,4.0,0.0,7.6,8.1,8.0,9.111,5.0,Sem limitações,7.7,6.3,10.0,Não,Sim,Fase 7 (3º EM),-1,Destaque: A sua boa entrega das lições de casa.,Destaque: As suas boas notas na Passos Mágicos.,Destaque: A sua boa integração aos Princípios Passos Mágicos.,2022,,,,Completo,6.0
RA-28,6,A,Aluno-28,2005.0,17.0,Menina,2019,Escola Pública,6.242,Ágata,698.0,14.0,14.0,4.0,7.9,6.1,7.5,5.0,6.333,5.0,Requer avaliação,8.2,1.5,5.3,Não,Não,Fase 7 (3º EM),-1,Melhorar: Melhorar a sua entrega de lições de casa.,Melhorar: Empenhar-se mais nas aulas e avaliações.,Melhorar: Integrar-se mais aos Princípios Passos Mágicos.,2022,,,,Completo,6.0
RA-29,6,A,Aluno-29,2005.0,17.0,Menino,2022,Escola Pública,4.985,Quartzo,821.0,16.0,16.0,4.0,0.0,4.0,8.8,3.7,7.611,5.0,Requer avaliação,6.3,1.1,3.8,Sim,Não,Fase 7 (3º EM),-1,Melhorar: Melhorar a sua entrega de lições de casa.,Melhorar: Empenhar-se mais nas aulas e avaliações.,Destaque: A sua boa integração aos Princípios Passos Mágicos.,2022,,,,Completo,6.0
RA-30,6,A,Aluno-30,2006.0,16.0,Menina,2021,Escola Pública,7.605,Ametista,270.0,9.0,9.0,4.0,8.8,6.4,7.5,7.5,7.333,10.0,Sem limitações,8.5,4.4,9.7,Não,Não,Fase 6 (2º EM),0,Melhorar: Melhorar a sua entrega de lições de casa.,Destaque: As suas boas notas na Passos Mágicos.,Melhorar: Integrar-se mais aos Princípios Passos Mágicos.,2022,,,,Completo,6.0
RA-31,6,A,Aluno-31,2005.0,17.0,Menina,2019,Rede Decisão,8.843,Topázio,9.0,2.0,2.0,4.0,10.0,9.5,9.4,8.0,10.0,5.0,Sem limitações,9.0,5.7,9.3,Não,Sim,Fase 7 (3º EM),-1,Destaque: A sua boa entrega das lições de casa.,Destaque: As suas boas notas na Passos Mágicos.,Destaque: A sua boa integração aos Princípios Passos Mágicos.,2022,,,,Completo,6.0
RA-32,6,A,Aluno-32,2006.0,16.0,Menina,2018,Rede Decisão,7.37,Ametista,370.0,11.0,11.0,4.0,8.8,5.2,8.8,6.1,7.944,10.0,Sem limitações,5.7,3.6,8.9,Não,Não,Fase 6 (2º EM),0,Melhorar: Melhorar a sua entrega de lições de casa.,Melhorar: Empenhar-se mais nas aulas e avaliações.,Destaque: A sua boa integração aos Princípios Passos Mágicos.,2022,,,,Completo,6.0
RA-33,6,A,Aluno-33,2005.0,17.0,Menina,2020,Escola Pública,4.952,Quartzo,824.0,17.0,17.0,4.0,0.0,4.6,7.5,4.8,6.0,5.0,Sem limitações,9.0,1.6,3.7,Não,Não,Fase 7 (3º EM),-1,Melhorar: Melhorar a sua entrega de lições de casa.,Melhorar: Empenhar-se mais nas aulas e avaliações.,Melhorar: Integrar-se mais aos Princípios Passos Mágicos.,2022,,,,Completo,6.0
RA-34,6,A,Aluno-34,2005.0,17.0,Menino,2016,Rede Decisão,6.259,Ágata,692.0,13.0,13.0,4.0,9.6,4.8,8.1,3.8,7.278,5.0,Sem limitações,4.7,4.0,2.8,Não,Não,Fase 7 (3º EM),-1,Melhorar: Melhorar a sua entrega de lições de casa.,Melhorar: Empenhar-se mais nas aulas e avaliações.,Melhorar: Integrar-se mais aos Princípios Passos Mágicos.,2022,,,,Completo,6.0
RA-35,6,A,Aluno-35,2005.0,17.0,Menina,2019,Rede Decisão,8.965,Topázio,5.0,1.0,1.0,4.0,10.0,9.6,9.4,8.5,10.0,5.0,Sem limitações,9.0,7.1,9.3,Não,Sim,Fase 7 (3º EM),-1,Destaque: A sua boa entrega das lições de casa.,Destaque: As suas boas notas na Passos Mágicos.,Destaque: A sua boa integração aos Princípios Passos Mágicos.,2022,,,,Completo,6.0
RA-36,6,A,Aluno-36,2005.0,17.0,Menina,2019,Rede Decisão,7.876,Ametista,177.0,7.0,7.0,4.0,9.2,9.0,6.9,6.8,8.944,5.0,Sem limitações,8.5,4.3,7.8,Não,Sim,Fase 7 (3º EM),-1,Destaque: A sua boa entrega das lições de casa.,Melhorar: Empenhar-se mais nas aulas e avaliações.,Destaque: A sua boa integração aos Princípios Passos Mágicos.,2022,,,,Completo,6.0
RA-37,6,A,Aluno-37,2005.0,17.0,Menina,2019,Rede Decisão,4.95,Quartzo,825.0,18.0,18.0,4.0,0.0,5.4,5.0,5.9,5.222,5.0,Sem limitações,2.3,5.3,10.0,Não,Não,Fase 7 (3º EM),-1,Melhorar: Melhorar a sua entrega de lições de casa.,Melhorar: Empenhar-se mais nas aulas e avaliações.,Melhorar: Integrar-se mais aos Princípios Passos Mágicos.,2022,,,,Completo,6.0
RA-38,6,A,Aluno-38,2005.0,17.0,Menina,2017,Rede Decisão,8.523,Topázio,31.0,4.0,4.0,4.0,9.2,8.9,7.5,8.6,9.833,5.0,Não indicado,9.0,7.0,9.7,Não,Sim,Fase 7 (3º EM),-1,Destaque: A sua boa entrega das lições de casa.,Destaque: As suas boas notas na Passos Mágicos.,Destaque: A sua boa integração aos Princípios Passos Mágicos.,2022,,,,Completo,6.0
RA-39,6,A,Aluno-39,2006.0,16.0,Menina,2017,Rede Decisão,6.033,Ágata,722.0,15.0,15.0,4.0,0.0,4.8,6.9,6.9,6.111,10.0,Requer avaliação,7.7,5.1,7.8,Não,Não,Fase 6 (2º EM),0,Melhorar: Melhorar a sua entrega de lições de casa.,Melhorar: Empenhar-se mais nas aulas e avaliações.,Melhorar: Integrar-se mais aos Princípios Passos Mágicos.,2022,,,,Completo,6.0
RA-40,5,A,Aluno-40,2006.0,16.0,Menina,2016,Rede Decisão,7.203,Ametista,429.0,27.0,3.0,3.0,7.9,7.8,7.5,6.8,7.75,5.0,Sem limitações,4.7,7.3,8.4,Não,Não,Fase 6 (2º EM),-1,Destaque: A sua boa entrega das lições de casa.,Melhorar: Empenhar-se mais nas aulas e avaliações.,Destaque: A sua boa integração aos Princípios Passos Mágicos.,2022,,,,Completo,5.0
RA-41,5,A,Aluno-41,2005.0,17.0,Menino,2018,Escola Pública,5.581,Quartzo,777.0,51.0,9.0,3.0,9.2,6.1,5.0,5.6,4.375,5.0,Requer avaliação,6.3,2.5,8.0,Não,Não,Fase 7 (3º EM),-2,Melhorar: Melhorar a sua entrega de lições de casa.,Melhorar: Empenhar-se mais nas aulas e avaliações.,Melhorar: Integrar-se mais aos Princípios Passos Mágicos.,2022,,,,Completo,5.0
RA-42,5,A,Aluno-42,2007.0,15.0,Menino,2019,Rede Decisão,6.72,Ágata,582.0,33.0,5.0,3.0,8.3,7.9,5.6,4.8,6.083,10.0,Requer avaliação,3.7,4.5,6.2,Não,Não,Fase 5 (1º EM),0,Destaque: A sua boa entrega das lições de casa.,Melhorar: Empenhar-se mais nas aulas e avaliações.,Melhorar: Integrar-se mais aos Princípios Passos Mágicos.,2022,,,,Completo,5.0
RA-43,5,A,Aluno-43,2006.0,16.0,Menina,2019,Escola Pública,5.486,Quartzo,791.0,54.0,11.0,3.0,6.3,6.5,5.6,4.3,5.958,5.0,Requer avaliação,4.0,5.8,3.2,Não,Não,Fase 6 (2º EM),-1,Melhorar: Melhorar a sua entrega de lições de casa.,Melhorar: Empenhar-se mais nas aulas e avaliações.,Melhorar: Integrar-se mais aos Princípios Passos Mágicos.,2022,,,,Completo,5.0
RA-44,5,A,Aluno-44,2005.0,17.0,Menina,2021,Escola Pública,5.542,Quartzo,785.0,52.0,10.0,3.0,5.0,5.9,7.5,3.0,7.292,5.0,Sem limitações,2.3,3.5,3.2,Sim,Não,Fase 7 (3º EM),-2,Melhorar: Melhorar a sua entrega de lições de casa.,Melhorar: Empenhar-se mais nas aulas e avaliações.,Melhorar: Integrar-se mais aos Princípios Passos Mágicos.,2022,,,,Completo,5.0
RA-45,5,A,Aluno-45,2007.0,15.0,Menina,2019,Rede Decisão,7.591,Ametista,277.0,17.0,2.0,3.0,7.9,8.9,5.6,6.8,7.417,10.0,Requer avaliação,6.3,5.2,8.8,Não,Não,Fase 5 (1º EM),0,Destaque: A sua boa entrega das lições de casa.,Melhorar: Empenhar-se mais nas aulas e avaliações.,Melhorar: Integrar-se mais aos Princípios Passos Mágicos.,2022,,,,Completo,5.0
RA-46,5,A,Aluno-46,2005.0,17.0,Menina,2022,Escola Pública,6.048,Ágata,719.0,46.0,7.0,3.0,8.8,8.4,6.3,2.1,7.083,5.0,Sem limitações,2.8,2.8,0.7,Não,Não,Fase 7 (3º EM),-2,Destaque: A sua boa entrega das lições de casa.,Melhorar: Empenhar-se mais nas aulas e avaliações.,Melhorar: Integrar-se mais aos Princípios Passos Mágicos.,2022,,,,Completo,5.0
RA-47,5,A,Aluno-47,2005.0,17.0,Menina,2022,Escola Pública,5.677,Quartzo,762.0,49.0,8.0,3.0,7.9,6.3,7.5,2.1,7.042,5.0,Sem limitações,2.5,2.2,1.5,Não,Não,Fase 7 (3º EM),-2,Melhorar: Melhorar a sua entrega de lições de casa.,Melhorar: Empenhar-se mais nas aulas e avaliações.,Melhorar: Integrar-se mais aos Princípios Passos Mágicos.,2022,,,,Completo,5.0
RA-48,5,A,Aluno-48,2007.0,15.0,Menina,2017,Rede Decisão,8.006,Ametista,140.0,10.0,1.0,3.0,6.7,8.4,7.5,8.1,8.5,10.0,Sem limitações,6.7,8.0,9.5,Não,Sim,Fase 5 (1º EM),0,Destaque: A sua boa entrega das lições de casa.,Destaque: As suas boas notas na Passos Mágicos.,Destaque: A sua boa integração aos Princípios Passos Mágicos.,2022,,,,Completo,5.0
RA-49,5,A,Aluno-49,2005.0,17.0,Menina,2022,Escola Pública,6.304,Ágata,687.0,42.0,6.0,3.0,7.5,7.4,7.5,3.9,7.042,5.0,Sem limitações,1.5,4.2,6.2,Não,Não,Fase 7 (3º EM),-2,Melhorar: Melhorar a sua entrega de lições de casa.,Melhorar: Empenhar-se mais nas aulas e avaliações.,Melhorar: Integrar-se mais aos Princípios Passos Mágicos.,2022,,,,Completo,5.0
RA-50,5,A,Aluno-50,2004.0,18.0,Menina,2022,Escola Pública,7.138,Ametista,445.0,28.0,4.0,3.0,7.5,8.4,7.5,7.8,7.542,2.5,Sem limitações,6.5,7.3,9.7,Não,Não,Fase 8 (Universitários),-3,Destaque: A sua boa entrega das lições de casa.,Destaque: As suas boas notas na Passos Mágicos.,Destaque: A sua boa integração aos Princípios Passos Mágicos.,2022,,,,Completo,5.0
RA-51,5,B,Aluno-51,2005.0,17.0,Menina,2022,Escola Pública,6.488,Ágata,645.0,39.0,13.0,3.0,8.8,7.6,7.5,5.0,6.5,5.0,Não atendido,4.5,4.5,6.0,Não,Não,Fase 7 (3º EM),-2,Destaque: A sua boa entrega das lições de casa.,Melhorar: Empenhar-se mais nas aulas e avaliações.,Melhorar: Integrar-se mais aos Princípios Passos Mágicos.,2022,,,,Completo,5.0
RA-52,5,B,Aluno-52,2009.0,13.0,Menino,2018,Rede Decisão,7.861,Ametista,183.0,12.0,5.0,3.0,9.6,8.9,7.5,6.2,7.5,10.0,Não atendido,3.3,6.3,8.8,Não,Não,Fase 3 (7º e 8º ano),2,Destaque: A sua boa entrega das lições de casa.,Melhorar: Empenhar-se mais nas aulas e avaliações.,Destaque: A sua boa integração aos Princípios Passos Mágicos.,2022,,,,Completo,5.0
RA-53,5,B,Aluno-53,2005.0,17.0,Menino,2022,Escola Pública,6.725,Ágata,579.0,32.0,11.0,3.0,9.2,7.0,7.5,7.0,6.458,5.0,Não atendido,6.0,8.0,,Não,Não,Fase 7 (3º EM),-2,Melhorar: Melhorar a sua entrega de lições de casa.,Melhorar: Empenhar-se mais nas aulas e avaliações.,Melhorar: Integrar-se mais aos Princípios Passos Mágicos.,2022,,,,Completo,5.0
RA-54,5,B,Aluno-54,2006.0,16.0,Menina,2022,Escola Pública,6.058,Ágata,716.0,45.0,14.0,3.0,7.9,6.9,7.5,4.8,6.125,5.0,Não atendido,3.0,6.5,,Não,Não,Fase 6 (2º EM),-1,Melhorar: Melhorar a sua entrega de lições de casa.,Melhorar: Empenhar-se mais nas aulas e avaliações.,Melhorar: Integrar-se mais aos Princípios Passos Mágicos.,2022,,,,Completo,5.0
RA-55,5,B,Aluno-55,2006.0,16.0,Menina,2017,Escola Pública,6.576,Ágata,634.0,38.0,12.0,3.0,7.1,7.6,5.6,7.5,6.5,5.0,Requer avaliação,6.7,7.8,7.9,Não,Não,Fase 6 (2º EM),-1,Destaque: A sua boa entrega das lições de casa.,Melhorar: Empenhar-se mais nas aulas e avaliações.,Melhorar: Integrar-se mais aos Princípios Passos Mágicos.,2022,,,,Completo,5.0
RA-56,5,B,Aluno-56,2007.0,15.0,Menina,2019,Rede Decisão,8.404,Topázio,46.0,7.0,1.0,3.0,10.0,10.0,7.5,7.0,8.25,10.0,Sem limitações,4.5,6.5,10.0,Não,Não,Fase 5 (1º EM),0,Destaque: A sua boa entrega das lições de casa.,Melhorar: Empenhar-se mais nas aulas e avaliações.,Destaque: A sua boa integração aos Princípios Passos Mágicos.,2022,,,,Completo,5.0
RA-57,5,B,Aluno-57,2006.0,16.0,Menino,2017,Rede Decisão,7.305,Ametista,388.0,25.0,10.0,3.0,7.1,8.1,5.6,8.4,7.875,5.0,Requer avaliação,9.0,7.0,9.3,Não,Não,Fase 6 (2º EM),-1,Destaque: A sua boa entrega das lições de casa.,Destaque: As suas boas notas na Passos Mágicos.,Destaque: A sua boa integração aos Princípios Passos Mágicos.,2022,,,,Completo,5.0
RA-58,5,B,Aluno-58,2007.0,15.0,Menino,2017,Rede Decisão,8.136,Topázio,103.0,9.0,3.0,3.0,9.6,9.2,6.3,7.2,8.125,10.0,Sem limitações,4.5,8.0,9.0,Não,Não,Fase 5 (1º EM),0,Destaque: A sua boa entrega das lições de casa.,Melhorar: Empenhar-se mais nas aulas e avaliações.,Destaque: A sua boa integração aos Princípios Passos Mágicos.,2022,,,,Completo,5.0
RA-59,5,B,Aluno-59,2005.0,17.0,Menino,2022,Escola Pública,7.642,Ametista,257.0,15.0,7.0,3.0,9.2,9.3,7.5,7.2,7.917,5.0,Não atendido,7.0,5.7,8.8,Não,Não,Fase 7 (3º EM),-2,Destaque: A sua boa entrega das lições de casa.,Melhorar: Empenhar-se mais nas aulas e avaliações.,Destaque: A sua boa integração aos Princípios Passos Mágicos.,2022,,,,Completo,5.0
RA-60,5,B,Aluno-60,2004.0,18.0,Menina,2021,Escola Pública,5.537,Quartzo,787.0,53.0,16.0,3.0,6.7,6.0,7.5,4.9,6.167,2.5,Não atendido,5.0,6.2,3.5,Não,Não,Fase 8 (Universitários),-3,Melhorar: Melhorar a sua entrega de lições de casa.,Melhorar: Empenhar-se mais nas aulas e avaliações.,Melhorar: Integrar-se mais aos Princípios Passos Mágicos.,2022,,,,Completo,5.0
RA-61,5,B,Aluno-61,2007.0,15.0,Menino,2021,Escola Pública,7.533,Ametista,298.0,20.0,8.0,3.0,9.2,7.4,7.5,5.8,7.875,10.0,Não atendido,1.7,6.3,9.3,Sim,Não,Fase 5 (1º EM),0,Melhorar: Melhorar a sua entrega de lições de casa.,Melhorar: Empenhar-se mais nas aulas e avaliações.,Destaque: A sua boa integração aos Princípios Passos Mágicos.,2022,,,,Completo,5.0
RA-62,5,B,Aluno-62,2005.0,17.0,Menino,2022,Escola Pública,7.891,Ametista,173.0,11.0,4.0,3.0,8.8,9.4,7.5,9.3,7.25,5.0,Não atendido,8.5,10.0,,Sim,Não,Fase 7 (3º EM),-2,Destaque: A sua boa entrega das lições de casa.,Destaque: As suas boas notas na Passos Mágicos.,Melhorar: Integrar-se mais aos Princípios Passos Mágicos.,2022,,,,Completo,5.0
RA-63,5,B,Aluno-63,2006.0,16.0,Menino,2018,Rede Decisão,8.282,Topázio,64.0,8.0,2.0,3.0,8.3,9.1,8.8,8.7,9.417,5.0,Sem limitações,8.2,8.2,9.7,Não,Sim,Fase 6 (2º EM),-1,Destaque: A sua boa entrega das lições de casa.,Destaque: As suas boas notas na Passos Mágicos.,Destaque: A sua boa integração aos Princípios Passos Mágicos.,2022,,,,Completo,5.0
RA-64,5,B,Aluno-64,2006.0,16.0,Menino,2019,Escola Pública,7.368,Ametista,372.0,23.0,9.0,3.0,7.1,8.1,8.1,7.5,8.25,5.0,Sem limitações,4.8,8.2,9.4,Sim,Não,Fase 6 (2º EM),-1,Destaque: A sua boa entrega das lições de casa.,Melhorar: Empenhar-se mais nas aulas e avaliações.,Destaque: A sua boa integração aos Princípios Passos Mágicos.,2022,,,,Completo,5.0
RA-65,5,B,Aluno-65,2005.0,17.0,Menina,2022,Escola Pública,7.712,Ametista,232.0,13.0,6.0,3.0,8.3,7.7,7.5,9.3,7.875,5.0,Não atendido,9.0,9.5,9.5,Sim,Não,Fase 7 (3º EM),-2,Destaque: A sua boa entrega das lições de casa.,Destaque: As suas boas notas na Passos Mágicos.,Destaque: A sua boa integração aos Princípios Passos Mágicos.,2022,,,,Completo,5.0
RA-66,5,B,Aluno-66,2005.0,17.0,Menina,2022,Escola Pública,5.665,Quartzo,768.0,50.0,15.0,3.0,7.5,5.6,7.5,4.5,5.917,5.0,Não atendido,3.0,6.0,,Não,Não,Fase 7 (3º EM),-2,Melhorar: Melhorar a sua entrega de lições de casa.,Melhorar: Empenhar-se mais nas aulas e avaliações.,Melhorar: Integrar-se mais aos Princípios Passos Mágicos.,2022,,,,Completo,5.0
RA-67,5,C,Aluno-67,2006.0,16.0,Menina,2019,Escola Pública,5.195,Quartzo,812.0,56.0,6.0,4.0,5.8,3.0,7.5,3.6,6.889,5.0,Não atendido,3.0,4.2,3.5,Não,Não,Fase 6 (2º EM),-1,Melhorar: Melhorar a sua entrega de lições de casa.,Melhorar: Empenhar-se mais nas aulas e avaliações.,Melhorar: Integrar-se mais aos Princípios Passos Mágicos.,2022,,,,Completo,5.0
RA-68,5,C,Aluno-68,2006.0,16.0,Menino,2019,Escola Pública,6.438,Ágata,653.0,40.0,2.0,4.0,8.3,6.0,7.5,4.0,7.944,5.0,Não atendido,4.7,4.8,2.7,Sim,Não,Fase 6 (2º EM),-1,Melhorar: Melhorar a sua entrega de lições de casa.,Melhorar: Empenhar-se mais nas aulas e avaliações.,Destaque: A sua boa integração aos Princípios Passos Mágicos.,2022,,,,Completo,5.0
RA-69,5,C,Aluno-69,2006.0,16.0,Menino,2018,Escola Pública,5.718,Quartzo,756.0,47.0,3.0,4.0,8.3,6.1,7.5,2.5,6.167,5.0,Sem limitações,4.7,2.6,0.3,Não,Não,Fase 6 (2º EM),-1,Melhorar: Melhorar a sua entrega de lições de casa.,Melhorar: Empenhar-se mais nas aulas e avaliações.,Melhorar: Integrar-se mais aos Princípios Passos Mágicos.,2022,,,,Completo,5.0
RA-70,5,C,Aluno-70,2006.0,16.0,Menina,2017,Escola Pública,5.712,Quartzo,757.0,48.0,4.0,4.0,8.8,6.6,5.0,2.9,6.111,5.0,Sem limitações,5.7,2.9,0.2,Não,Não,Fase 6 (2º EM),-1,Melhorar: Melhorar a sua entrega de lições de casa.,Melhorar: Empenhar-se mais nas aulas e avaliações.,Melhorar: Integrar-se mais aos Princípios Passos Mágicos.,2022,,,,Completo,5.0
RA-71,5,C,Aluno-71,2005.0,17.0,Menina,2019,Escola Pública,4.332,Quartzo,846.0,58.0,8.0,4.0,7.9,2.0,7.5,1.2,5.833,5.0,Não atendido,1.3,2.2,0.0,Não,Não,Fase 7 (3º EM),-2,Melhorar: Melhorar a sua entrega de lições de casa.,Melhorar: Empenhar-se mais nas aulas e avaliações.,Melhorar: Integrar-se mais aos Princípios Passos Mágicos.,2022,,,,Completo,5.0
RA-72,5,C,Aluno-72,2005.0,17.0,Menina,2022,Escola Pública,7.64,Ametista,259.0,16.0,1.0,4.0,8.3,7.5,7.5,7.8,8.667,5.0,Não atendido,7.5,7.8,8.0,Sim,Sim,Fase 7 (3º EM),-2,Destaque: A sua boa entrega das lições de casa.,Destaque: As suas boas notas na Passos Mágicos.,Destaque: A sua boa integração aos Princípios Passos Mágicos.,2022,,,,Completo,5.0
RA-73,5,C,Aluno-73,2005.0,17.0,Menina,2022,Escola Pública,5.271,Quartzo,804.0,55.0,5.0,4.0,7.1,3.0,7.5,3.3,7.278,5.0,Não atendido,4.5,3.0,2.3,Sim,Não,Fase 7 (3º EM),-2,Melhorar: Melhorar a sua entrega de lições de casa.,Melhorar: Empenhar-se mais nas aulas e avaliações.,Melhorar: Integrar-se mais aos Princípios Passos Mágicos.,2022,,,,Completo,5.0
RA-74,5,C,Aluno-74,2006.0,16.0,Menino,2022,Escola Pública,4.989,Quartzo,820.0,57.0,7.0,4.0,9.6,3.3,7.5,2.0,5.833,5.0,Não atendido,6.0,0.0,0.0,Não,Não,Fase 6 (2º EM),-1,Melhorar: Melhorar a sua entrega de lições de casa.,Melhorar: Empenhar-se mais nas aulas e avaliações.,Melhorar: Integrar-se mais aos Princípios Passos Mágicos.,2022,,,,Completo,5.0
RA-75,5,F,Aluno-75,2006.0,16.0,Menina,2022,Escola Pública,3.915,Quartzo,855.0,59.0,4.0,4.0,5.4,3.8,6.3,0.0,4.625,5.0,Sem limitações,0.0,0.0,,Não,Não,Fase 6 (2º EM),-1,Melhorar: Melhorar a sua entrega de lições de casa.,Melhorar: Empenhar-se mais nas aulas e avaliações.,Melhorar: Integrar-se mais aos Princípios Passos Mágicos.,2022,,,,Completo,5.0
RA-76,5,F,Aluno-76,2007.0,15.0,Menina,2017,Rede Decisão,9.105,Topázio,3.0,3.0,1.0,4.0,10.0,9.1,8.1,8.7,9.292,10.0,Sem limitações,9.3,8.3,8.4,Não,Sim,Fase 5 (1º EM),0,Destaque: A sua boa entrega das lições de casa.,Destaque: As suas boas notas na Passos Mágicos.,Destaque: A sua boa integração aos Princípios Passos Mágicos.,2022,,,,Completo,5.0
RA-77,5,F,Aluno-77,2006.0,16.0,Menino,2019,Escola Pública,3.846,Quartzo,857.0,60.0,5.0,4.0,7.1,2.7,5.0,0.7,4.625,5.0,Não indicado,0.3,1.8,0.0,Não,Não,Fase 6 (2º EM),-1,Melhorar: Melhorar a sua entrega de lições de casa.,Melhorar: Empenhar-se mais nas aulas e avaliações.,Melhorar: Integrar-se mais aos Princípios Passos Mágicos.,2022,,,,Completo,5.0
RA-78,5,F,Aluno-78,2005.0,17.0,Menino,2018,Rede Decisão,7.04,Ametista,475.0,29.0,2.0,4.0,8.3,6.6,5.6,7.2,8.0,5.0,Requer avaliação,8.7,5.7,7.3,Não,Não,Fase 7 (3º EM),-2,Melhorar: Melhorar a sua entrega de lições de casa.,Melhorar: Empenhar-se mais nas aulas e avaliações.,Destaque: A sua boa integração aos Princípios Passos Mágicos.,2022,,,,Completo,5.0
RA-79,5,F,Aluno-79,2006.0,16.0,Menina,2018,Rede Decisão,6.847,Ágata,541.0,31.0,3.0,4.0,5.4,6.3,5.6,8.9,7.292,5.0,Requer avaliação,9.5,7.7,9.5,Não,Não,Fase 6 (2º EM),-1,Melhorar: Melhorar a sua entrega de lições de casa.,Destaque: As suas boas notas na Passos Mágicos.,Melhorar: Integrar-se mais aos Princípios Passos Mágicos.,2022,,,,Completo,5.0
RA-80,5,K,Aluno-80,2006.0,16.0,Menina,2017,Rede Decisão,7.29,Ametista,397.0,26.0,6.0,4.0,9.2,8.3,5.0,7.1,7.625,5.0,Requer avaliação,6.5,7.7,7.3,Não,Não,Fase 6 (2º EM),-1,Destaque: A sua boa entrega das lições de casa.,Melhorar: Empenhar-se mais nas aulas e avaliações.,Destaque: A sua boa integração aos Princípios Passos Mágicos.,2022,,,,Completo,5.0
RA-81,5,K,Aluno-81,2008.0,14.0,Menina,2017,Rede Decisão,7.675,Ametista,247.0,14.0,2.0,4.0,9.2,9.2,5.0,6.0,7.458,10.0,Requer avaliação,5.5,5.2,7.3,Não,Não,Fase 4 (9º ano),1,Destaque: A sua boa entrega das lições de casa.,Melhorar: Empenhar-se mais nas aulas e avaliações.,Melhorar: Integrar-se mais aos Princípios Passos Mágicos.,2022,,,,Completo,5.0
RA-82,5,K,Aluno-82,2005.0,17.0,Menina,2022,Escola Pública,6.596,Ágata,628.0,37.0,9.0,4.0,8.8,6.8,7.5,5.5,6.417,5.0,Não atendido,6.0,5.0,,Sim,Não,Fase 7 (3º EM),-2,Melhorar: Melhorar a sua entrega de lições de casa.,Melhorar: Empenhar-se mais nas aulas e avaliações.,Melhorar: Integrar-se mais aos Princípios Passos Mágicos.,2022,,,,Completo,5.0
RA-83,5,K,Aluno-83,2005.0,17.0,Menina,2022,Escola Pública,6.671,Ágata,598.0,35.0,8.0,4.0,7.9,6.8,7.5,6.8,5.958,5.0,Não atendido,6.0,7.5,,Sim,Não,Fase 7 (3º EM),-2,Melhorar: Melhorar a sua entrega de lições de casa.,Melhorar: Empenhar-se mais nas aulas e avaliações.,Melhorar: Integrar-se mais aos Princípios Passos Mágicos.,2022,,,,Completo,5.0
RA-84,5,K,Aluno-84,2005.0,17.0,Menina,2018,Rede Decisão,6.682,Ágata,596.0,34.0,7.0,4.0,7.1,8.8,5.0,5.8,6.75,5.0,Requer avaliação,5.7,6.5,5.2,Não,Não,Fase 7 (3º EM),-2,Destaque: A sua boa entrega das lições de casa.,Melhorar: Empenhar-se mais nas aulas e avaliações.,Melhorar: Integrar-se mais aos Princípios Passos Mágicos.,2022,,,,Completo,5.0
RA-85,5,K,Aluno-85,2007.0,15.0,Menino,2022,Escola Pública,6.243,Ágata,697.0,43.0,10.0,4.0,6.7,7.3,5.0,4.3,5.833,10.0,Requer avaliação,5.0,3.5,,Não,Não,Fase 5 (1º EM),0,Melhorar: Melhorar a sua entrega de lições de casa.,Melhorar: Empenhar-se mais nas aulas e avaliações.,Melhorar: Integrar-se mais aos Princípios Passos Mágicos.,2022,,,,Completo,5.0
RA-86,5,K,Aluno-86,2006.0,16.0,Menino,2016,Rede Decisão,7.566,Ametista,286.0,18.0,3.0,4.0,7.5,9.6,5.6,6.7,8.458,5.0,Sem limitações,6.2,7.2,6.9,Não,Sim,Fase 6 (2º EM),-1,Destaque: A sua boa entrega das lições de casa.,Melhorar: Empenhar-se mais nas aulas e avaliações.,Destaque: A sua boa integração aos Princípios Passos Mágicos.,2022,,,,Completo,5.0
RA-87,5,K,Aluno-87,2007.0,15.0,Menino,2021,Rede Decisão,8.712,Topázio,15.0,6.0,1.0,4.0,8.3,9.6,7.5,8.8,8.5,10.0,Não atendido,8.3,8.0,10.0,Não,Sim,Fase 5 (1º EM),0,Destaque: A sua boa entrega das lições de casa.,Destaque: As suas boas notas na Passos Mágicos.,Destaque: A sua boa integração aos Princípios Passos Mágicos.,2022,,,,Completo,5.0
RA-88,5,K,Aluno-88,2005.0,17.0,Menino,2021,Escola Pública,7.498,Ametista,312.0,21.0,4.0,4.0,7.1,9.2,5.6,6.5,9.208,5.0,Sem limitações,6.8,6.2,6.4,Sim,Sim,Fase 7 (3º EM),-2,Destaque: A sua boa entrega das lições de casa.,Melhorar: Empenhar-se mais nas aulas e avaliações.,Destaque: A sua boa integração aos Princípios Passos Mágicos.,2022,,,,Completo,5.0
RA-89,5,K,Aluno-89,2006.0,16.0,Menino,2021,Escola Pública,7.323,Ametista,383.0,24.0,5.0,4.0,9.6,7.8,7.5,5.9,8.0,5.0,Não atendido,7.5,5.7,4.7,Sim,Não,Fase 6 (2º EM),-1,Destaque: A sua boa entrega das lições de casa.,Melhorar: Empenhar-se mais nas aulas e avaliações.,Destaque: A sua boa integração aos Princípios Passos Mágicos.,2022,,,,Completo,5.0
RA-90,5,L,Aluno-90,2009.0,13.0,Menina,2019,Rede Decisão,9.442,Topázio,1.0,1.0,1.0,4.0,10.0,9.7,9.4,8.5,9.75,10.0,Sem limitações,7.7,8.0,9.8,Não,Sim,Fase 3 (7º e 8º ano),2,Destaque: A sua boa entrega das lições de casa.,Destaque: As suas boas notas na Passos Mágicos.,Destaque: A sua boa integração aos Princípios Passos Mágicos.,2022,,,,Completo,5.0
RA-91,5,L,Aluno-91,2006.0,16.0,Menina,2016,Rede Decisão,6.645,Ágata,608.0,36.0,8.0,4.0,9.2,5.7,5.6,6.6,7.125,5.0,Requer avaliação,5.5,5.7,8.5,Não,Não,Fase 6 (2º EM),-1,Melhorar: Melhorar a sua entrega de lições de casa.,Melhorar: Empenhar-se mais nas aulas e avaliações.,Melhorar: Integrar-se mais aos Princípios Passos Mágicos.,2022,,,,Completo,5.0
RA-92,5,L,Aluno-92,2006.0,16.0,Menina,2016,Rede Decisão,6.957,Ágata,501.0,30.0,7.0,4.0,9.2,7.1,5.0,7.4,6.667,5.0,Requer avaliação,7.8,5.5,8.8,Não,Não,Fase 6 (2º EM),-1,Melhorar: Melhorar a sua entrega de lições de casa.,Melhorar: Empenhar-se mais nas aulas e avaliações.,Melhorar: Integrar-se mais aos Princípios Passos Mágicos.,2022,,,,Completo,5.0
RA-93,5,L,Aluno-93,2007.0,15.0,Menina,2016,Rede Decisão,8.941,Topázio,6.0,4.0,3.0,4.0,8.3,9.7,8.1,8.5,9.083,10.0,Sem limitações,8.8,8.3,8.4,Não,Sim,Fase 5 (1º EM),0,Destaque: A sua boa entrega das lições de casa.,Destaque: As suas boas notas na Passos Mágicos.,Destaque: A sua boa integração aos Princípios Passos Mágicos.,2022,,,,Completo,5.0
RA-94,5,L,Aluno-94,2007.0,15.0,Menina,2018,Rede Decisão,8.921,Topázio,7.0,5.0,4.0,4.0,8.3,9.6,8.1,7.7,9.583,10.0,Sem limitações,7.0,6.7,9.5,Não,Sim,Fase 5 (1º EM),0,Destaque: A sua boa entrega das lições de casa.,Destaque: As suas boas notas na Passos Mágicos.,Destaque: A sua boa integração aos Princípios Passos Mágicos.,2022,,,,Completo,5.0
RA-95,5,L,Aluno-95,2005.0,17.0,Menina,2022,Escola Pública,6.308,Ágata,685.0,41.0,9.0,4.0,8.3,6.6,7.5,4.8,6.292,5.0,Sem limitações,6.0,8.0,0.5,Não,Não,Fase 7 (3º EM),-2,Melhorar: Melhorar a sua entrega de lições de casa.,Melhorar: Empenhar-se mais nas aulas e avaliações.,Melhorar: Integrar-se mais aos Princípios Passos Mágicos.,2022,,,,Completo,5.0
RA-96,5,L,Aluno-96,2006.0,16.0,Menino,2021,Escola Pública,7.54,Ametista,295.0,19.0,5.0,4.0,9.2,7.8,6.9,6.7,8.5,5.0,Sem limitações,5.7,6.5,8.0,Sim,Sim,Fase 6 (2º EM),-1,Destaque: A sua boa entrega das lições de casa.,Melhorar: Empenhar-se mais nas aulas e avaliações.,Destaque: A sua boa integração aos Princípios Passos Mágicos.,2022,,,,Completo,5.0
RA-97,5,L,Aluno-97,2007.0,15.0,Menina,2017,Rede Decisão,7.468,Ametista,328.0,22.0,6.0,4.0,7.5,8.8,5.0,6.9,6.292,10.0,Não indicado,5.3,6.7,8.8,Não,Não,Fase 5 (1º EM),0,Destaque: A sua boa entrega das lições de casa.,Melhorar: Empenhar-se mais nas aulas e avaliações.,Melhorar: Integrar-se mais aos Princípios Passos Mágicos.,2022,,,,Completo,5.0
RA-98,5,L,Aluno-98,2007.0,15.0,Menina,2017,Rede Decisão,9.354,Topázio,2.0,2.0,2.0,4.0,8.8,10.0,9.4,8.5,9.667,10.0,Sem limitações,8.4,8.2,8.9,Não,Sim,Fase 5 (1º EM),0,Destaque: A sua boa entrega das lições de casa.,Destaque: As suas boas notas na Passos Mágicos.,Destaque: A sua boa integração aos Princípios Passos Mágicos.,2022,,,,Completo,5.0
RA-99,5,L,Aluno-99,2006.0,16.0,Menino,2019,Escola Pública,6.158,Ágata,701.0,44.0,10.0,4.0,8.8,6.3,7.5,5.0,5.833,5.0,Não atendido,5.7,3.4,5.8,Não,Não,Fase 6 (2º EM),-1,Melhorar: Melhorar a sua entrega de lições de casa.,Melhorar: Empenhar-se mais nas aulas e avaliações.,Melhorar: Integrar-se mais aos Princípios Passos Mágicos.,2022,,,,Completo,5.0
RA-100,4,A,Aluno-100,2009.0,13.0,Menina,2019,Rede Decisão,7.618,Ametista,268.0,22.0,7.0,4.0,8.8,7.8,5.0,7.6,7.25,10.0,Não indicado,7.0,7.8,8.1,Não,Não,Fase 3 (7º e 8º ano),1,Destaque: A sua boa entrega das lições de casa.,Destaque: As suas boas notas na Passos Mágicos.,Melhorar: Integrar-se mais aos Princípios Passos Mágicos.,2022,,,,Completo,4.0
RA-101,4,A,Aluno-101,2007.0,15.0,Menina,2021,Escola Pública,7.305,Ametista,387.0,31.0,8.0,4.0,7.9,8.3,7.5,7.6,6.833,5.0,Não atendido,7.2,6.5,9.2,Sim,Não,Fase 5 (1º EM),-1,Destaque: A sua boa entrega das lições de casa.,Destaque: As suas boas notas na Passos Mágicos.,Melhorar: Integrar-se mais aos Princípios Passos Mágicos.,2022,,,,Completo,4.0
RA-102,4,A,Aluno-102,2008.0,14.0,Menino,2019,Escola Pública,6.922,Ágata,519.0,43.0,9.0,4.0,6.7,7.7,6.9,5.7,6.0,10.0,Requer avaliação,4.7,6.8,5.5,Não,Não,Fase 4 (9º ano),0,Destaque: A sua boa entrega das lições de casa.,Melhorar: Empenhar-se mais nas aulas e avaliações.,Melhorar: Integrar-se mais aos Princípios Passos Mágicos.,2022,,,,Completo,4.0
RA-103,4,A,Aluno-103,2009.0,13.0,Menina,2020,Rede Decisão,8.107,Topázio,114.0,11.0,4.0,4.0,7.9,8.7,7.5,7.3,7.708,10.0,Não atendido,7.3,7.3,7.3,Não,Não,Fase 3 (7º e 8º ano),1,Destaque: A sua boa entrega das lições de casa.,Melhorar: Empenhar-se mais nas aulas e avaliações.,Destaque: A sua boa integração aos Princípios Passos Mágicos.,2022,,,,Completo,4.0
RA-104,4,A,Aluno-104,2004.0,18.0,Menino,2022,Escola Pública,6.315,Ágata,681.0,61.0,11.0,4.0,7.9,8.7,7.5,3.7,6.708,2.5,Não atendido,4.8,5.8,0.3,Não,Não,Fase 8 (Universitários),-4,Destaque: A sua boa entrega das lições de casa.,Melhorar: Empenhar-se mais nas aulas e avaliações.,Melhorar: Integrar-se mais aos Princípios Passos Mágicos.,2022,,,,Completo,4.0
RA-105,4,A,Aluno-105,2005.0,17.0,Menino,2016,Rede Decisão,6.846,Ágata,542.0,47.0,10.0,4.0,7.9,8.2,5.6,6.7,7.417,2.5,Requer avaliação,7.2,6.2,6.8,Não,Não,Fase 7 (3º EM),-3,Destaque: A sua boa entrega das lições de casa.,Melhorar: Empenhar-se mais nas aulas e avaliações.,Melhorar: Integrar-se mais aos Princípios Passos Mágicos.,2022,,,,Completo,4.0
RA-106,4,A,Aluno-106,2007.0,15.0,Menina,2016,Rede Decisão,7.973,Ametista,148.0,13.0,5.0,4.0,9.2,8.0,9.4,7.4,8.375,5.0,Sem limitações,7.8,7.2,7.2,Não,Sim,Fase 5 (1º EM),-1,Destaque: A sua boa entrega das lições de casa.,Melhorar: Empenhar-se mais nas aulas e avaliações.,Destaque: A sua boa integração aos Princípios Passos Mágicos.,2022,,,,Completo,4.0
RA-107,4,A,Aluno-107,2007.0,15.0,Menina,2018,Escola Pública,6.258,Ágata,693.0,63.0,12.0,4.0,7.5,6.4,7.5,4.6,6.5,5.0,Sem limitações,3.3,4.3,6.0,Sim,Não,Fase 5 (1º EM),-1,Melhorar: Melhorar a sua entrega de lições de casa.,Melhorar: Empenhar-se mais nas aulas e avaliações.,Melhorar: Integrar-se mais aos Princípios Passos Mágicos.,2022,,,,Completo,4.0
RA-108,4,A,Aluno-108,2005.0,17.0,Menina,2019,Escola Pública,5.547,Quartzo,784.0,72.0,15.0,4.0,4.6,7.7,5.0,5.0,6.125,2.5,Não indicado,3.0,5.8,6.2,Não,Não,Fase 7 (3º EM),-3,Destaque: A sua boa entrega das lições de casa.,Melhorar: Empenhar-se mais nas aulas e avaliações.,Melhorar: Integrar-se mais aos Princípios Passos Mágicos.,2022,,,,Completo,4.0
RA-109,4,A,Aluno-109,2006.0,16.0,Menino,2021,Rede Decisão,8.512,Topázio,33.0,4.0,2.0,4.0,8.8,10.0,8.8,8.4,8.667,5.0,Sem limitações,7.8,7.5,9.9,Não,Sim,Fase 6 (2º EM),-2,Destaque: A sua boa entrega das lições de casa.,Destaque: As suas boas notas na Passos Mágicos.,Destaque: A sua boa integração aos Princípios Passos Mágicos.,2022,,,,Completo,4.0
RA-110,4,A,Aluno-110,2008.0,14.0,Menino,2017,Rede Decisão,8.15,Topázio,100.0,10.0,3.0,4.0,9.2,9.7,5.6,6.7,8.0,10.0,Requer avaliação,8.3,5.7,6.0,Não,Não,Fase 4 (9º ano),0,Destaque: A sua boa entrega das lições de casa.,Melhorar: Empenhar-se mais nas aulas e avaliações.,Destaque: A sua boa integração aos Princípios Passos Mágicos.,2022,,,,Completo,4.0
RA-111,4,A,Aluno-111,2009.0,13.0,Menina,2020,Rede Decisão,8.646,Topázio,22.0,2.0,1.0,4.0,7.5,9.4,8.1,8.0,8.667,10.0,Sem limitações,6.7,7.5,9.7,Não,Sim,Fase 3 (7º e 8º ano),1,Destaque: A sua boa entrega das lições de casa.,Destaque: As suas boas notas na Passos Mágicos.,Destaque: A sua boa integração aos Princípios Passos Mágicos.,2022,,,,Completo,4.0
RA-112,4,A,Aluno-112,2007.0,15.0,Menina,2016,Rede Decisão,7.836,Ametista,189.0,17.0,6.0,4.0,7.9,7.8,6.3,8.5,8.833,5.0,Sem limitações,9.0,7.5,9.1,Não,Sim,Fase 5 (1º EM),-1,Destaque: A sua boa entrega das lições de casa.,Destaque: As suas boas notas na Passos Mágicos.,Destaque: A sua boa integração aos Princípios Passos Mágicos.,2022,,,,Completo,4.0
RA-113,4,A,Aluno-113,2007.0,15.0,Menina,2017,Rede Decisão,3.032,Quartzo,862.0,76.0,16.0,4.0,0.0,0.0,5.0,3.7,3.792,5.0,Não indicado,3.3,5.5,2.3,Não,Não,Fase 5 (1º EM),-1,Melhorar: Melhorar a sua entrega de lições de casa.,Melhorar: Empenhar-se mais nas aulas e avaliações.,Melhorar: Integrar-se mais aos Princípios Passos Mágicos.,2022,,,,Completo,4.0
RA-114,4,A,Aluno-114,2006.0,16.0,Menino,2022,Escola Pública,5.894,Quartzo,738.0,66.0,13.0,4.0,7.9,6.3,7.5,5.3,5.0,5.0,Sem limitações,6.0,4.5,,Não,Não,Fase 6 (2º EM),-2,Melhorar: Melhorar a sua entrega de lições de casa.,Melhorar: Empenhar-se mais nas aulas e avaliações.,Melhorar: Integrar-se mais aos Princípios Passos Mágicos.,2022,,,,Completo,4.0
RA-115,4,A,Aluno-115,2006.0,16.0,Menina,2019,Escola Pública,5.886,Quartzo,740.0,67.0,14.0,4.0,8.3,6.8,6.3,3.8,5.583,5.0,Requer avaliação,3.0,5.7,2.7,Não,Não,Fase 6 (2º EM),-2,Melhorar: Melhorar a sua entrega de lições de casa.,Melhorar: Empenhar-se mais nas aulas e avaliações.,Melhorar: Integrar-se mais aos Princípios Passos Mágicos.,2022,,,,Completo,4.0
RA-116,4,B,Aluno-116,2006.0,16.0,Menina,2019,Escola Pública,6.854,Ágata,538.0,46.0,8.0,4.0,5.8,8.1,6.3,5.9,7.792,5.0,Sem limitações,5.0,7.2,5.5,Sim,Não,Fase 6 (2º EM),-2,Destaque: A sua boa entrega das lições de casa.,Melhorar: Empenhar-se mais nas aulas e avaliações.,Destaque: A sua boa integração aos Princípios Passos Mágicos.,2022,,,,Completo,4.0
RA-117,4,B,Aluno-117,2007.0,15.0,Menina,2022,Escola Pública,6.685,Ágata,593.0,55.0,10.0,4.0,7.9,6.3,6.9,6.1,7.417,5.0,Requer avaliação,4.7,6.7,7.0,Não,Não,Fase 5 (1º EM),-1,Melhorar: Melhorar a sua entrega de lições de casa.,Melhorar: Empenhar-se mais nas aulas e avaliações.,Melhorar: Integrar-se mais aos Princípios Passos Mágicos.,2022,,,,Completo,4.0
RA-118,4,B,Aluno-118,2008.0,14.0,Menina,2021,Escola Pública,5.597,Quartzo,775.0,70.0,12.0,4.0,0.0,5.3,6.3,3.9,6.958,10.0,Sem limitações,3.7,4.7,3.5,Não,Não,Fase 4 (9º ano),0,Melhorar: Melhorar a sua entrega de lições de casa.,Melhorar: Empenhar-se mais nas aulas e avaliações.,Melhorar: Integrar-se mais aos Princípios Passos Mágicos.,2022,,,,Completo,4.0
RA-119,4,B,Aluno-119,2008.0,14.0,Menina,2016,Rede Decisão,7.501,Ametista,311.0,26.0,3.0,4.0,8.3,8.2,5.6,5.4,7.875,10.0,Requer avaliação,5.7,7.0,3.4,Não,Não,Fase 4 (9º ano),0,Destaque: A sua boa entrega das lições de casa.,Melhorar: Empenhar-se mais nas aulas e avaliações.,Destaque: A sua boa integração aos Princípios Passos Mágicos.,2022,,,,Completo,4.0
RA-120,4,B,Aluno-120,2007.0,15.0,Menino,2019,Escola Pública,6.825,Ágata,547.0,48.0,9.0,4.0,8.3,5.9,7.5,6.2,7.667,5.0,Não atendido,3.7,5.2,9.7,Sim,Não,Fase 5 (1º EM),-1,Melhorar: Melhorar a sua entrega de lições de casa.,Melhorar: Empenhar-se mais nas aulas e avaliações.,Destaque: A sua boa integração aos Princípios Passos Mágicos.,2022,,,,Completo,4.0
RA-121,4,B,Aluno-121,2006.0,16.0,Menina,2021,Escola Pública,7.245,Ametista,413.0,33.0,5.0,4.0,7.1,8.4,6.3,7.2,7.625,5.0,Sem limitações,5.7,6.8,9.0,Sim,Não,Fase 6 (2º EM),-2,Destaque: A sua boa entrega das lições de casa.,Melhorar: Empenhar-se mais nas aulas e avaliações.,Destaque: A sua boa integração aos Princípios Passos Mágicos.,2022,,,,Completo,4.0
RA-122,4,B,Aluno-122,2008.0,14.0,Menina,2019,Escola Pública,5.061,Quartzo,818.0,74.0,14.0,4.0,7.9,3.4,7.5,1.8,4.958,10.0,Não atendido,1.7,3.7,0.0,Não,Não,Fase 4 (9º ano),0,Melhorar: Melhorar a sua entrega de lições de casa.,Melhorar: Empenhar-se mais nas aulas e avaliações.,Melhorar: Integrar-se mais aos Princípios Passos Mágicos.,2022,,,,Completo,4.0
RA-123,4,B,Aluno-123,2006.0,16.0,Menino,2017,Rede Decisão,7.084,Ametista,461.0,37.0,6.0,4.0,7.9,8.6,5.6,6.5,7.292,5.0,Requer avaliação,7.3,6.3,5.9,Não,Não,Fase 6 (2º EM),-2,Destaque: A sua boa entrega das lições de casa.,Melhorar: Empenhar-se mais nas aulas e avaliações.,Melhorar: Integrar-se mais aos Princípios Passos Mágicos.,2022,,,,Completo,4.0
RA-124,4,B,Aluno-124,2008.0,14.0,Menino,2016,Rede Decisão,7.388,Ametista,365.0,29.0,4.0,4.0,7.9,7.8,5.0,6.7,7.167,10.0,Requer avaliação,5.7,7.0,7.5,Não,Não,Fase 4 (9º ano),0,Destaque: A sua boa entrega das lições de casa.,Melhorar: Empenhar-se mais nas aulas e avaliações.,Melhorar: Integrar-se mais aos Princípios Passos Mágicos.,2022,,,,Completo,4.0
RA-125,4,B,Aluno-125,2007.0,15.0,Menina,2022,Escola Pública,7.619,Ametista,266.0,21.0,2.0,4.0,8.8,8.5,7.5,7.1,7.75,5.0,Não atendido,5.0,7.2,9.2,Sim,Não,Fase 5 (1º EM),-1,Destaque: A sua boa entrega das lições de casa.,Melhorar: Empenhar-se mais nas aulas e avaliações.,Destaque: A sua boa integração aos Princípios Passos Mágicos.,2022,,,,Completo,4.0
RA-126,4,B,Aluno-126,2007.0,15.0,Menino,2018,Escola Pública,6.289,Ágata,689.0,62.0,11.0,4.0,7.1,5.8,7.5,4.4,7.417,5.0,Não atendido,4.0,5.0,4.2,Sim,Não,Fase 5 (1º EM),-1,Melhorar: Melhorar a sua entrega de lições de casa.,Melhorar: Empenhar-se mais nas aulas e avaliações.,Melhorar: Integrar-se mais aos Princípios Passos Mágicos.,2022,,,,Completo,4.0
RA-127,4,B,Aluno-127,2008.0,14.0,Menina,2022,Escola Pública,8.283,Topázio,63.0,7.0,1.0,4.0,7.5,8.7,7.5,7.9,8.125,10.0,Não atendido,7.7,7.7,8.3,Sim,Não,Fase 4 (9º ano),0,Destaque: A sua boa entrega das lições de casa.,Destaque: As suas boas notas na Passos Mágicos.,Destaque: A sua boa integração aos Princípios Passos Mágicos.,2022,,,,Completo,4.0
RA-128,4,B,Aluno-128,2007.0,15.0,Menino,2019,Escola Pública,5.563,Quartzo,778.0,71.0,13.0,4.0,0.0,6.2,7.5,5.6,6.167,5.0,Não atendido,6.7,6.8,3.2,Sim,Não,Fase 5 (1º EM),-1,Melhorar: Melhorar a sua entrega de lições de casa.,Melhorar: Empenhar-se mais nas aulas e avaliações.,Melhorar: Integrar-se mais aos Princípios Passos Mágicos.,2022,,,,Completo,4.0
RA-129,4,B,Aluno-129,2007.0,15.0,Menino,2019,Escola Pública,6.926,Ágata,516.0,42.0,7.0,4.0,6.7,6.4,7.5,6.7,7.792,5.0,Não atendido,6.0,5.3,8.7,Sim,Não,Fase 5 (1º EM),-1,Melhorar: Melhorar a sua entrega de lições de casa.,Melhorar: Empenhar-se mais nas aulas e avaliações.,Destaque: A sua boa integração aos Princípios Passos Mágicos.,2022,,,,Completo,4.0
RA-130,4,F,Aluno-130,2006.0,16.0,Menina,2018,Escola Pública,5.624,Quartzo,772.0,69.0,14.0,4.0,8.3,4.7,5.0,4.1,6.5,5.0,Requer avaliação,3.7,5.2,3.5,Não,Não,Fase 6 (2º EM),-2,Melhorar: Melhorar a sua entrega de lições de casa.,Melhorar: Empenhar-se mais nas aulas e avaliações.,Melhorar: Integrar-se mais aos Princípios Passos Mágicos.,2022,,,,Completo,4.0
RA-131,4,F,Aluno-131,2007.0,15.0,Menina,2016,Escola Pública,7.174,Ametista,440.0,35.0,7.0,4.0,8.8,9.0,5.6,5.6,7.75,5.0,Sem limitações,6.0,6.5,4.2,Sim,Não,Fase 5 (1º EM),-1,Destaque: A sua boa entrega das lições de casa.,Melhorar: Empenhar-se mais nas aulas e avaliações.,Destaque: A sua boa integração aos Princípios Passos Mágicos.,2022,,,,Completo,4.0
RA-132,4,F,Aluno-132,2008.0,14.0,Menina,2019,Rede Decisão,8.355,Topázio,53.0,5.0,2.0,4.0,10.0,8.8,5.6,7.7,8.458,10.0,Sem limitações,6.5,7.5,9.1,Não,Sim,Fase 4 (9º ano),0,Destaque: A sua boa entrega das lições de casa.,Destaque: As suas boas notas na Passos Mágicos.,Destaque: A sua boa integração aos Princípios Passos Mágicos.,2022,,,,Completo,4.0
RA-133,4,F,Aluno-133,2007.0,15.0,Menina,2016,Escola Pública,6.875,Ágata,530.0,45.0,10.0,4.0,7.9,7.1,7.5,5.6,7.625,5.0,Não atendido,4.7,7.2,5.0,Não,Não,Fase 5 (1º EM),-1,Melhorar: Melhorar a sua entrega de lições de casa.,Melhorar: Empenhar-se mais nas aulas e avaliações.,Destaque: A sua boa integração aos Princípios Passos Mágicos.,2022,,,,Completo,4.0
RA-134,4,F,Aluno-134,2007.0,15.0,Menina,2021,Escola Pública,6.607,Ágata,623.0,56.0,12.0,4.0,8.8,6.8,7.5,4.7,7.375,5.0,Não atendido,4.7,6.8,2.5,Sim,Não,Fase 5 (1º EM),-1,Melhorar: Melhorar a sua entrega de lições de casa.,Melhorar: Empenhar-se mais nas aulas e avaliações.,Melhorar: Integrar-se mais aos Princípios Passos Mágicos.,2022,,,,Completo,4.0
RA-135,4,F,Aluno-135,2007.0,15.0,Menina,2019,Escola Pública,7.692,Ametista,237.0,20.0,4.0,4.0,8.3,7.8,5.6,8.6,8.583,5.0,Sem limitações,8.0,8.2,9.5,Sim,Sim,Fase 5 (1º EM),-1,Destaque: A sua boa entrega das lições de casa.,Destaque: As suas boas notas na Passos Mágicos.,Destaque: A sua boa integração aos Princípios Passos Mágicos.,2022,,,,Completo,4.0
RA-136,4,F,Aluno-136,2007.0,15.0,Menino,2019,Escola Pública,6.478,Ágata,646.0,59.0,13.0,4.0,10.0,6.3,7.5,4.6,6.667,5.0,Não atendido,5.3,5.7,2.8,Não,Não,Fase 5 (1º EM),-1,Melhorar: Melhorar a sua entrega de lições de casa.,Melhorar: Empenhar-se mais nas aulas e avaliações.,Melhorar: Integrar-se mais aos Princípios Passos Mágicos.,2022,,,,Completo,4.0
RA-137,4,F,Aluno-137,2005.0,17.0,Menina,2016,Rede Decisão,7.056,Ametista,468.0,38.0,9.0,4.0,7.5,8.9,5.0,7.3,7.792,2.5,Requer avaliação,6.0,7.3,8.5,Não,Não,Fase 7 (3º EM),-3,Destaque: A sua boa entrega das lições de casa.,Melhorar: Empenhar-se mais nas aulas e avaliações.,Destaque: A sua boa integração aos Princípios Passos Mágicos.,2022,,,,Completo,4.0
RA-138,4,F,Aluno-138,2007.0,15.0,Menino,2016,Escola Pública,6.738,Ágata,573.0,53.0,11.0,4.0,9.6,8.0,5.6,5.6,6.375,5.0,Requer avaliação,5.0,6.5,5.2,Sim,Não,Fase 5 (1º EM),-1,Destaque: A sua boa entrega das lições de casa.,Melhorar: Empenhar-se mais nas aulas e avaliações.,Melhorar: Integrar-se mais aos Princípios Passos Mágicos.,2022,,,,Completo,4.0
RA-139,4,F,Aluno-139,2005.0,17.0,Menino,2019,Escola Pública,3.738,Quartzo,858.0,75.0,15.0,4.0,7.1,3.5,5.0,1.4,3.917,2.5,Requer avaliação,1.7,2.7,0.0,Não,Não,Fase 7 (3º EM),-3,Melhorar: Melhorar a sua entrega de lições de casa.,Melhorar: Empenhar-se mais nas aulas e avaliações.,Melhorar: Integrar-se mais aos Princípios Passos Mágicos.,2022,,,,Completo,4.0
RA-140,4,F,Aluno-140,2008.0,14.0,Menina,2021,Escola Pública,7.407,Ametista,358.0,28.0,6.0,4.0,7.9,7.6,6.9,5.7,7.667,10.0,Não atendido,5.0,6.5,5.6,Sim,Não,Fase 4 (9º ano),0,Destaque: A sua boa entrega das lições de casa.,Melhorar: Empenhar-se mais nas aulas e avaliações.,Destaque: A sua boa integração aos Princípios Passos Mágicos.,2022,,,,Completo,4.0
RA-141,4,F,Aluno-141,2008.0,14.0,Menino,2017,Escola Pública,7.118,Ametista,450.0,36.0,8.0,4.0,9.2,8.2,5.6,5.7,5.917,10.0,Requer avaliação,5.8,6.2,5.0,Não,Não,Fase 4 (9º ano),0,Destaque: A sua boa entrega das lições de casa.,Melhorar: Empenhar-se mais nas aulas e avaliações.,Melhorar: Integrar-se mais aos Princípios Passos Mágicos.,2022,,,,Completo,4.0
RA-142,4,F,Aluno-142,2008.0,14.0,Menina,2021,Escola Pública,7.457,Ametista,332.0,27.0,5.0,4.0,6.7,8.6,5.6,6.3,7.583,10.0,Requer avaliação,6.0,6.8,6.0,Não,Não,Fase 4 (9º ano),0,Destaque: A sua boa entrega das lições de casa.,Melhorar: Empenhar-se mais nas aulas e avaliações.,Destaque: A sua boa integração aos Princípios Passos Mágicos.,2022,,,,Completo,4.0
RA-143,4,F,Aluno-143,2009.0,13.0,Menino,2019,Rede Decisão,8.638,Topázio,24.0,3.0,1.0,4.0,8.3,9.9,5.6,7.9,9.5,10.0,Sem limitações,9.7,7.7,6.4,Não,Sim,Fase 3 (7º e 8º ano),1,Destaque: A sua boa entrega das lições de casa.,Destaque: As suas boas notas na Passos Mágicos.,Destaque: A sua boa integração aos Princípios Passos Mágicos.,2022,,,,Completo,4.0
RA-144,4,F,Aluno-144,2008.0,14.0,Menina,2017,Rede Decisão,8.181,Topázio,89.0,9.0,3.0,4.0,7.5,9.3,5.0,7.9,8.292,10.0,Requer avaliação,7.5,7.2,9.0,Não,Não,Fase 4 (9º ano),0,Destaque: A sua boa entrega das lições de casa.,Destaque: As suas boas notas na Passos Mágicos.,Destaque: A sua boa integração aos Princípios Passos Mágicos.,2022,,,,Completo,4.0
RA-145,4,H,Aluno-145,2006.0,16.0,Menino,2017,Escola Pública,5.846,Quartzo,746.0,68.0,7.0,4.0,0.0,6.3,8.1,5.2,7.25,5.0,Sem limitações,3.0,4.8,7.8,Sim,Não,Fase 6 (2º EM),-2,Melhorar: Melhorar a sua entrega de lições de casa.,Melhorar: Empenhar-se mais nas aulas e avaliações.,Melhorar: Integrar-se mais aos Princípios Passos Mágicos.,2022,,,,Completo,4.0
RA-146,4,H,Aluno-146,2007.0,15.0,Menina,2022,Escola Pública,7.947,Ametista,156.0,15.0,1.0,4.0,8.3,9.2,7.5,7.9,8.208,5.0,Não atendido,6.3,7.3,10.0,Sim,Não,Fase 5 (1º EM),-1,Destaque: A sua boa entrega das lições de casa.,Destaque: As suas boas notas na Passos Mágicos.,Destaque: A sua boa integração aos Princípios Passos Mágicos.,2022,,,,Completo,4.0
RA-147,4,H,Aluno-147,2008.0,14.0,Menina,2022,Escola Pública,7.541,Ametista,293.0,24.0,4.0,4.0,8.3,7.7,7.5,6.1,7.25,10.0,Não atendido,5.8,4.8,7.7,Não,Não,Fase 4 (9º ano),0,Destaque: A sua boa entrega das lições de casa.,Melhorar: Empenhar-se mais nas aulas e avaliações.,Melhorar: Integrar-se mais aos Princípios Passos Mágicos.,2022,,,,Completo,4.0
RA-148,4,H,Aluno-148,2008.0,14.0,Menino,2022,Escola Pública,7.894,Ametista,172.0,16.0,2.0,4.0,9.2,7.9,10.0,5.3,7.708,10.0,Sem limitações,4.7,6.3,5.0,Sim,Não,Fase 4 (9º ano),0,Destaque: A sua boa entrega das lições de casa.,Melhorar: Empenhar-se mais nas aulas e avaliações.,Destaque: A sua boa integração aos Princípios Passos Mágicos.,2022,,,,Completo,4.0
RA-149,4,H,Aluno-149,2007.0,15.0,Menina,2022,Escola Pública,6.323,Ágata,679.0,60.0,6.0,4.0,9.2,6.5,7.5,5.0,6.125,5.0,Não atendido,4.0,6.0,,Não,Não,Fase 5 (1º EM),-1,Melhorar: Melhorar a sua entrega de lições de casa.,Melhorar: Empenhar-se mais nas aulas e avaliações.,Melhorar: Integrar-se mais aos Princípios Passos Mágicos.,2022,,,,Completo,4.0
RA-150,4,H,Aluno-150,2006.0,16.0,Menina,2020,Escola Pública,6.962,Ágata,498.0,41.0,5.0,4.0,9.6,6.3,6.9,6.9,7.333,5.0,Sem limitações,5.3,6.7,8.6,Sim,Não,Fase 6 (2º EM),-2,Melhorar: Melhorar a sua entrega de lições de casa.,Melhorar: Empenhar-se mais nas aulas e avaliações.,Melhorar: Integrar-se mais aos Princípios Passos Mágicos.,2022,,,,Completo,4.0
RA-151,4,H,Aluno-151,2006.0,16.0,Menina,2020,Escola Pública,7.563,Ametista,289.0,23.0,3.0,4.0,8.8,7.5,6.9,8.3,7.958,5.0,Sem limitações,7.3,8.0,9.5,Sim,Não,Fase 6 (2º EM),-2,Destaque: A sua boa entrega das lições de casa.,Destaque: As suas boas notas na Passos Mágicos.,Destaque: A sua boa integração aos Princípios Passos Mágicos.,2022,,,,Completo,4.0
RA-152,4,L,Aluno-152,2006.0,16.0,Menina,2022,Escola Pública,6.712,Ágata,586.0,54.0,13.0,4.0,8.3,7.0,7.5,6.5,6.292,5.0,Não atendido,4.0,7.0,8.5,Não,Não,Fase 6 (2º EM),-2,Melhorar: Melhorar a sua entrega de lições de casa.,Melhorar: Empenhar-se mais nas aulas e avaliações.,Melhorar: Integrar-se mais aos Princípios Passos Mágicos.,2022,,,,Completo,4.0
RA-153,4,L,Aluno-153,2008.0,14.0,Menina,2018,Rede Decisão,7.535,Ametista,297.0,25.0,5.0,4.0,7.9,8.2,5.0,6.6,7.708,10.0,Requer avaliação,3.3,7.7,8.8,Não,Não,Fase 4 (9º ano),0,Destaque: A sua boa entrega das lições de casa.,Melhorar: Empenhar-se mais nas aulas e avaliações.,Destaque: A sua boa integração aos Princípios Passos Mágicos.,2022,,,,Completo,4.0
RA-154,4,L,Aluno-154,2007.0,15.0,Menino,2017,Escola Pública,6.073,Ágata,714.0,65.0,15.0,4.0,8.3,6.1,6.3,4.0,6.833,5.0,Sem limitações,3.7,6.2,2.1,Sim,Não,Fase 5 (1º EM),-1,Melhorar: Melhorar a sua entrega de lições de casa.,Melhorar: Empenhar-se mais nas aulas e avaliações.,Melhorar: Integrar-se mais aos Princípios Passos Mágicos.,2022,,,,Completo,4.0
RA-155,4,L,Aluno-155,2006.0,16.0,Menino,2022,Escola Pública,7.051,Ametista,470.0,39.0,9.0,4.0,10.0,8.3,7.5,5.2,6.833,5.0,Não atendido,4.3,6.8,4.3,Sim,Não,Fase 6 (2º EM),-2,Destaque: A sua boa entrega das lições de casa.,Melhorar: Empenhar-se mais nas aulas e avaliações.,Melhorar: Integrar-se mais aos Princípios Passos Mágicos.,2022,,,,Completo,4.0
RA-156,4,L,Aluno-156,2007.0,15.0,Menino,2018,Escola Pública,7.357,Ametista,376.0,30.0,6.0,4.0,10.0,8.3,9.4,4.4,7.792,5.0,Sem limitações,4.7,6.5,2.1,Sim,Não,Fase 5 (1º EM),-1,Destaque: A sua boa entrega das lições de casa.,Melhorar: Empenhar-se mais nas aulas e avaliações.,Destaque: A sua boa integração aos Princípios Passos Mágicos.,2022,,,,Completo,4.0
RA-157,4,L,Aluno-157,2010.0,12.0,Menina,2018,Rede Decisão,8.317,Topázio,59.0,6.0,1.0,4.0,7.5,10.0,6.3,7.7,8.292,10.0,Requer avaliação,7.0,7.5,8.7,Não,Não,Fase 3 (7º e 8º ano),1,Destaque: A sua boa entrega das lições de casa.,Destaque: As suas boas notas na Passos Mágicos.,Destaque: A sua boa integração aos Princípios Passos Mágicos.,2022,,,,Completo,4.0
RA-158,4,L,Aluno-158,2005.0,17.0,Menina,2017,Rede Decisão,7.302,Ametista,392.0,32.0,7.0,4.0,7.9,9.8,5.6,6.6,8.125,2.5,Requer avaliação,5.0,6.7,8.1,Não,Não,Fase 7 (3º EM),-3,Destaque: A sua boa entrega das lições de casa.,Melhorar: Empenhar-se mais nas aulas e avaliações.,Destaque: A sua boa integração aos Princípios Passos Mágicos.,2022,,,,Completo,4.0
RA-159,4,L,Aluno-159,2007.0,15.0,Menina,2021,Escola Pública,6.49,Ágata,644.0,58.0,14.0,4.0,8.3,8.1,5.6,4.7,6.458,5.0,Requer avaliação,4.3,5.8,3.9,Não,Não,Fase 5 (1º EM),-1,Destaque: A sua boa entrega das lições de casa.,Melhorar: Empenhar-se mais nas aulas e avaliações.,Melhorar: Integrar-se mais aos Princípios Passos Mágicos.,2022,,,,Completo,4.0
RA-160,4,L,Aluno-160,2007.0,15.0,Menina,2021,Escola Pública,6.746,Ágata,568.0,52.0,12.0,4.0,7.5,7.2,5.6,5.3,8.25,5.0,Requer avaliação,2.7,6.0,7.1,Sim,Não,Fase 5 (1º EM),-1,Melhorar: Melhorar a sua entrega de lições de casa.,Melhorar: Empenhar-se mais nas aulas e avaliações.,Destaque: A sua boa integração aos Princípios Passos Mágicos.,2022,,,,Completo,4.0
RA-161,4,L,Aluno-161,2011.0,11.0,Menina,2018,Rede Decisão,7.957,Ametista,153.0,14.0,4.0,4.0,7.9,9.1,5.6,6.9,8.083,10.0,Requer avaliação,5.3,6.8,8.5,Não,Não,Fase 2 (5º e 6º ano),2,Destaque: A sua boa entrega das lições de casa.,Melhorar: Empenhar-se mais nas aulas e avaliações.,Destaque: A sua boa integração aos Princípios Passos Mágicos.,2022,,,,Completo,4.0
RA-162,4,L,Aluno-162,2008.0,14.0,Menina,2021,Escola Pública,7.215,Ametista,423.0,34.0,8.0,4.0,6.7,8.5,7.5,5.5,6.542,10.0,Requer avaliação,4.7,5.5,6.4,Não,Não,Fase 4 (9º ano),0,Destaque: A sua boa entrega das lições de casa.,Melhorar: Empenhar-se mais nas aulas e avaliações.,Melhorar: Integrar-se mais aos Princípios Passos Mágicos.,2022,,,,Completo,4.0
RA-163,4,L,Aluno-163,2007.0,15.0,Menina,2021,Escola Pública,6.797,Ágata,556.0,49.0,10.0,4.0,8.8,7.9,5.6,6.7,6.5,5.0,Requer avaliação,6.5,6.3,7.4,Não,Não,Fase 5 (1º EM),-1,Destaque: A sua boa entrega das lições de casa.,Melhorar: Empenhar-se mais nas aulas e avaliações.,Melhorar: Integrar-se mais aos Princípios Passos Mágicos.,2022,,,,Completo,4.0
RA-164,4,L,Aluno-164,2006.0,16.0,Menino,2018,Escola Pública,6.776,Ágata,562.0,50.0,11.0,4.0,8.3,7.3,5.6,6.5,7.208,5.0,Requer avaliação,4.7,6.5,8.3,Sim,Não,Fase 6 (2º EM),-2,Melhorar: Melhorar a sua entrega de lições de casa.,Melhorar: Empenhar-se mais nas aulas e avaliações.,Melhorar: Integrar-se mais aos Princípios Passos Mágicos.,2022,,,,Completo,4.0
RA-165,4,L,Aluno-165,2008.0,14.0,Menina,2017,Rede Decisão,8.063,Topázio,128.0,12.0,3.0,4.0,7.1,9.8,5.6,7.6,7.5,10.0,Sem limitações,5.3,7.8,9.7,Não,Não,Fase 4 (9º ano),0,Destaque: A sua boa entrega das lições de casa.,Destaque: As suas boas notas na Passos Mágicos.,Destaque: A sua boa integração aos Princípios Passos Mágicos.,2022,,,,Completo,4.0
RA-166,4,L,Aluno-166,2008.0,14.0,Menino,2020,Escola Pública,8.253,Topázio,73.0,8.0,2.0,4.0,9.2,9.0,6.3,8.1,7.542,10.0,Sem limitações,7.0,7.2,10.0,Sim,Não,Fase 4 (9º ano),0,Destaque: A sua boa entrega das lições de casa.,Destaque: As suas boas notas na Passos Mágicos.,Destaque: A sua boa integração aos Princípios Passos Mágicos.,2022,,,,Completo,4.0
RA-167,4,P,Aluno-167,2006.0,16.0,Menina,2018,Rede Decisão,7.798,Ametista,200.0,19.0,3.0,4.0,9.2,9.7,5.6,7.9,7.833,5.0,Requer avaliação,9.3,8.0,6.3,Não,Não,Fase 6 (2º EM),-2,Destaque: A sua boa entrega das lições de casa.,Destaque: As suas boas notas na Passos Mágicos.,Destaque: A sua boa integração aos Princípios Passos Mágicos.,2022,,,,Completo,4.0
RA-168,4,P,Aluno-168,2007.0,15.0,Menina,2018,Rede Decisão,6.917,Ágata,522.0,44.0,5.0,4.0,7.9,8.3,6.3,5.9,7.083,5.0,Sem limitações,4.7,8.2,5.0,Não,Não,Fase 5 (1º EM),-1,Destaque: A sua boa entrega das lições de casa.,Melhorar: Empenhar-se mais nas aulas e avaliações.,Melhorar: Integrar-se mais aos Princípios Passos Mágicos.,2022,,,,Completo,4.0
RA-169,4,P,Aluno-169,2007.0,15.0,Menina,2018,Escola Pública,5.159,Quartzo,814.0,73.0,9.0,4.0,7.5,5.1,6.3,3.2,4.792,5.0,Sem limitações,1.3,4.5,3.8,Não,Não,Fase 5 (1º EM),-1,Melhorar: Melhorar a sua entrega de lições de casa.,Melhorar: Empenhar-se mais nas aulas e avaliações.,Melhorar: Integrar-se mais aos Princípios Passos Mágicos.,2022,,,,Completo,4.0
RA-170,4,P,Aluno-170,2008.0,14.0,Menina,2018,Rede Decisão,7.007,Ágata,484.0,40.0,4.0,4.0,8.3,9.2,5.6,4.9,5.792,10.0,Requer avaliação,3.7,6.7,4.3,Não,Não,Fase 4 (9º ano),0,Destaque: A sua boa entrega das lições de casa.,Melhorar: Empenhar-se mais nas aulas e avaliações.,Melhorar: Integrar-se mais aos Princípios Passos Mágicos.,2022,,,,Completo,4.0
RA-171,4,P,Aluno-171,2006.0,16.0,Menino,2022,Escola Pública,6.581,Ágata,632.0,57.0,7.0,4.0,7.5,6.8,7.5,5.5,6.875,5.0,Sem limitações,3.0,8.0,,Não,Não,Fase 6 (2º EM),-2,Melhorar: Melhorar a sua entrega de lições de casa.,Melhorar: Empenhar-se mais nas aulas e avaliações.,Melhorar: Integrar-se mais aos Princípios Passos Mágicos.,2022,,,,Completo,4.0
RA-172,4,P,Aluno-172,2008.0,14.0,Menina,2018,Rede Decisão,8.673,Topázio,18.0,1.0,1.0,4.0,9.2,8.9,9.4,7.3,8.917,10.0,Sem limitações,6.0,7.7,8.1,Não,Sim,Fase 4 (9º ano),0,Destaque: A sua boa entrega das lições de casa.,Melhorar: Empenhar-se mais nas aulas e avaliações.,Destaque: A sua boa integração aos Princípios Passos Mágicos.,2022,,,,Completo,4.0
RA-173,4,P,Aluno-173,2005.0,17.0,Menino,2019,Rede Decisão,7.816,Ametista,198.0,18.0,2.0,4.0,8.3,9.2,6.9,7.9,9.25,2.5,Requer avaliação,9.0,7.5,7.1,Não,Sim,Fase 7 (3º EM),-3,Destaque: A sua boa entrega das lições de casa.,Destaque: As suas boas notas na Passos Mágicos.,Destaque: A sua boa integração aos Princípios Passos Mágicos.,2022,,,,Completo,4.0
RA-174,4,P,Aluno-174,2007.0,15.0,Menina,2019,Escola Pública,6.075,Ágata,713.0,64.0,8.0,4.0,7.9,6.2,7.5,4.4,6.042,5.0,Sem limitações,4.0,5.3,3.8,Não,Não,Fase 5 (1º EM),-1,Melhorar: Melhorar a sua entrega de lições de casa.,Melhorar: Empenhar-se mais nas aulas e avaliações.,Melhorar: Integrar-se mais aos Princípios Passos Mágicos.,2022,,,,Completo,4.0
RA-175,4,P,Aluno-175,2007.0,15.0,Menina,2018,Rede Decisão,6.75,Ágata,567.0,51.0,6.0,4.0,8.3,9.2,5.6,5.9,5.833,5.0,Requer avaliação,4.7,7.2,5.9,Não,Não,Fase 5 (1º EM),-1,Destaque: A sua boa entrega das lições de casa.,Melhorar: Empenhar-se mais nas aulas e avaliações.,Melhorar: Integrar-se mais aos Princípios Passos Mágicos.,2022,,,,Completo,4.0
RA-176,3,A,Aluno-176,2009.0,13.0,Menina,2018,Rede Decisão,8.427,Topázio,44.0,12.0,4.0,4.0,9.6,9.1,5.6,6.9,9.083,10.0,Requer avaliação,5.1,6.8,8.7,Não,Sim,Fase 3 (7º e 8º ano),0,Destaque: A sua boa entrega das lições de casa.,Melhorar: Empenhar-se mais nas aulas e avaliações.,Destaque: A sua boa integração aos Princípios Passos Mágicos.,2022,,,,Completo,3.0
RA-177,3,A,Aluno-177,2009.0,13.0,Menina,2022,Escola Pública,7.424,Ametista,347.0,40.0,9.0,4.0,7.9,8.8,4.4,6.8,6.958,10.0,Requer avaliação,6.0,7.5,,Não,Não,Fase 3 (7º e 8º ano),0,Destaque: A sua boa entrega das lições de casa.,Melhorar: Empenhar-se mais nas aulas e avaliações.,Melhorar: Integrar-se mais aos Princípios Passos Mágicos.,2022,,,,Completo,3.0
RA-178,3,A,Aluno-178,2009.0,13.0,Menina,2016,Rede Decisão,7.025,Ágata,481.0,61.0,13.0,4.0,0.0,8.8,4.4,6.3,8.458,10.0,Requer avaliação,6.2,5.3,7.3,Não,Sim,Fase 3 (7º e 8º ano),0,Destaque: A sua boa entrega das lições de casa.,Melhorar: Empenhar-se mais nas aulas e avaliações.,Destaque: A sua boa integração aos Princípios Passos Mágicos.,2022,,,,Completo,3.0
RA-179,3,A,Aluno-179,2010.0,12.0,Menino,2022,Escola Pública,7.993,Ametista,145.0,22.0,5.0,4.0,7.5,9.2,7.5,6.1,8.042,10.0,Sem limitações,3.7,6.7,8.0,Sim,Não,Fase 3 (7º e 8º ano),0,Destaque: A sua boa entrega das lições de casa.,Melhorar: Empenhar-se mais nas aulas e avaliações.,Destaque: A sua boa integração aos Princípios Passos Mágicos.,2022,,,,Completo,3.0
RA-180,3,A,Aluno-180,2010.0,12.0,Menino,2018,Rede Decisão,8.442,Topázio,42.0,11.0,3.0,4.0,9.2,8.3,6.3,8.1,8.625,10.0,Requer avaliação,7.7,8.3,8.3,Não,Sim,Fase 3 (7º e 8º ano),0,Destaque: A sua boa entrega das lições de casa.,Destaque: As suas boas notas na Passos Mágicos.,Destaque: A sua boa integração aos Princípios Passos Mágicos.,2022,,,,Completo,3.0
RA-181,3,A,Aluno-181,2009.0,13.0,Menina,2019,Rede Decisão,8.623,Topázio,25.0,6.0,2.0,4.0,9.2,9.5,8.8,6.8,8.458,10.0,Não atendido,6.8,7.3,6.2,Não,Sim,Fase 3 (7º e 8º ano),0,Destaque: A sua boa entrega das lições de casa.,Melhorar: Empenhar-se mais nas aulas e avaliações.,Destaque: A sua boa integração aos Princípios Passos Mágicos.,2022,,,,Completo,3.0
RA-182,3,A,Aluno-182,2006.0,16.0,Menina,2021,Escola Pública,6.328,Ágata,677.0,93.0,15.0,4.0,7.5,8.0,7.5,4.1,6.958,2.5,Não atendido,1.3,5.7,5.4,Não,Não,Fase 6 (2º EM),-3,Destaque: A sua boa entrega das lições de casa.,Melhorar: Empenhar-se mais nas aulas e avaliações.,Melhorar: Integrar-se mais aos Princípios Passos Mágicos.,2022,,,,Completo,3.0
RA-183,3,A,Aluno-183,2009.0,13.0,Menina,2022,Escola Pública,7.3,Ametista,394.0,46.0,11.0,4.0,8.3,8.8,7.5,3.8,7.25,10.0,Não atendido,0.0,7.5,,Não,Não,Fase 3 (7º e 8º ano),0,Destaque: A sua boa entrega das lições de casa.,Melhorar: Empenhar-se mais nas aulas e avaliações.,Melhorar: Integrar-se mais aos Princípios Passos Mágicos.,2022,,,,Completo,3.0
RA-184,3,A,Aluno-184,2006.0,16.0,Menino,2019,Escola Pública,7.28,Ametista,403.0,47.0,12.0,4.0,8.8,7.7,7.5,7.2,8.0,2.5,Não atendido,5.0,7.3,9.3,Sim,Não,Fase 6 (2º EM),-3,Destaque: A sua boa entrega das lições de casa.,Melhorar: Empenhar-se mais nas aulas e avaliações.,Destaque: A sua boa integração aos Princípios Passos Mágicos.,2022,,,,Completo,3.0
RA-185,3,A,Aluno-185,2007.0,15.0,Menino,2021,Escola Pública,6.615,Ágata,621.0,81.0,14.0,4.0,7.9,7.7,7.5,4.5,6.875,5.0,Não atendido,3.3,5.7,4.5,Não,Não,Fase 5 (1º EM),-2,Destaque: A sua boa entrega das lições de casa.,Melhorar: Empenhar-se mais nas aulas e avaliações.,Melhorar: Integrar-se mais aos Princípios Passos Mágicos.,2022,,,,Completo,3.0
RA-186,3,A,Aluno-186,2009.0,13.0,Menina,2019,Escola Pública,7.832,Ametista,192.0,29.0,7.0,4.0,8.3,8.5,7.5,6.6,7.5,10.0,Não atendido,6.0,5.7,8.0,Sim,Não,Fase 3 (7º e 8º ano),0,Destaque: A sua boa entrega das lições de casa.,Melhorar: Empenhar-se mais nas aulas e avaliações.,Melhorar: Integrar-se mais aos Princípios Passos Mágicos.,2022,,,,Completo,3.0
RA-187,3,A,Aluno-187,2010.0,12.0,Menina,2019,Rede Decisão,7.928,Ametista,161.0,25.0,6.0,4.0,8.8,8.9,7.5,5.8,7.917,10.0,Não atendido,5.3,7.2,4.8,Não,Não,Fase 3 (7º e 8º ano),0,Destaque: A sua boa entrega das lições de casa.,Melhorar: Empenhar-se mais nas aulas e avaliações.,Destaque: A sua boa integração aos Princípios Passos Mágicos.,2022,,,,Completo,3.0
RA-188,3,A,Aluno-188,2008.0,14.0,Menino,2021,Escola Pública,5.307,Quartzo,803.0,122.0,16.0,4.0,0.0,6.1,7.5,2.7,7.583,5.0,Não atendido,3.0,3.2,2.0,Sim,Não,Fase 4 (9º ano),-1,Melhorar: Melhorar a sua entrega de lições de casa.,Melhorar: Empenhar-se mais nas aulas e avaliações.,Destaque: A sua boa integração aos Princípios Passos Mágicos.,2022,,,,Completo,3.0
RA-189,3,A,Aluno-189,2008.0,14.0,Menino,2018,Rede Decisão,7.629,Ametista,261.0,33.0,8.0,4.0,10.0,9.7,5.0,7.2,7.333,5.0,Requer avaliação,6.3,7.2,8.0,Não,Não,Fase 4 (9º ano),-1,Destaque: A sua boa entrega das lições de casa.,Melhorar: Empenhar-se mais nas aulas e avaliações.,Melhorar: Integrar-se mais aos Princípios Passos Mágicos.,2022,,,,Completo,3.0
RA-190,3,A,Aluno-190,2009.0,13.0,Menina,2022,Escola Pública,7.335,Ametista,380.0,44.0,10.0,4.0,6.7,6.9,8.8,6.3,7.25,10.0,Não atendido,5.0,7.5,,Não,Não,Fase 3 (7º e 8º ano),0,Melhorar: Melhorar a sua entrega de lições de casa.,Melhorar: Empenhar-se mais nas aulas e avaliações.,Melhorar: Integrar-se mais aos Princípios Passos Mágicos.,2022,,,,Completo,3.0
RA-191,3,A,Aluno-191,2009.0,13.0,Menino,2019,Rede Decisão,8.74,Topázio,13.0,2.0,1.0,4.0,10.0,9.4,8.8,7.2,8.5,10.0,Não atendido,8.0,7.2,6.3,Não,Sim,Fase 3 (7º e 8º ano),0,Destaque: A sua boa entrega das lições de casa.,Melhorar: Empenhar-se mais nas aulas e avaliações.,Destaque: A sua boa integração aos Princípios Passos Mágicos.,2022,,,,Completo,3.0
RA-192,3,B,Aluno-192,2007.0,15.0,Menino,2021,Escola Pública,4.932,Quartzo,829.0,130.0,14.0,4.0,8.8,3.6,7.5,2.7,4.708,5.0,Não atendido,1.7,4.7,1.7,Não,Não,Fase 5 (1º EM),-2,Melhorar: Melhorar a sua entrega de lições de casa.,Melhorar: Empenhar-se mais nas aulas e avaliações.,Melhorar: Integrar-se mais aos Princípios Passos Mágicos.,2022,,,,Completo,3.0
RA-193,3,B,Aluno-193,2010.0,12.0,Menino,2016,Rede Decisão,8.155,Topázio,95.0,16.0,2.0,4.0,9.2,8.9,5.6,6.7,8.5,10.0,Sem limitações,5.0,6.3,8.7,Não,Sim,Fase 3 (7º e 8º ano),0,Destaque: A sua boa entrega das lições de casa.,Melhorar: Empenhar-se mais nas aulas e avaliações.,Destaque: A sua boa integração aos Princípios Passos Mágicos.,2022,,,,Completo,3.0
RA-194,3,B,Aluno-194,2008.0,14.0,Menina,2022,Escola Pública,4.265,Quartzo,851.0,144.0,15.0,4.0,0.0,6.2,5.0,3.2,3.75,5.0,Requer avaliação,3.7,5.8,0.0,Não,Não,Fase 4 (9º ano),-1,Melhorar: Melhorar a sua entrega de lições de casa.,Melhorar: Empenhar-se mais nas aulas e avaliações.,Melhorar: Integrar-se mais aos Princípios Passos Mágicos.,2022,,,,Completo,3.0
RA-195,3,B,Aluno-195,2009.0,13.0,Menina,2017,Rede Decisão,8.017,Ametista,137.0,21.0,4.0,4.0,8.8,9.2,5.0,6.3,8.25,10.0,Requer avaliação,6.8,6.3,5.8,Não,Não,Fase 3 (7º e 8º ano),0,Destaque: A sua boa entrega das lições de casa.,Melhorar: Empenhar-se mais nas aulas e avaliações.,Destaque: A sua boa integração aos Princípios Passos Mágicos.,2022,,,,Completo,3.0
RA-196,3,B,Aluno-196,2010.0,12.0,Menino,2018,Rede Decisão,8.124,Topázio,106.0,17.0,3.0,4.0,9.2,9.1,7.5,5.1,8.625,10.0,Não atendido,4.0,6.0,5.3,Não,Sim,Fase 3 (7º e 8º ano),0,Destaque: A sua boa entrega das lições de casa.,Melhorar: Empenhar-se mais nas aulas e avaliações.,Destaque: A sua boa integração aos Princípios Passos Mágicos.,2022,,,,Completo,3.0
RA-197,3,B,Aluno-197,2009.0,13.0,Menina,2021,Rede Decisão,8.218,Topázio,82.0,15.0,1.0,4.0,8.8,9.7,4.4,7.3,8.292,10.0,Requer avaliação,6.0,7.5,8.3,Não,Não,Fase 3 (7º e 8º ano),0,Destaque: A sua boa entrega das lições de casa.,Melhorar: Empenhar-se mais nas aulas e avaliações.,Destaque: A sua boa integração aos Princípios Passos Mágicos.,2022,,,,Completo,3.0
RA-198,3,B,Aluno-198,2009.0,13.0,Menino,2017,Escola Pública,5.554,Quartzo,782.0,117.0,11.0,4.0,0.0,6.2,5.0,4.6,5.958,10.0,Requer avaliação,5.2,5.8,2.8,Não,Não,Fase 3 (7º e 8º ano),0,Melhorar: Melhorar a sua entrega de lições de casa.,Melhorar: Empenhar-se mais nas aulas e avaliações.,Melhorar: Integrar-se mais aos Princípios Passos Mágicos.,2022,,,,Completo,3.0
RA-199,3,B,Aluno-199,2009.0,13.0,Menino,2022,Escola Pública,7.564,Ametista,287.0,34.0,5.0,4.0,8.3,7.1,7.5,7.5,6.458,10.0,Não atendido,5.7,7.8,9.0,Não,Não,Fase 3 (7º e 8º ano),0,Melhorar: Melhorar a sua entrega de lições de casa.,Destaque: As suas boas notas na Passos Mágicos.,Melhorar: Integrar-se mais aos Princípios Passos Mágicos.,2022,,,,Completo,3.0
RA-200,3,B,Aluno-200,2007.0,15.0,Menino,2018,Escola JP II,5.705,Quartzo,759.0,109.0,9.0,4.0,7.9,5.6,4.4,5.5,4.917,5.0,Requer avaliação,4.7,5.0,6.8,Não,Não,Fase 5 (1º EM),-2,Melhorar: Melhorar a sua entrega de lições de casa.,Melhorar: Empenhar-se mais nas aulas e avaliações.,Melhorar: Integrar-se mais aos Princípios Passos Mágicos.,2022,,,,Completo,3.0
RA-201,3,B,Aluno-201,2007.0,15.0,Menina,2021,Escola Pública,7.078,Ametista,462.0,58.0,7.0,4.0,7.9,7.3,7.5,6.5,7.542,5.0,Não atendido,6.0,7.2,6.3,Não,Não,Fase 5 (1º EM),-2,Melhorar: Melhorar a sua entrega de lições de casa.,Melhorar: Empenhar-se mais nas aulas e avaliações.,Destaque: A sua boa integração aos Princípios Passos Mágicos.,2022,,,,Completo,3.0
RA-202,3,B,Aluno-202,2008.0,14.0,Menina,2017,Escola Pública,5.201,Quartzo,810.0,123.0,13.0,4.0,0.0,5.2,4.4,5.4,6.917,5.0,Requer avaliação,6.3,5.8,4.2,Sim,Não,Fase 4 (9º ano),-1,Melhorar: Melhorar a sua entrega de lições de casa.,Melhorar: Empenhar-se mais nas aulas e avaliações.,Melhorar: Integrar-se mais aos Princípios Passos Mágicos.,2022,,,,Completo,3.0
RA-203,3,B,Aluno-203,2008.0,14.0,Menina,2021,Escola Pública,5.669,Quartzo,766.0,113.0,10.0,4.0,8.8,4.3,7.5,2.8,6.875,5.0,Não atendido,2.3,3.5,2.5,Não,Não,Fase 4 (9º ano),-1,Melhorar: Melhorar a sua entrega de lições de casa.,Melhorar: Empenhar-se mais nas aulas e avaliações.,Melhorar: Integrar-se mais aos Princípios Passos Mágicos.,2022,,,,Completo,3.0
RA-204,3,B,Aluno-204,2009.0,13.0,Menina,2019,Escola Pública,6.943,Ágata,509.0,64.0,8.0,4.0,7.9,6.7,4.4,7.4,5.708,10.0,Requer avaliação,5.3,8.5,8.5,Não,Não,Fase 3 (7º e 8º ano),0,Melhorar: Melhorar a sua entrega de lições de casa.,Melhorar: Empenhar-se mais nas aulas e avaliações.,Melhorar: Integrar-se mais aos Princípios Passos Mágicos.,2022,,,,Completo,3.0
RA-205,3,B,Aluno-205,2008.0,14.0,Menino,2020,Escola Pública,5.372,Quartzo,797.0,120.0,12.0,4.0,9.6,3.8,7.5,4.1,4.833,5.0,Não atendido,5.7,1.7,5.0,Não,Não,Fase 4 (9º ano),-1,Melhorar: Melhorar a sua entrega de lições de casa.,Melhorar: Empenhar-se mais nas aulas e avaliações.,Melhorar: Integrar-se mais aos Princípios Passos Mágicos.,2022,,,,Completo,3.0
RA-206,3,B,Aluno-206,2010.0,12.0,Menina,2022,Escola Pública,7.101,Ametista,455.0,56.0,6.0,4.0,8.3,8.8,7.5,5.0,5.167,10.0,Não atendido,4.0,6.0,,Não,Não,Fase 3 (7º e 8º ano),0,Destaque: A sua boa entrega das lições de casa.,Melhorar: Empenhar-se mais nas aulas e avaliações.,Melhorar: Integrar-se mais aos Princípios Passos Mágicos.,2022,,,,Completo,3.0
RA-207,3,C,Aluno-207,2006.0,16.0,Menino,2021,Escola Pública,4.936,Quartzo,827.0,129.0,5.0,4.0,0.0,4.8,7.5,5.8,5.708,2.5,Não atendido,5.3,4.0,8.0,Não,Não,Fase 6 (2º EM),-3,Melhorar: Melhorar a sua entrega de lições de casa.,Melhorar: Empenhar-se mais nas aulas e avaliações.,Melhorar: Integrar-se mais aos Princípios Passos Mágicos.,2022,,,,Completo,3.0
RA-208,3,C,Aluno-208,2008.0,14.0,Menino,2018,Escola Pública,6.667,Ágata,599.0,78.0,4.0,4.0,7.5,7.1,7.5,6.1,6.417,5.0,Não atendido,5.0,7.5,5.8,Não,Não,Fase 4 (9º ano),-1,Melhorar: Melhorar a sua entrega de lições de casa.,Melhorar: Empenhar-se mais nas aulas e avaliações.,Melhorar: Integrar-se mais aos Princípios Passos Mágicos.,2022,,,,Completo,3.0
RA-209,3,C,Aluno-209,2008.0,14.0,Menino,2019,Escola Pública,4.499,Quartzo,843.0,140.0,7.0,4.0,0.0,4.8,5.6,6.0,3.75,5.0,Requer avaliação,5.0,5.2,7.8,Não,Não,Fase 4 (9º ano),-1,Melhorar: Melhorar a sua entrega de lições de casa.,Melhorar: Empenhar-se mais nas aulas e avaliações.,Melhorar: Integrar-se mais aos Princípios Passos Mágicos.,2022,,,,Completo,3.0
RA-210,3,C,Aluno-210,2008.0,14.0,Menino,2022,Escola Pública,4.44,Quartzo,844.0,141.0,8.0,4.0,0.0,5.1,7.5,3.4,4.417,5.0,Não atendido,2.7,5.3,2.3,Não,Não,Fase 4 (9º ano),-1,Melhorar: Melhorar a sua entrega de lições de casa.,Melhorar: Empenhar-se mais nas aulas e avaliações.,Melhorar: Integrar-se mais aos Princípios Passos Mágicos.,2022,,,,Completo,3.0
RA-211,3,C,Aluno-211,2009.0,13.0,Menino,2021,Escola Pública,8.465,Topázio,39.0,10.0,1.0,4.0,9.2,8.8,7.5,7.6,8.458,10.0,Não atendido,6.7,7.5,8.5,Sim,Sim,Fase 3 (7º e 8º ano),0,Destaque: A sua boa entrega das lições de casa.,Destaque: As suas boas notas na Passos Mágicos.,Destaque: A sua boa integração aos Princípios Passos Mágicos.,2022,,,,Completo,3.0
RA-212,3,C,Aluno-212,2008.0,14.0,Menino,2022,Escola Pública,7.268,Ametista,407.0,49.0,2.0,4.0,9.6,8.4,7.5,6.2,6.958,5.0,Não atendido,4.8,5.8,7.8,Não,Não,Fase 4 (9º ano),-1,Destaque: A sua boa entrega das lições de casa.,Melhorar: Empenhar-se mais nas aulas e avaliações.,Melhorar: Integrar-se mais aos Princípios Passos Mágicos.,2022,,,,Completo,3.0
RA-213,3,C,Aluno-213,2009.0,13.0,Menino,2022,Escola Pública,7.209,Ametista,425.0,51.0,3.0,4.0,9.6,8.7,7.5,3.5,6.833,10.0,Não atendido,5.0,2.0,,Não,Não,Fase 3 (7º e 8º ano),0,Destaque: A sua boa entrega das lições de casa.,Melhorar: Empenhar-se mais nas aulas e avaliações.,Melhorar: Integrar-se mais aos Princípios Passos Mágicos.,2022,,,,Completo,3.0
RA-214,3,C,Aluno-214,2007.0,15.0,Menino,2022,Escola Pública,4.87,Quartzo,832.0,133.0,6.0,4.0,0.0,6.1,7.5,4.3,5.125,5.0,Não atendido,5.0,3.5,,Não,Não,Fase 5 (1º EM),-2,Melhorar: Melhorar a sua entrega de lições de casa.,Melhorar: Empenhar-se mais nas aulas e avaliações.,Melhorar: Integrar-se mais aos Princípios Passos Mágicos.,2022,,,,Completo,3.0
RA-215,3,D,Aluno-215,2009.0,13.0,Menina,2021,Escola Pública,7.172,Ametista,442.0,53.0,3.0,4.0,6.7,5.8,7.5,7.8,6.542,10.0,Não atendido,5.7,7.7,10.0,Não,Não,Fase 3 (7º e 8º ano),0,Melhorar: Melhorar a sua entrega de lições de casa.,Destaque: As suas boas notas na Passos Mágicos.,Melhorar: Integrar-se mais aos Princípios Passos Mágicos.,2022,,,,Completo,3.0
RA-216,3,D,Aluno-216,2009.0,13.0,Menina,2018,Escola Pública,7.502,Ametista,310.0,35.0,1.0,4.0,7.9,8.5,7.5,7.0,5.583,10.0,Não atendido,5.3,6.5,9.2,Não,Não,Fase 3 (7º e 8º ano),0,Destaque: A sua boa entrega das lições de casa.,Melhorar: Empenhar-se mais nas aulas e avaliações.,Melhorar: Integrar-se mais aos Princípios Passos Mágicos.,2022,,,,Completo,3.0
RA-217,3,D,Aluno-217,2007.0,15.0,Menina,2021,Escola Pública,7.397,Ametista,363.0,42.0,2.0,4.0,7.9,8.5,7.5,7.1,7.292,5.0,Não atendido,6.3,7.2,7.7,Sim,Não,Fase 5 (1º EM),-2,Destaque: A sua boa entrega das lições de casa.,Melhorar: Empenhar-se mais nas aulas e avaliações.,Melhorar: Integrar-se mais aos Princípios Passos Mágicos.,2022,,,,Completo,3.0
RA-218,3,D,Aluno-218,2008.0,14.0,Menina,2022,Escola Pública,6.1,Ágata,709.0,99.0,6.0,4.0,6.3,7.3,7.5,4.0,6.125,5.0,Não atendido,5.0,7.0,0.0,Não,Não,Fase 4 (9º ano),-1,Melhorar: Melhorar a sua entrega de lições de casa.,Melhorar: Empenhar-se mais nas aulas e avaliações.,Melhorar: Integrar-se mais aos Princípios Passos Mágicos.,2022,,,,Completo,3.0
RA-219,3,D,Aluno-219,2006.0,16.0,Menino,2019,Escola Pública,5.942,Quartzo,733.0,105.0,7.0,4.0,8.8,6.9,7.5,3.5,6.375,2.5,Não atendido,4.0,4.8,1.7,Não,Não,Fase 6 (2º EM),-3,Melhorar: Melhorar a sua entrega de lições de casa.,Melhorar: Empenhar-se mais nas aulas e avaliações.,Melhorar: Integrar-se mais aos Princípios Passos Mágicos.,2022,,,,Completo,3.0
RA-220,3,D,Aluno-220,2009.0,13.0,Menina,2022,Escola Pública,7.028,Ágata,479.0,60.0,4.0,4.0,0.0,8.1,7.5,6.5,7.833,10.0,Não atendido,6.8,6.8,5.8,Sim,Não,Fase 3 (7º e 8º ano),0,Destaque: A sua boa entrega das lições de casa.,Melhorar: Empenhar-se mais nas aulas e avaliações.,Destaque: A sua boa integração aos Princípios Passos Mágicos.,2022,,,,Completo,3.0
RA-221,3,D,Aluno-221,2008.0,14.0,Menino,2022,Escola Pública,6.892,Ágata,528.0,68.0,5.0,4.0,9.6,8.5,7.5,5.2,6.0,5.0,Não atendido,7.0,3.5,5.0,Não,Não,Fase 4 (9º ano),-1,Destaque: A sua boa entrega das lições de casa.,Melhorar: Empenhar-se mais nas aulas e avaliações.,Melhorar: Integrar-se mais aos Princípios Passos Mágicos.,2022,,,,Completo,3.0
RA-222,3,D,Aluno-222,2007.0,15.0,Menina,2019,Escola Pública,5.604,Quartzo,774.0,115.0,8.0,4.0,7.1,4.6,7.5,6.2,4.917,5.0,Não atendido,5.0,7.5,6.0,Não,Não,Fase 5 (1º EM),-2,Melhorar: Melhorar a sua entrega de lições de casa.,Melhorar: Empenhar-se mais nas aulas e avaliações.,Melhorar: Integrar-se mais aos Princípios Passos Mágicos.,2022,,,,Completo,3.0
RA-223,3,E,Aluno-223,2009.0,13.0,Menina,2022,Escola Pública,4.966,Quartzo,823.0,128.0,12.0,4.0,0.0,4.6,7.5,3.1,5.583,10.0,Não atendido,4.3,4.7,0.2,Não,Não,Fase 3 (7º e 8º ano),0,Melhorar: Melhorar a sua entrega de lições de casa.,Melhorar: Empenhar-se mais nas aulas e avaliações.,Melhorar: Integrar-se mais aos Princípios Passos Mágicos.,2022,,,,Completo,3.0
RA-224,3,E,Aluno-224,2009.0,13.0,Menino,2021,Escola Pública,5.671,Quartzo,765.0,112.0,11.0,4.0,9.6,4.3,7.5,2.6,4.875,10.0,Não atendido,5.0,2.7,0.0,Não,Não,Fase 3 (7º e 8º ano),0,Melhorar: Melhorar a sua entrega de lições de casa.,Melhorar: Empenhar-se mais nas aulas e avaliações.,Melhorar: Integrar-se mais aos Princípios Passos Mágicos.,2022,,,,Completo,3.0
RA-225,3,E,Aluno-225,2008.0,14.0,Menino,2022,Escola Pública,5.918,Quartzo,736.0,107.0,10.0,4.0,8.3,5.3,7.5,5.0,5.708,5.0,Não atendido,3.0,7.0,,Não,Não,Fase 4 (9º ano),-1,Melhorar: Melhorar a sua entrega de lições de casa.,Melhorar: Empenhar-se mais nas aulas e avaliações.,Melhorar: Integrar-se mais aos Princípios Passos Mágicos.,2022,,,,Completo,3.0
RA-226,3,E,Aluno-226,2008.0,14.0,Menina,2022,Escola Pública,6.549,Ágata,638.0,82.0,4.0,4.0,7.5,6.1,7.5,6.8,6.208,5.0,Não atendido,7.0,6.5,,Não,Não,Fase 4 (9º ano),-1,Melhorar: Melhorar a sua entrega de lições de casa.,Melhorar: Empenhar-se mais nas aulas e avaliações.,Melhorar: Integrar-se mais aos Princípios Passos Mágicos.,2022,,,,Completo,3.0
RA-227,3,E,Aluno-227,2010.0,12.0,Menino,2022,Escola Pública,6.471,Ágata,647.0,84.0,5.0,4.0,9.2,6.4,7.5,3.3,5.833,10.0,Não atendido,4.7,4.3,1.0,Não,Não,Fase 3 (7º e 8º ano),0,Melhorar: Melhorar a sua entrega de lições de casa.,Melhorar: Empenhar-se mais nas aulas e avaliações.,Melhorar: Integrar-se mais aos Princípios Passos Mágicos.,2022,,,,Completo,3.0
RA-228,3,E,Aluno-228,2007.0,15.0,Menina,2017,Escola Pública,6.196,Ágata,700.0,95.0,7.0,4.0,7.5,6.7,7.5,4.8,6.417,5.0,Não atendido,3.0,6.0,5.3,Não,Não,Fase 5 (1º EM),-2,Melhorar: Melhorar a sua entrega de lições de casa.,Melhorar: Empenhar-se mais nas aulas e avaliações.,Melhorar: Integrar-se mais aos Princípios Passos Mágicos.,2022,,,,Completo,3.0
RA-229,3,E,Aluno-229,2010.0,12.0,Menino,2022,Escola Pública,8.62,Topázio,27.0,7.0,1.0,4.0,10.0,9.4,7.5,6.9,8.5,10.0,Não atendido,7.0,6.7,7.2,Sim,Sim,Fase 3 (7º e 8º ano),0,Destaque: A sua boa entrega das lições de casa.,Melhorar: Empenhar-se mais nas aulas e avaliações.,Destaque: A sua boa integração aos Princípios Passos Mágicos.,2022,,,,Completo,3.0
RA-230,3,E,Aluno-230,2008.0,14.0,Menino,2022,Escola Pública,6.328,Ágata,676.0,92.0,6.0,4.0,7.9,5.1,7.5,5.7,6.75,5.0,Não atendido,3.7,4.3,9.0,Sim,Não,Fase 4 (9º ano),-1,Melhorar: Melhorar a sua entrega de lições de casa.,Melhorar: Empenhar-se mais nas aulas e avaliações.,Melhorar: Integrar-se mais aos Princípios Passos Mágicos.,2022,,,,Completo,3.0
RA-231,3,E,Aluno-231,2008.0,14.0,Menino,2022,Escola Pública,6.116,Ágata,705.0,97.0,8.0,4.0,8.8,7.4,7.5,3.8,5.333,5.0,Não atendido,3.0,4.5,,Não,Não,Fase 4 (9º ano),-1,Melhorar: Melhorar a sua entrega de lições de casa.,Melhorar: Empenhar-se mais nas aulas e avaliações.,Melhorar: Integrar-se mais aos Princípios Passos Mágicos.,2022,,,,Completo,3.0
RA-232,3,E,Aluno-232,2010.0,12.0,Menino,2022,Escola Pública,4.245,Quartzo,852.0,145.0,13.0,4.0,0.0,4.9,7.5,0.0,4.542,10.0,Não atendido,0.0,0.0,,Não,Não,Fase 3 (7º e 8º ano),0,Melhorar: Melhorar a sua entrega de lições de casa.,Melhorar: Empenhar-se mais nas aulas e avaliações.,Melhorar: Integrar-se mais aos Princípios Passos Mágicos.,2022,,,,Completo,3.0
RA-233,3,E,Aluno-233,2008.0,14.0,Menino,2022,Escola Pública,6.051,Ágata,718.0,101.0,9.0,4.0,7.9,7.4,7.5,3.8,5.5,5.0,Não atendido,3.0,4.5,,Não,Não,Fase 4 (9º ano),-1,Melhorar: Melhorar a sua entrega de lições de casa.,Melhorar: Empenhar-se mais nas aulas e avaliações.,Melhorar: Integrar-se mais aos Princípios Passos Mágicos.,2022,,,,Completo,3.0
RA-234,3,E,Aluno-234,2009.0,13.0,Menino,2022,Escola Pública,6.719,Ágata,583.0,75.0,3.0,4.0,10.0,7.6,5.6,4.3,5.583,10.0,Sem limitações,3.7,6.3,2.8,Não,Não,Fase 3 (7º e 8º ano),0,Destaque: A sua boa entrega das lições de casa.,Melhorar: Empenhar-se mais nas aulas e avaliações.,Melhorar: Integrar-se mais aos Princípios Passos Mágicos.,2022,,,,Completo,3.0
RA-235,3,E,Aluno-235,2008.0,14.0,Menina,2022,Escola Pública,6.79,Ágata,559.0,73.0,2.0,4.0,8.3,7.3,7.5,6.3,6.417,5.0,Não atendido,7.0,5.5,,Não,Não,Fase 4 (9º ano),-1,Melhorar: Melhorar a sua entrega de lições de casa.,Melhorar: Empenhar-se mais nas aulas e avaliações.,Melhorar: Integrar-se mais aos Princípios Passos Mágicos.,2022,,,,Completo,3.0
RA-236,3,F,Aluno-236,2010.0,12.0,Menina,2022,Escola Pública,7.11,Ametista,452.0,55.0,9.0,4.0,9.6,7.5,7.5,3.7,7.208,10.0,Não atendido,4.0,4.0,3.0,Não,Não,Fase 3 (7º e 8º ano),0,Melhorar: Melhorar a sua entrega de lições de casa.,Melhorar: Empenhar-se mais nas aulas e avaliações.,Melhorar: Integrar-se mais aos Princípios Passos Mágicos.,2022,,,,Completo,3.0
RA-237,3,F,Aluno-237,2008.0,14.0,Menina,2022,Escola Pública,8.084,Topázio,121.0,19.0,6.0,4.0,10.0,9.0,7.5,7.8,8.417,5.0,Não atendido,6.8,7.7,8.8,Sim,Sim,Fase 4 (9º ano),-1,Destaque: A sua boa entrega das lições de casa.,Destaque: As suas boas notas na Passos Mágicos.,Destaque: A sua boa integração aos Princípios Passos Mágicos.,2022,,,,Completo,3.0
RA-238,3,F,Aluno-238,2008.0,14.0,Menina,2021,Escola Pública,6.331,Ágata,674.0,91.0,12.0,4.0,8.8,6.4,5.0,5.1,7.208,5.0,Requer avaliação,4.3,6.5,4.5,Não,Não,Fase 4 (9º ano),-1,Melhorar: Melhorar a sua entrega de lições de casa.,Melhorar: Empenhar-se mais nas aulas e avaliações.,Melhorar: Integrar-se mais aos Princípios Passos Mágicos.,2022,,,,Completo,3.0
RA-239,3,F,Aluno-239,2007.0,15.0,Menina,2021,Escola Pública,4.572,Quartzo,840.0,138.0,13.0,4.0,0.0,3.7,7.5,3.7,5.958,5.0,Não atendido,2.0,4.7,4.5,Não,Não,Fase 5 (1º EM),-2,Melhorar: Melhorar a sua entrega de lições de casa.,Melhorar: Empenhar-se mais nas aulas e avaliações.,Melhorar: Integrar-se mais aos Princípios Passos Mágicos.,2022,,,,Completo,3.0
RA-240,3,F,Aluno-240,2009.0,13.0,Menina,2017,Rede Decisão,6.943,Ágata,510.0,65.0,11.0,4.0,7.1,8.1,5.0,4.7,7.042,10.0,Requer avaliação,6.3,5.0,2.8,Não,Não,Fase 3 (7º e 8º ano),0,Destaque: A sua boa entrega das lições de casa.,Melhorar: Empenhar-se mais nas aulas e avaliações.,Melhorar: Integrar-se mais aos Princípios Passos Mágicos.,2022,,,,Completo,3.0
RA-241,3,F,Aluno-241,2008.0,14.0,Menino,2016,Rede Decisão,8.468,Topázio,38.0,9.0,5.0,4.0,10.0,10.0,7.5,7.7,9.125,5.0,Não atendido,8.2,7.5,7.3,Não,Sim,Fase 4 (9º ano),-1,Destaque: A sua boa entrega das lições de casa.,Destaque: As suas boas notas na Passos Mágicos.,Destaque: A sua boa integração aos Princípios Passos Mágicos.,2022,,,,Completo,3.0
RA-242,3,F,Aluno-242,2009.0,13.0,Menino,2018,Rede Decisão,8.673,Topázio,19.0,3.0,1.0,4.0,9.6,9.7,5.6,8.2,8.708,10.0,Requer avaliação,8.7,7.2,8.7,Não,Sim,Fase 3 (7º e 8º ano),0,Destaque: A sua boa entrega das lições de casa.,Destaque: As suas boas notas na Passos Mágicos.,Destaque: A sua boa integração aos Princípios Passos Mágicos.,2022,,,,Completo,3.0
RA-243,3,F,Aluno-243,2007.0,15.0,Menina,2022,Escola Pública,6.982,Ágata,493.0,63.0,10.0,4.0,7.1,8.7,5.0,6.0,7.875,5.0,Requer avaliação,5.0,5.3,7.7,Não,Não,Fase 5 (1º EM),-2,Destaque: A sua boa entrega das lições de casa.,Melhorar: Empenhar-se mais nas aulas e avaliações.,Destaque: A sua boa integração aos Princípios Passos Mágicos.,2022,,,,Completo,3.0
RA-244,3,F,Aluno-244,2010.0,12.0,Menina,2018,Rede Decisão,8.51,Topázio,34.0,8.0,4.0,4.0,7.5,9.4,6.3,7.8,9.208,10.0,Requer avaliação,6.7,8.0,8.7,Não,Sim,Fase 3 (7º e 8º ano),0,Destaque: A sua boa entrega das lições de casa.,Destaque: As suas boas notas na Passos Mágicos.,Destaque: A sua boa integração aos Princípios Passos Mágicos.,2022,,,,Completo,3.0
RA-245,3,F,Aluno-245,2008.0,14.0,Menino,2016,Rede Decisão,8.656,Topázio,20.0,4.0,2.0,4.0,10.0,9.9,7.5,8.4,9.25,5.0,Não atendido,8.3,8.2,8.8,Não,Sim,Fase 4 (9º ano),-1,Destaque: A sua boa entrega das lições de casa.,Destaque: As suas boas notas na Passos Mágicos.,Destaque: A sua boa integração aos Princípios Passos Mágicos.,2022,,,,Completo,3.0
RA-246,3,F,Aluno-246,2009.0,13.0,Menino,2022,Escola Pública,8.639,Topázio,23.0,5.0,3.0,4.0,8.3,9.4,7.5,7.6,9.167,10.0,Não atendido,8.0,6.7,8.0,Sim,Sim,Fase 3 (7º e 8º ano),0,Destaque: A sua boa entrega das lições de casa.,Destaque: As suas boas notas na Passos Mágicos.,Destaque: A sua boa integração aos Princípios Passos Mágicos.,2022,,,,Completo,3.0
RA-247,3,F,Aluno-247,2009.0,13.0,Menina,2021,Escola Pública,7.72,Ametista,230.0,32.0,7.0,4.0,8.3,8.2,7.5,5.8,7.875,10.0,Não atendido,5.3,5.7,6.3,Sim,Não,Fase 3 (7º e 8º ano),0,Destaque: A sua boa entrega das lições de casa.,Melhorar: Empenhar-se mais nas aulas e avaliações.,Destaque: A sua boa integração aos Princípios Passos Mágicos.,2022,,,,Completo,3.0
RA-248,3,F,Aluno-248,2009.0,13.0,Menino,2022,Escola Pública,7.429,Ametista,343.0,39.0,8.0,4.0,9.2,7.6,7.5,5.2,7.292,10.0,Não atendido,4.0,5.5,6.0,Não,Não,Fase 3 (7º e 8º ano),0,Destaque: A sua boa entrega das lições de casa.,Melhorar: Empenhar-se mais nas aulas e avaliações.,Melhorar: Integrar-se mais aos Princípios Passos Mágicos.,2022,,,,Completo,3.0
RA-249,3,G,Aluno-249,2008.0,14.0,Menino,2017,Escola Pública,5.097,Quartzo,816.0,125.0,10.0,4.0,6.7,7.4,5.0,2.9,4.292,5.0,Não atendido,2.3,4.2,2.2,Não,Não,Fase 4 (9º ano),-1,Melhorar: Melhorar a sua entrega de lições de casa.,Melhorar: Empenhar-se mais nas aulas e avaliações.,Melhorar: Integrar-se mais aos Princípios Passos Mágicos.,2022,,,,Completo,3.0
RA-250,3,G,Aluno-250,2010.0,12.0,Menina,2022,Escola Pública,7.958,Ametista,152.0,23.0,1.0,4.0,8.3,8.6,7.5,6.6,7.625,10.0,Não atendido,6.7,6.5,6.7,Sim,Não,Fase 3 (7º e 8º ano),0,Destaque: A sua boa entrega das lições de casa.,Melhorar: Empenhar-se mais nas aulas e avaliações.,Destaque: A sua boa integração aos Princípios Passos Mágicos.,2022,,,,Completo,3.0
RA-251,3,G,Aluno-251,2007.0,15.0,Menino,2018,Escola Pública,7.022,Ágata,482.0,62.0,4.0,4.0,10.0,8.1,5.6,6.3,6.625,5.0,Sem limitações,5.3,6.3,7.2,Não,Não,Fase 5 (1º EM),-2,Destaque: A sua boa entrega das lições de casa.,Melhorar: Empenhar-se mais nas aulas e avaliações.,Melhorar: Integrar-se mais aos Princípios Passos Mágicos.,2022,,,,Completo,3.0
RA-252,3,G,Aluno-252,2008.0,14.0,Menino,2018,Escola Pública,4.277,Quartzo,850.0,143.0,14.0,4.0,9.2,2.8,7.5,0.9,3.875,5.0,Não atendido,1.3,1.2,0.2,Não,Não,Fase 4 (9º ano),-1,Melhorar: Melhorar a sua entrega de lições de casa.,Melhorar: Empenhar-se mais nas aulas e avaliações.,Melhorar: Integrar-se mais aos Princípios Passos Mágicos.,2022,,,,Completo,3.0
RA-253,3,G,Aluno-253,2007.0,15.0,Menino,2019,Escola Pública,4.312,Quartzo,847.0,142.0,13.0,4.0,9.2,3.6,5.0,1.8,3.75,5.0,Requer avaliação,1.0,3.7,0.7,Não,Não,Fase 5 (1º EM),-2,Melhorar: Melhorar a sua entrega de lições de casa.,Melhorar: Empenhar-se mais nas aulas e avaliações.,Melhorar: Integrar-se mais aos Princípios Passos Mágicos.,2022,,,,Completo,3.0
RA-254,3,G,Aluno-254,2008.0,14.0,Menino,2019,Escola Pública,6.715,Ágata,584.0,76.0,7.0,4.0,10.0,7.4,5.6,5.3,6.917,5.0,Requer avaliação,5.0,6.8,4.0,Não,Não,Fase 4 (9º ano),-1,Melhorar: Melhorar a sua entrega de lições de casa.,Melhorar: Empenhar-se mais nas aulas e avaliações.,Melhorar: Integrar-se mais aos Princípios Passos Mágicos.,2022,,,,Completo,3.0
RA-255,3,G,Aluno-255,2008.0,14.0,Menino,2019,Escola Pública,4.563,Quartzo,841.0,139.0,12.0,4.0,7.5,3.8,5.0,1.3,5.542,5.0,Não indicado,1.0,2.3,0.5,Não,Não,Fase 4 (9º ano),-1,Melhorar: Melhorar a sua entrega de lições de casa.,Melhorar: Empenhar-se mais nas aulas e avaliações.,Melhorar: Integrar-se mais aos Princípios Passos Mágicos.,2022,,,,Completo,3.0
RA-256,3,G,Aluno-256,2010.0,12.0,Menina,2019,Escola Pública,7.192,Ametista,433.0,52.0,3.0,4.0,8.8,8.5,5.0,5.2,6.708,10.0,Requer avaliação,5.3,6.7,3.5,Não,Não,Fase 3 (7º e 8º ano),0,Destaque: A sua boa entrega das lições de casa.,Melhorar: Empenhar-se mais nas aulas e avaliações.,Melhorar: Integrar-se mais aos Princípios Passos Mágicos.,2022,,,,Completo,3.0
RA-257,3,G,Aluno-257,2008.0,14.0,Menina,2018,Escola Pública,5.149,Quartzo,815.0,124.0,9.0,4.0,0.0,6.4,5.6,3.6,6.708,5.0,Requer avaliação,4.0,5.2,1.5,Não,Não,Fase 4 (9º ano),-1,Melhorar: Melhorar a sua entrega de lições de casa.,Melhorar: Empenhar-se mais nas aulas e avaliações.,Melhorar: Integrar-se mais aos Princípios Passos Mágicos.,2022,,,,Completo,3.0
RA-258,3,G,Aluno-258,2010.0,12.0,Menina,2018,Escola Pública,6.926,Ágata,517.0,67.0,5.0,4.0,10.0,7.3,5.6,4.8,6.125,10.0,Sem limitações,2.7,6.2,5.5,Não,Não,Fase 3 (7º e 8º ano),0,Melhorar: Melhorar a sua entrega de lições de casa.,Melhorar: Empenhar-se mais nas aulas e avaliações.,Melhorar: Integrar-se mais aos Princípios Passos Mágicos.,2022,,,,Completo,3.0
RA-259,3,G,Aluno-259,2006.0,16.0,Menino,2017,Escola Pública,4.182,Quartzo,853.0,146.0,15.0,4.0,8.8,2.9,7.5,0.9,4.625,2.5,Não atendido,0.0,2.7,0.2,Não,Não,Fase 6 (2º EM),-3,Melhorar: Melhorar a sua entrega de lições de casa.,Melhorar: Empenhar-se mais nas aulas e avaliações.,Melhorar: Integrar-se mais aos Princípios Passos Mágicos.,2022,,,,Completo,3.0
RA-260,3,G,Aluno-260,2009.0,13.0,Menina,2019,Escola Pública,7.44,Ametista,340.0,38.0,2.0,4.0,10.0,8.2,7.5,5.0,6.458,10.0,Não atendido,5.7,5.2,4.2,Não,Não,Fase 3 (7º e 8º ano),0,Destaque: A sua boa entrega das lições de casa.,Melhorar: Empenhar-se mais nas aulas e avaliações.,Melhorar: Integrar-se mais aos Princípios Passos Mágicos.,2022,,,,Completo,3.0
RA-261,3,G,Aluno-261,2008.0,14.0,Menina,2019,Escola Pública,6.763,Ágata,566.0,74.0,6.0,4.0,8.8,7.2,5.6,5.8,7.042,5.0,Sem limitações,6.2,5.8,5.5,Sim,Não,Fase 4 (9º ano),-1,Melhorar: Melhorar a sua entrega de lições de casa.,Melhorar: Empenhar-se mais nas aulas e avaliações.,Melhorar: Integrar-se mais aos Princípios Passos Mágicos.,2022,,,,Completo,3.0
RA-262,3,G,Aluno-262,2007.0,15.0,Menino,2021,Escola Pública,4.786,Quartzo,835.0,135.0,11.0,4.0,0.0,5.8,5.6,3.4,5.625,5.0,Sem limitações,1.3,5.5,3.5,Não,Não,Fase 5 (1º EM),-2,Melhorar: Melhorar a sua entrega de lições de casa.,Melhorar: Empenhar-se mais nas aulas e avaliações.,Melhorar: Integrar-se mais aos Princípios Passos Mágicos.,2022,,,,Completo,3.0
RA-263,3,G,Aluno-263,2007.0,15.0,Menina,2019,Escola Pública,5.319,Quartzo,800.0,121.0,8.0,4.0,5.8,5.6,7.5,3.7,4.417,5.0,Não atendido,3.0,2.8,5.4,Não,Não,Fase 5 (1º EM),-2,Melhorar: Melhorar a sua entrega de lições de casa.,Melhorar: Empenhar-se mais nas aulas e avaliações.,Melhorar: Integrar-se mais aos Princípios Passos Mágicos.,2022,,,,Completo,3.0
RA-264,3,I,Aluno-264,2007.0,15.0,Menina,2022,Escola Pública,7.087,Ametista,460.0,57.0,2.0,4.0,10.0,9.2,5.6,5.8,6.625,5.0,Requer avaliação,6.0,5.5,,Não,Não,Fase 5 (1º EM),-2,Destaque: A sua boa entrega das lições de casa.,Melhorar: Empenhar-se mais nas aulas e avaliações.,Melhorar: Integrar-se mais aos Princípios Passos Mágicos.,2022,,,,Completo,3.0
RA-265,3,I,Aluno-265,2009.0,13.0,Menino,2019,Escola Pública,7.926,Ametista,162.0,26.0,1.0,4.0,8.3,7.7,7.5,6.9,7.917,10.0,Não atendido,5.3,7.0,8.5,Sim,Não,Fase 3 (7º e 8º ano),0,Destaque: A sua boa entrega das lições de casa.,Melhorar: Empenhar-se mais nas aulas e avaliações.,Destaque: A sua boa integração aos Princípios Passos Mágicos.,2022,,,,Completo,3.0
RA-266,3,I,Aluno-266,2006.0,16.0,Menina,2019,Escola Pública,5.987,Quartzo,730.0,104.0,4.0,4.0,7.5,5.8,5.6,6.0,6.583,2.5,Requer avaliação,5.0,6.7,6.3,Não,Não,Fase 6 (2º EM),-3,Melhorar: Melhorar a sua entrega de lições de casa.,Melhorar: Empenhar-se mais nas aulas e avaliações.,Melhorar: Integrar-se mais aos Princípios Passos Mágicos.,2022,,,,Completo,3.0
RA-267,3,I,Aluno-267,2007.0,15.0,Menina,2016,Escola Pública,6.012,Ágata,727.0,103.0,3.0,4.0,10.0,7.4,5.0,3.3,6.292,5.0,Não indicado,2.3,4.8,2.7,Não,Não,Fase 5 (1º EM),-2,Melhorar: Melhorar a sua entrega de lições de casa.,Melhorar: Empenhar-se mais nas aulas e avaliações.,Melhorar: Integrar-se mais aos Princípios Passos Mágicos.,2022,,,,Completo,3.0
RA-268,3,K,Aluno-268,2008.0,14.0,Menina,2021,Escola Pública,6.695,Ágata,590.0,77.0,11.0,4.0,9.2,6.7,6.3,5.7,7.208,5.0,Requer avaliação,7.0,6.8,3.2,Sim,Não,Fase 4 (9º ano),-1,Melhorar: Melhorar a sua entrega de lições de casa.,Melhorar: Empenhar-se mais nas aulas e avaliações.,Melhorar: Integrar-se mais aos Princípios Passos Mágicos.,2022,,,,Completo,3.0
RA-269,3,K,Aluno-269,2009.0,13.0,Menino,2022,Escola Pública,8.231,Topázio,76.0,13.0,2.0,4.0,9.2,8.6,6.3,8.9,7.25,10.0,Requer avaliação,8.7,9.5,8.5,Não,Não,Fase 3 (7º e 8º ano),0,Destaque: A sua boa entrega das lições de casa.,Destaque: As suas boas notas na Passos Mágicos.,Melhorar: Integrar-se mais aos Princípios Passos Mágicos.,2022,,,,Completo,3.0
RA-270,3,K,Aluno-270,2009.0,13.0,Menina,2019,Rede Decisão,8.226,Topázio,79.0,14.0,3.0,4.0,8.3,8.4,6.9,7.9,8.125,10.0,Não atendido,8.0,7.2,8.5,Não,Não,Fase 3 (7º e 8º ano),0,Destaque: A sua boa entrega das lições de casa.,Destaque: As suas boas notas na Passos Mágicos.,Destaque: A sua boa integração aos Princípios Passos Mágicos.,2022,,,,Completo,3.0
RA-271,3,K,Aluno-271,2007.0,15.0,Menina,2022,Escola Pública,7.255,Ametista,411.0,50.0,8.0,4.0,9.2,8.5,5.6,7.1,6.958,5.0,Requer avaliação,6.3,6.5,8.3,Sim,Não,Fase 5 (1º EM),-2,Destaque: A sua boa entrega das lições de casa.,Melhorar: Empenhar-se mais nas aulas e avaliações.,Melhorar: Integrar-se mais aos Princípios Passos Mágicos.,2022,,,,Completo,3.0
RA-272,3,K,Aluno-272,2008.0,14.0,Menino,2021,Escola Pública,6.361,Ágata,666.0,88.0,14.0,4.0,9.2,5.7,7.5,5.1,6.417,5.0,Não atendido,5.0,6.8,3.5,Não,Não,Fase 4 (9º ano),-1,Melhorar: Melhorar a sua entrega de lições de casa.,Melhorar: Empenhar-se mais nas aulas e avaliações.,Melhorar: Integrar-se mais aos Princípios Passos Mágicos.,2022,,,,Completo,3.0
RA-273,3,K,Aluno-273,2008.0,14.0,Menina,2018,Escola Pública,5.679,Quartzo,761.0,110.0,15.0,4.0,9.2,5.3,7.5,3.0,5.833,5.0,Não atendido,3.8,4.7,0.5,Não,Não,Fase 4 (9º ano),-1,Melhorar: Melhorar a sua entrega de lições de casa.,Melhorar: Empenhar-se mais nas aulas e avaliações.,Melhorar: Integrar-se mais aos Princípios Passos Mágicos.,2022,,,,Completo,3.0
RA-274,3,K,Aluno-274,2011.0,11.0,Menina,2019,Rede Decisão,7.946,Ametista,157.0,24.0,5.0,4.0,7.9,8.3,7.5,8.1,7.0,10.0,Não atendido,8.1,9.3,7.0,Não,Não,Fase 2 (5º e 6º ano),1,Destaque: A sua boa entrega das lições de casa.,Destaque: As suas boas notas na Passos Mágicos.,Melhorar: Integrar-se mais aos Princípios Passos Mágicos.,2022,,,,Completo,3.0
RA-275,3,K,Aluno-275,2007.0,15.0,Menino,2018,Escola Pública,6.665,Ágata,600.0,79.0,12.0,4.0,9.6,6.9,7.5,4.6,6.667,5.0,Não atendido,5.0,6.0,2.7,Sim,Não,Fase 5 (1º EM),-2,Melhorar: Melhorar a sua entrega de lições de casa.,Melhorar: Empenhar-se mais nas aulas e avaliações.,Melhorar: Integrar-se mais aos Princípios Passos Mágicos.,2022,,,,Completo,3.0
RA-276,3,K,Aluno-276,2008.0,14.0,Menina,2017,Escola Pública,5.527,Quartzo,788.0,118.0,16.0,4.0,7.1,5.7,5.6,4.3,5.125,5.0,Não indicado,3.7,6.0,3.3,Não,Não,Fase 4 (9º ano),-1,Melhorar: Melhorar a sua entrega de lições de casa.,Melhorar: Empenhar-se mais nas aulas e avaliações.,Melhorar: Integrar-se mais aos Princípios Passos Mágicos.,2022,,,,Completo,3.0
RA-277,3,K,Aluno-277,2008.0,14.0,Menino,2021,Escola Pública,7.411,Ametista,354.0,41.0,7.0,4.0,7.1,8.8,7.5,7.4,7.208,5.0,Não atendido,7.2,7.0,8.2,Sim,Não,Fase 4 (9º ano),-1,Destaque: A sua boa entrega das lições de casa.,Melhorar: Empenhar-se mais nas aulas e avaliações.,Melhorar: Integrar-se mais aos Princípios Passos Mágicos.,2022,,,,Completo,3.0
RA-278,3,K,Aluno-278,2010.0,12.0,Menino,2018,Rede Decisão,7.741,Ametista,222.0,31.0,6.0,4.0,8.8,9.2,5.6,6.0,7.417,10.0,Requer avaliação,5.7,5.8,6.4,Não,Não,Fase 3 (7º e 8º ano),0,Destaque: A sua boa entrega das lições de casa.,Melhorar: Empenhar-se mais nas aulas e avaliações.,Melhorar: Integrar-se mais aos Princípios Passos Mágicos.,2022,,,,Completo,3.0
RA-279,3,K,Aluno-279,2009.0,13.0,Menino,2019,Rede Decisão,8.815,Topázio,10.0,1.0,1.0,4.0,9.2,9.9,6.3,9.1,8.208,10.0,Sem limitações,9.7,8.3,9.3,Não,Não,Fase 3 (7º e 8º ano),0,Destaque: A sua boa entrega das lições de casa.,Destaque: As suas boas notas na Passos Mágicos.,Destaque: A sua boa integração aos Princípios Passos Mágicos.,2022,,,,Completo,3.0
RA-280,3,K,Aluno-280,2009.0,13.0,Menina,2021,Rede Decisão,8.046,Ametista,133.0,20.0,4.0,4.0,7.5,9.2,7.5,7.1,7.333,10.0,Sem limitações,5.7,7.0,8.7,Não,Não,Fase 3 (7º e 8º ano),0,Destaque: A sua boa entrega das lições de casa.,Melhorar: Empenhar-se mais nas aulas e avaliações.,Melhorar: Integrar-se mais aos Princípios Passos Mágicos.,2022,,,,Completo,3.0
RA-281,3,K,Aluno-281,2009.0,13.0,Menina,2019,Escola Pública,6.806,Ágata,553.0,71.0,10.0,4.0,6.7,6.9,7.5,5.9,5.625,10.0,Sem limitações,5.0,6.8,6.0,Não,Não,Fase 3 (7º e 8º ano),0,Melhorar: Melhorar a sua entrega de lições de casa.,Melhorar: Empenhar-se mais nas aulas e avaliações.,Melhorar: Integrar-se mais aos Princípios Passos Mágicos.,2022,,,,Completo,3.0
RA-282,3,K,Aluno-282,2009.0,13.0,Menina,2019,Escola Pública,6.618,Ágata,620.0,80.0,13.0,4.0,8.8,6.8,7.5,4.0,5.625,10.0,Sem limitações,4.7,6.3,1.0,Não,Não,Fase 3 (7º e 8º ano),0,Melhorar: Melhorar a sua entrega de lições de casa.,Melhorar: Empenhar-se mais nas aulas e avaliações.,Melhorar: Integrar-se mais aos Princípios Passos Mágicos.,2022,,,,Completo,3.0
RA-283,3,K,Aluno-283,2008.0,14.0,Menino,2020,Escola Pública,7.131,Ametista,448.0,54.0,9.0,4.0,9.6,8.8,7.5,5.6,6.625,5.0,Não atendido,4.5,5.8,6.6,Não,Não,Fase 4 (9º ano),-1,Destaque: A sua boa entrega das lições de casa.,Melhorar: Empenhar-se mais nas aulas e avaliações.,Melhorar: Integrar-se mais aos Princípios Passos Mágicos.,2022,,,,Completo,3.0
RA-284,3,L,Aluno-284,2009.0,13.0,Menino,2022,Escola Pública,5.939,Quartzo,734.0,106.0,3.0,4.0,6.7,5.1,5.6,3.8,5.958,10.0,Sem limitações,7.0,4.5,0.0,Não,Não,Fase 3 (7º e 8º ano),0,Melhorar: Melhorar a sua entrega de lições de casa.,Melhorar: Empenhar-se mais nas aulas e avaliações.,Melhorar: Integrar-se mais aos Princípios Passos Mágicos.,2022,,,,Completo,3.0
RA-285,3,L,Aluno-285,2006.0,16.0,Menina,2020,Escola Pública,5.063,Quartzo,817.0,126.0,5.0,4.0,9.2,4.1,7.5,2.8,5.75,2.5,Sem limitações,4.0,3.2,1.2,Não,Não,Fase 6 (2º EM),-3,Melhorar: Melhorar a sua entrega de lições de casa.,Melhorar: Empenhar-se mais nas aulas e avaliações.,Melhorar: Integrar-se mais aos Princípios Passos Mágicos.,2022,,,,Completo,3.0
RA-286,3,L,Aluno-286,2007.0,15.0,Menina,2022,Escola Pública,5.424,Quartzo,794.0,119.0,4.0,4.0,7.1,5.8,6.3,3.0,5.625,5.0,Sem limitações,4.7,2.3,2.0,Não,Não,Fase 5 (1º EM),-2,Melhorar: Melhorar a sua entrega de lições de casa.,Melhorar: Empenhar-se mais nas aulas e avaliações.,Melhorar: Integrar-se mais aos Princípios Passos Mágicos.,2022,,,,Completo,3.0
RA-287,3,L,Aluno-287,2005.0,17.0,Menina,2022,Escola Pública,3.7,Quartzo,859.0,148.0,11.0,4.0,7.9,3.4,5.0,1.1,4.292,2.5,Requer avaliação,0.7,2.5,0.2,Não,Não,Fase 7 (3º EM),-4,Melhorar: Melhorar a sua entrega de lições de casa.,Melhorar: Empenhar-se mais nas aulas e avaliações.,Melhorar: Integrar-se mais aos Princípios Passos Mágicos.,2022,,,,Completo,3.0
RA-288,3,L,Aluno-288,2006.0,16.0,Menina,2022,Escola Pública,4.097,Quartzo,854.0,147.0,10.0,4.0,0.0,5.6,6.3,0.0,6.833,2.5,Sem limitações,,,,Não,Não,Fase 6 (2º EM),-3,Melhorar: Melhorar a sua entrega de lições de casa.,Melhorar: Empenhar-se mais nas aulas e avaliações.,Melhorar: Integrar-se mais aos Princípios Passos Mágicos.,2022,,,,Completo,3.0
RA-289,3,L,Aluno-289,2008.0,14.0,Menina,2020,Escola Pública,6.236,Ágata,699.0,94.0,2.0,4.0,0.0,7.8,6.3,6.8,7.25,5.0,Sem limitações,5.3,7.5,7.5,Não,Não,Fase 4 (9º ano),-1,Destaque: A sua boa entrega das lições de casa.,Melhorar: Empenhar-se mais nas aulas e avaliações.,Melhorar: Integrar-se mais aos Princípios Passos Mágicos.,2022,,,,Completo,3.0
RA-290,3,L,Aluno-290,2005.0,17.0,Menina,2022,Escola Pública,4.929,Quartzo,830.0,131.0,7.0,4.0,10.0,3.9,6.3,1.7,6.042,2.5,Sem limitações,1.0,2.3,1.8,Não,Não,Fase 7 (3º EM),-4,Melhorar: Melhorar a sua entrega de lições de casa.,Melhorar: Empenhar-se mais nas aulas e avaliações.,Melhorar: Integrar-se mais aos Princípios Passos Mágicos.,2022,,,,Completo,3.0
RA-291,3,L,Aluno-291,2009.0,13.0,Menino,2022,Escola Pública,8.122,Topázio,107.0,18.0,1.0,4.0,8.3,8.2,6.9,8.0,7.792,10.0,Sem limitações,8.0,7.5,8.5,Sim,Não,Fase 3 (7º e 8º ano),0,Destaque: A sua boa entrega das lições de casa.,Destaque: As suas boas notas na Passos Mágicos.,Destaque: A sua boa integração aos Princípios Passos Mágicos.,2022,,,,Completo,3.0
RA-292,3,L,Aluno-292,2006.0,16.0,Menino,2022,Escola Pública,4.837,Quartzo,833.0,134.0,9.0,4.0,7.9,3.7,7.5,1.8,6.292,2.5,Não atendido,0.0,5.0,0.5,Não,Não,Fase 6 (2º EM),-3,Melhorar: Melhorar a sua entrega de lições de casa.,Melhorar: Empenhar-se mais nas aulas e avaliações.,Melhorar: Integrar-se mais aos Princípios Passos Mágicos.,2022,,,,Completo,3.0
RA-293,3,L,Aluno-293,2009.0,13.0,Menino,2022,Escola Pública,4.875,Quartzo,831.0,132.0,8.0,4.0,8.8,2.9,7.5,2.3,3.333,10.0,Não atendido,2.0,3.8,1.0,Não,Não,Fase 3 (7º e 8º ano),0,Melhorar: Melhorar a sua entrega de lições de casa.,Melhorar: Empenhar-se mais nas aulas e avaliações.,Melhorar: Integrar-se mais aos Princípios Passos Mágicos.,2022,,,,Completo,3.0
RA-294,3,L,Aluno-294,2004.0,18.0,Menina,2022,Escola Pública,5.031,Quartzo,819.0,127.0,6.0,4.0,9.6,5.8,7.5,0.0,5.917,2.5,Não atendido,,,,Não,Não,Fase 8 (Universitários),-5,Melhorar: Melhorar a sua entrega de lições de casa.,Melhorar: Empenhar-se mais nas aulas e avaliações.,Melhorar: Integrar-se mais aos Princípios Passos Mágicos.,2022,,,,Completo,3.0
RA-295,3,M,Aluno-295,2008.0,14.0,Menina,2022,Escola Pública,7.305,Ametista,386.0,45.0,2.0,4.0,7.9,8.0,7.5,6.9,7.375,5.0,Não atendido,5.3,7.7,7.7,Sim,Não,Fase 4 (9º ano),-1,Destaque: A sua boa entrega das lições de casa.,Melhorar: Empenhar-se mais nas aulas e avaliações.,Melhorar: Integrar-se mais aos Princípios Passos Mágicos.,2022,,,,Completo,3.0
RA-296,3,M,Aluno-296,2007.0,15.0,Menina,2022,Escola Pública,4.665,Quartzo,839.0,137.0,16.0,4.0,8.8,3.6,7.5,2.8,3.833,5.0,Não atendido,5.7,2.7,0.2,Não,Não,Fase 5 (1º EM),-2,Melhorar: Melhorar a sua entrega de lições de casa.,Melhorar: Empenhar-se mais nas aulas e avaliações.,Melhorar: Integrar-se mais aos Princípios Passos Mágicos.,2022,,,,Completo,3.0
RA-297,3,M,Aluno-297,2009.0,13.0,Menina,2022,Escola Pública,7.478,Ametista,324.0,36.0,1.0,4.0,7.1,7.9,6.3,6.6,7.417,10.0,Sem limitações,6.3,5.3,8.2,Sim,Não,Fase 3 (7º e 8º ano),0,Destaque: A sua boa entrega das lições de casa.,Melhorar: Empenhar-se mais nas aulas e avaliações.,Melhorar: Integrar-se mais aos Princípios Passos Mágicos.,2022,,,,Completo,3.0
RA-298,3,M,Aluno-298,2009.0,13.0,Menino,2019,Escola Pública,6.409,Ágata,659.0,86.0,7.0,4.0,9.2,6.3,5.6,5.2,5.417,10.0,Sem limitações,5.5,4.8,,Não,Não,Fase 3 (7º e 8º ano),0,Melhorar: Melhorar a sua entrega de lições de casa.,Melhorar: Empenhar-se mais nas aulas e avaliações.,Melhorar: Integrar-se mais aos Princípios Passos Mágicos.,2022,,,,Completo,3.0
RA-299,3,M,Aluno-299,2009.0,13.0,Menina,2019,Rede Decisão,7.278,Ametista,404.0,48.0,3.0,4.0,7.1,8.2,5.0,6.8,6.708,10.0,Requer avaliação,6.3,7.3,6.7,Não,Não,Fase 3 (7º e 8º ano),0,Destaque: A sua boa entrega das lições de casa.,Melhorar: Empenhar-se mais nas aulas e avaliações.,Melhorar: Integrar-se mais aos Princípios Passos Mágicos.,2022,,,,Completo,3.0
RA-300,3,M,Aluno-300,2008.0,14.0,Menino,2022,Escola Pública,5.557,Quartzo,781.0,116.0,14.0,4.0,5.4,6.9,6.3,3.1,5.875,5.0,Sem limitações,2.7,4.8,1.7,Sim,Não,Fase 4 (9º ano),-1,Melhorar: Melhorar a sua entrega de lições de casa.,Melhorar: Empenhar-se mais nas aulas e avaliações.,Melhorar: Integrar-se mais aos Princípios Passos Mágicos.,2022,,,,Completo,3.0
RA-301,3,M,Aluno-301,2009.0,13.0,Menina,2019,Escola Pública,6.802,Ágata,554.0,72.0,5.0,4.0,8.8,5.8,5.6,6.3,6.042,10.0,Sem limitações,6.5,7.2,5.4,Sim,Não,Fase 3 (7º e 8º ano),0,Melhorar: Melhorar a sua entrega de lições de casa.,Melhorar: Empenhar-se mais nas aulas e avaliações.,Melhorar: Integrar-se mais aos Princípios Passos Mágicos.,2022,,,,Completo,3.0
RA-302,3,M,Aluno-302,2006.0,16.0,Menino,2022,Escola Pública,6.334,Ágata,673.0,90.0,10.0,4.0,9.2,7.7,6.9,4.8,6.208,2.5,Sem limitações,4.3,5.0,5.0,Não,Não,Fase 6 (2º EM),-3,Destaque: A sua boa entrega das lições de casa.,Melhorar: Empenhar-se mais nas aulas e avaliações.,Melhorar: Integrar-se mais aos Princípios Passos Mágicos.,2022,,,,Completo,3.0
RA-303,3,M,Aluno-303,2008.0,14.0,Menino,2019,Escola Pública,6.03,Ágata,723.0,102.0,13.0,4.0,7.5,7.2,7.5,3.9,5.375,5.0,Não atendido,3.8,4.0,,Não,Não,Fase 4 (9º ano),-1,Melhorar: Melhorar a sua entrega de lições de casa.,Melhorar: Empenhar-se mais nas aulas e avaliações.,Melhorar: Integrar-se mais aos Princípios Passos Mágicos.,2022,,,,Completo,3.0
RA-304,3,M,Aluno-304,2007.0,15.0,Menino,2020,Escola Pública,6.355,Ágata,667.0,89.0,9.0,4.0,8.8,7.7,7.5,4.3,5.542,5.0,Não atendido,3.0,5.5,,Sim,Não,Fase 5 (1º EM),-2,Destaque: A sua boa entrega das lições de casa.,Melhorar: Empenhar-se mais nas aulas e avaliações.,Melhorar: Integrar-se mais aos Princípios Passos Mágicos.,2022,,,,Completo,3.0
RA-305,3,M,Aluno-305,2008.0,14.0,Menino,2019,Escola Pública,6.058,Ágata,717.0,100.0,12.0,4.0,7.9,6.6,7.5,4.8,5.208,5.0,Não atendido,2.8,6.7,,Não,Não,Fase 4 (9º ano),-1,Melhorar: Melhorar a sua entrega de lições de casa.,Melhorar: Empenhar-se mais nas aulas e avaliações.,Melhorar: Integrar-se mais aos Princípios Passos Mágicos.,2022,,,,Completo,3.0
RA-306,3,M,Aluno-306,2008.0,14.0,Menina,2021,Escola Pública,6.427,Ágata,656.0,85.0,6.0,4.0,8.3,6.8,7.5,5.2,5.958,5.0,Não atendido,4.7,5.8,5.0,Não,Não,Fase 4 (9º ano),-1,Melhorar: Melhorar a sua entrega de lições de casa.,Melhorar: Empenhar-se mais nas aulas e avaliações.,Melhorar: Integrar-se mais aos Princípios Passos Mágicos.,2022,,,,Completo,3.0
RA-307,3,M,Aluno-307,2008.0,14.0,Menino,2022,Escola Pública,4.733,Quartzo,838.0,136.0,15.0,4.0,5.4,4.5,7.5,2.5,4.708,5.0,Não atendido,5.0,0.0,,Não,Não,Fase 4 (9º ano),-1,Melhorar: Melhorar a sua entrega de lições de casa.,Melhorar: Empenhar-se mais nas aulas e avaliações.,Melhorar: Integrar-se mais aos Princípios Passos Mágicos.,2022,,,,Completo,3.0
RA-308,3,M,Aluno-308,2009.0,13.0,Menino,2019,Escola Pública,6.93,Ágata,514.0,66.0,4.0,4.0,7.9,7.4,6.9,5.0,6.167,10.0,Sem limitações,6.7,5.5,2.8,Sim,Não,Fase 3 (7º e 8º ano),0,Melhorar: Melhorar a sua entrega de lições de casa.,Melhorar: Empenhar-se mais nas aulas e avaliações.,Melhorar: Integrar-se mais aos Princípios Passos Mágicos.,2022,,,,Completo,3.0
RA-309,3,M,Aluno-309,2008.0,14.0,Menina,2022,Escola Pública,6.151,Ágata,702.0,96.0,11.0,4.0,9.2,5.2,7.5,6.5,5.083,5.0,Não atendido,7.0,6.0,,Não,Não,Fase 4 (9º ano),-1,Melhorar: Melhorar a sua entrega de lições de casa.,Melhorar: Empenhar-se mais nas aulas e avaliações.,Melhorar: Integrar-se mais aos Princípios Passos Mágicos.,2022,,,,Completo,3.0
RA-310,3,M,Aluno-310,2007.0,15.0,Menina,2022,Escola Pública,6.4,Ágata,662.0,87.0,8.0,4.0,7.9,7.5,7.5,4.5,6.0,5.0,Não atendido,3.7,3.8,6.0,Sim,Não,Fase 5 (1º EM),-2,Destaque: A sua boa entrega das lições de casa.,Melhorar: Empenhar-se mais nas aulas e avaliações.,Melhorar: Integrar-se mais aos Princípios Passos Mágicos.,2022,,,,Completo,3.0
RA-311,3,N,Aluno-311,2006.0,16.0,Menina,2022,Escola Pública,5.652,Quartzo,771.0,114.0,13.0,3.0,7.9,5.6,5.0,5.2,6.222,2.5,Requer avaliação,5.0,6.2,4.3,Não,Não,Fase 6 (2º EM),-3,Melhorar: Melhorar a sua entrega de lições de casa.,Melhorar: Empenhar-se mais nas aulas e avaliações.,Melhorar: Integrar-se mais aos Princípios Passos Mágicos.,2022,,,,Completo,3.0
RA-312,3,N,Aluno-312,2009.0,13.0,Menina,2022,Escola Pública,7.339,Ametista,378.0,43.0,5.0,3.0,9.6,8.1,7.5,5.2,6.167,10.0,Não atendido,6.0,4.5,5.0,Não,Não,Fase 3 (7º e 8º ano),0,Destaque: A sua boa entrega das lições de casa.,Melhorar: Empenhar-se mais nas aulas e avaliações.,Melhorar: Integrar-se mais aos Princípios Passos Mágicos.,2022,,,,Completo,3.0
RA-313,3,N,Aluno-313,2008.0,14.0,Menina,2022,Escola Pública,5.8,Quartzo,750.0,108.0,11.0,3.0,7.5,7.0,5.0,4.1,5.889,5.0,Requer avaliação,4.7,5.0,2.5,Não,Não,Fase 4 (9º ano),-1,Melhorar: Melhorar a sua entrega de lições de casa.,Melhorar: Empenhar-se mais nas aulas e avaliações.,Melhorar: Integrar-se mais aos Princípios Passos Mágicos.,2022,,,,Completo,3.0
RA-314,3,N,Aluno-314,2009.0,13.0,Menina,2022,Escola Pública,6.1,Ágata,708.0,98.0,10.0,3.0,5.4,5.4,5.0,5.3,6.0,10.0,Requer avaliação,4.3,3.3,8.3,Não,Não,Fase 3 (7º e 8º ano),0,Melhorar: Melhorar a sua entrega de lições de casa.,Melhorar: Empenhar-se mais nas aulas e avaliações.,Melhorar: Integrar-se mais aos Princípios Passos Mágicos.,2022,,,,Completo,3.0
RA-315,3,N,Aluno-315,2009.0,13.0,Menina,2022,Escola Pública,5.672,Quartzo,764.0,111.0,12.0,3.0,6.7,5.1,7.5,3.0,5.056,10.0,Não atendido,3.0,4.2,1.8,Não,Não,Fase 3 (7º e 8º ano),0,Melhorar: Melhorar a sua entrega de lições de casa.,Melhorar: Empenhar-se mais nas aulas e avaliações.,Melhorar: Integrar-se mais aos Princípios Passos Mágicos.,2022,,,,Completo,3.0
RA-316,3,N,Aluno-316,2008.0,14.0,Menina,2022,Escola Pública,7.889,Ametista,174.0,28.0,2.0,3.0,10.0,10.0,6.9,6.1,8.389,5.0,Não atendido,7.0,6.5,4.7,Sim,Sim,Fase 4 (9º ano),-1,Destaque: A sua boa entrega das lições de casa.,Melhorar: Empenhar-se mais nas aulas e avaliações.,Destaque: A sua boa integração aos Princípios Passos Mágicos.,2022,,,,Completo,3.0
RA-317,3,N,Aluno-317,2009.0,13.0,Menino,2021,Escola Pública,7.04,Ametista,474.0,59.0,6.0,3.0,8.8,5.6,7.5,6.8,5.944,10.0,Não atendido,4.7,5.7,10.0,Não,Não,Fase 3 (7º e 8º ano),0,Melhorar: Melhorar a sua entrega de lições de casa.,Melhorar: Empenhar-se mais nas aulas e avaliações.,Melhorar: Integrar-se mais aos Princípios Passos Mágicos.,2022,,,,Completo,3.0
RA-318,3,N,Aluno-318,2008.0,14.0,Menina,2019,Escola Pública,6.527,Ágata,640.0,83.0,9.0,3.0,8.3,6.9,6.9,5.8,6.111,5.0,Sem limitações,4.3,5.8,7.3,Não,Não,Fase 4 (9º ano),-1,Melhorar: Melhorar a sua entrega de lições de casa.,Melhorar: Empenhar-se mais nas aulas e avaliações.,Melhorar: Integrar-se mais aos Princípios Passos Mágicos.,2022,,,,Completo,3.0
RA-319,3,N,Aluno-319,2009.0,13.0,Menino,2022,Escola Pública,7.448,Ametista,336.0,37.0,4.0,3.0,9.2,7.7,7.5,5.2,7.5,10.0,Não atendido,6.3,4.3,5.0,Não,Não,Fase 3 (7º e 8º ano),0,Destaque: A sua boa entrega das lições de casa.,Melhorar: Empenhar-se mais nas aulas e avaliações.,Destaque: A sua boa integração aos Princípios Passos Mágicos.,2022,,,,Completo,3.0
RA-320,3,N,Aluno-320,2008.0,14.0,Menina,2022,Escola Pública,7.897,Ametista,170.0,27.0,1.0,3.0,8.8,10.0,6.9,6.4,8.667,5.0,Sem limitações,7.3,6.3,5.7,Sim,Sim,Fase 4 (9º ano),-1,Destaque: A sua boa entrega das lições de casa.,Melhorar: Empenhar-se mais nas aulas e avaliações.,Destaque: A sua boa integração aos Princípios Passos Mágicos.,2022,,,,Completo,3.0
RA-321,3,N,Aluno-321,2010.0,12.0,Menina,2022,Escola Pública,7.792,Ametista,202.0,30.0,3.0,3.0,9.2,9.1,5.6,5.2,8.278,10.0,Sem limitações,5.7,6.2,3.7,Sim,Não,Fase 3 (7º e 8º ano),0,Destaque: A sua boa entrega das lições de casa.,Melhorar: Empenhar-se mais nas aulas e avaliações.,Destaque: A sua boa integração aos Princípios Passos Mágicos.,2022,,,,Completo,3.0
RA-322,3,N,Aluno-322,2009.0,13.0,Menina,2022,Escola Pública,6.859,Ágata,536.0,70.0,8.0,3.0,7.1,8.1,5.0,4.7,6.778,10.0,Requer avaliação,4.3,5.7,4.0,Não,Não,Fase 3 (7º e 8º ano),0,Destaque: A sua boa entrega das lições de casa.,Melhorar: Empenhar-se mais nas aulas e avaliações.,Melhorar: Integrar-se mais aos Princípios Passos Mágicos.,2022,,,,Completo,3.0
RA-323,3,N,Aluno-323,2009.0,13.0,Menino,2022,Escola Pública,6.86,Ágata,535.0,69.0,7.0,3.0,9.2,7.3,7.5,3.4,6.611,10.0,Sem limitações,7.3,2.5,0.5,Não,Não,Fase 3 (7º e 8º ano),0,Melhorar: Melhorar a sua entrega de lições de casa.,Melhorar: Empenhar-se mais nas aulas e avaliações.,Melhorar: Integrar-se mais aos Princípios Passos Mágicos.,2022,,,,Completo,3.0
RA-324,2,A,Aluno-324,2012.0,10.0,Menina,2022,Escola Pública,8.27,Topázio,66.0,6.0,1.0,3.0,10.0,9.3,6.9,6.8,8.611,10.0,Sem limitações,6.3,7.2,,Sim,Sim,Fase 2 (5º e 6º ano),0,Destaque: A sua boa entrega das lições de casa.,Melhorar: Empenhar-se mais nas aulas e avaliações.,Destaque: A sua boa integração aos Princípios Passos Mágicos.,2022,,,,Completo,2.0
RA-325,2,A,Aluno-325,2012.0,10.0,Menino,2022,Escola Pública,7.619,Ametista,265.0,42.0,6.0,3.0,9.5,6.8,7.5,6.0,8.444,10.0,Sem limitações,6.0,6.0,,Sim,Sim,Fase 2 (5º e 6º ano),0,Melhorar: Melhorar a sua entrega de lições de casa.,Melhorar: Empenhar-se mais nas aulas e avaliações.,Destaque: A sua boa integração aos Princípios Passos Mágicos.,2022,,,,Completo,2.0
RA-326,2,A,Aluno-326,2010.0,12.0,Menina,2022,Escola Pública,8.22,Topázio,80.0,9.0,2.0,3.0,10.0,9.7,5.0,9.0,8.944,5.0,Requer avaliação,8.7,9.3,,Sim,Sim,Fase 3 (7º e 8º ano),-1,Destaque: A sua boa entrega das lições de casa.,Destaque: As suas boas notas na Passos Mágicos.,Destaque: A sua boa integração aos Princípios Passos Mágicos.,2022,,,,Completo,2.0
RA-327,2,A,Aluno-327,2011.0,11.0,Menino,2021,Escola Pública,6.986,Ágata,491.0,72.0,7.0,3.0,8.5,8.8,7.5,2.8,7.333,10.0,Sem limitações,2.3,3.2,,Não,Não,Fase 2 (5º e 6º ano),0,Destaque: A sua boa entrega das lições de casa.,Melhorar: Empenhar-se mais nas aulas e avaliações.,Melhorar: Integrar-se mais aos Princípios Passos Mágicos.,2022,,,,Completo,2.0
RA-328,2,A,Aluno-328,2010.0,12.0,Menino,2020,Escola Pública,6.823,Ágata,548.0,86.0,8.0,3.0,10.0,7.0,7.5,5.3,7.5,5.0,Sem limitações,4.0,6.5,,Não,Não,Fase 3 (7º e 8º ano),-1,Melhorar: Melhorar a sua entrega de lições de casa.,Melhorar: Empenhar-se mais nas aulas e avaliações.,Melhorar: Integrar-se mais aos Princípios Passos Mágicos.,2022,,,,Completo,2.0
RA-329,2,A,Aluno-329,2011.0,11.0,Menino,2019,Escola Pública,6.313,Ágata,683.0,126.0,12.0,3.0,7.4,6.9,4.4,5.0,5.778,10.0,Requer avaliação,3.0,7.0,,Não,Não,Fase 2 (5º e 6º ano),0,Melhorar: Melhorar a sua entrega de lições de casa.,Melhorar: Empenhar-se mais nas aulas e avaliações.,Melhorar: Integrar-se mais aos Princípios Passos Mágicos.,2022,,,,Completo,2.0
RA-330,2,A,Aluno-330,2008.0,14.0,Menina,2018,Escola Pública,6.446,Ágata,651.0,116.0,11.0,3.0,9.5,8.8,7.5,2.5,7.056,5.0,Sem limitações,2.3,2.7,,Não,Não,Fase 4 (9º ano),-2,Destaque: A sua boa entrega das lições de casa.,Melhorar: Empenhar-se mais nas aulas e avaliações.,Melhorar: Integrar-se mais aos Princípios Passos Mágicos.,2022,,,,Completo,2.0
RA-331,2,A,Aluno-331,2010.0,12.0,Menina,2019,Escola Pública,6.636,Ágata,613.0,105.0,10.0,3.0,9.0,8.7,7.5,3.7,6.944,5.0,Sem limitações,2.3,5.0,,Não,Não,Fase 3 (7º e 8º ano),-1,Destaque: A sua boa entrega das lições de casa.,Melhorar: Empenhar-se mais nas aulas e avaliações.,Melhorar: Integrar-se mais aos Princípios Passos Mágicos.,2022,,,,Completo,2.0
RA-332,2,A,Aluno-332,2009.0,13.0,Menino,2017,Rede Decisão,7.883,Ametista,176.0,27.0,5.0,3.0,9.5,9.0,8.1,7.5,8.5,5.0,Sem limitações,7.5,7.5,,Não,Sim,Fase 3 (7º e 8º ano),-1,Destaque: A sua boa entrega das lições de casa.,Destaque: As suas boas notas na Passos Mágicos.,Destaque: A sua boa integração aos Princípios Passos Mágicos.,2022,,,,Completo,2.0
RA-333,2,A,Aluno-333,2008.0,14.0,Menino,2018,Escola JP II,5.249,Quartzo,807.0,153.0,13.0,3.0,8.0,5.8,3.8,2.9,6.722,5.0,Não indicado,0.2,5.7,,Não,Não,Fase 4 (9º ano),-2,Melhorar: Melhorar a sua entrega de lições de casa.,Melhorar: Empenhar-se mais nas aulas e avaliações.,Melhorar: Integrar-se mais aos Princípios Passos Mágicos.,2022,,,,Completo,2.0
RA-334,2,A,Aluno-334,2011.0,11.0,Menina,2019,Rede Decisão,7.961,Ametista,151.0,20.0,3.0,3.0,6.9,9.2,4.4,8.0,8.722,10.0,Não indicado,7.0,9.0,,Não,Sim,Fase 2 (5º e 6º ano),0,Destaque: A sua boa entrega das lições de casa.,Destaque: As suas boas notas na Passos Mágicos.,Destaque: A sua boa integração aos Princípios Passos Mágicos.,2022,,,,Completo,2.0
RA-335,2,A,Aluno-335,2012.0,10.0,Menino,2022,Escola Pública,7.902,Ametista,168.0,25.0,4.0,3.0,9.5,9.4,7.5,7.4,6.833,10.0,Sem limitações,5.8,9.0,,Não,Não,Fase 2 (5º e 6º ano),0,Destaque: A sua boa entrega das lições de casa.,Melhorar: Empenhar-se mais nas aulas e avaliações.,Melhorar: Integrar-se mais aos Princípios Passos Mágicos.,2022,,,,Completo,2.0
RA-336,2,A,Aluno-336,2009.0,13.0,Menino,2016,Escola Pública,6.787,Ágata,560.0,87.0,9.0,3.0,9.5,8.5,4.4,5.1,7.889,5.0,Requer avaliação,4.5,5.7,,Não,Não,Fase 3 (7º e 8º ano),-1,Destaque: A sua boa entrega das lições de casa.,Melhorar: Empenhar-se mais nas aulas e avaliações.,Destaque: A sua boa integração aos Princípios Passos Mágicos.,2022,,,,Completo,2.0
RA-337,2,B,Aluno-337,2011.0,11.0,Menino,2022,Escola Pública,7.914,Ametista,163.0,22.0,3.0,3.0,10.0,9.3,7.5,5.8,7.611,10.0,Não atendido,7.5,4.0,,Não,Não,Fase 2 (5º e 6º ano),0,Destaque: A sua boa entrega das lições de casa.,Melhorar: Empenhar-se mais nas aulas e avaliações.,Destaque: A sua boa integração aos Princípios Passos Mágicos.,2022,,,,Completo,2.0
RA-338,2,B,Aluno-338,2010.0,12.0,Menino,2019,Escola Pública,6.837,Ágata,544.0,84.0,10.0,3.0,8.5,7.3,7.5,5.8,7.611,5.0,Não atendido,5.3,6.2,,Não,Não,Fase 3 (7º e 8º ano),-1,Melhorar: Melhorar a sua entrega de lições de casa.,Melhorar: Empenhar-se mais nas aulas e avaliações.,Destaque: A sua boa integração aos Princípios Passos Mágicos.,2022,,,,Completo,2.0
RA-339,2,B,Aluno-339,2011.0,11.0,Menina,2019,Escola Pública,8.488,Topázio,36.0,3.0,1.0,3.0,6.9,9.9,7.5,8.1,8.889,10.0,Não atendido,7.1,9.2,,Sim,Sim,Fase 2 (5º e 6º ano),0,Destaque: A sua boa entrega das lições de casa.,Destaque: As suas boas notas na Passos Mágicos.,Destaque: A sua boa integração aos Princípios Passos Mágicos.,2022,,,,Completo,2.0
RA-340,2,B,Aluno-340,2011.0,11.0,Menino,2017,Escola Pública,7.721,Ametista,229.0,36.0,5.0,3.0,9.0,8.2,7.5,6.5,7.667,10.0,Não atendido,6.0,7.0,,Não,Não,Fase 2 (5º e 6º ano),0,Destaque: A sua boa entrega das lições de casa.,Melhorar: Empenhar-se mais nas aulas e avaliações.,Destaque: A sua boa integração aos Princípios Passos Mágicos.,2022,,,,Completo,2.0
RA-341,2,B,Aluno-341,2010.0,12.0,Menino,2022,Escola Pública,6.854,Ágata,537.0,83.0,9.0,3.0,8.0,7.7,7.5,5.8,7.5,5.0,Não atendido,5.0,6.5,,Não,Não,Fase 3 (7º e 8º ano),-1,Destaque: A sua boa entrega das lições de casa.,Melhorar: Empenhar-se mais nas aulas e avaliações.,Destaque: A sua boa integração aos Princípios Passos Mágicos.,2022,,,,Completo,2.0
RA-342,2,B,Aluno-342,2008.0,14.0,Menina,2021,Escola Pública,6.941,Ágata,511.0,77.0,7.0,3.0,9.0,6.7,7.5,6.6,7.5,5.0,Não atendido,5.5,7.7,,Não,Não,Fase 4 (9º ano),-2,Melhorar: Melhorar a sua entrega de lições de casa.,Melhorar: Empenhar-se mais nas aulas e avaliações.,Destaque: A sua boa integração aos Princípios Passos Mágicos.,2022,,,,Completo,2.0
RA-343,2,B,Aluno-343,2008.0,14.0,Menino,2020,Escola Pública,6.9,Ágata,525.0,80.0,8.0,3.0,9.5,7.4,7.5,5.9,7.167,5.0,Não atendido,4.2,7.7,,Não,Não,Fase 4 (9º ano),-2,Melhorar: Melhorar a sua entrega de lições de casa.,Melhorar: Empenhar-se mais nas aulas e avaliações.,Melhorar: Integrar-se mais aos Princípios Passos Mágicos.,2022,,,,Completo,2.0
RA-344,2,B,Aluno-344,2011.0,11.0,Menino,2019,Escola Pública,7.263,Ametista,409.0,60.0,6.0,3.0,8.5,8.3,7.5,4.5,7.5,10.0,Não atendido,2.3,6.7,,Não,Não,Fase 2 (5º e 6º ano),0,Destaque: A sua boa entrega das lições de casa.,Melhorar: Empenhar-se mais nas aulas e avaliações.,Destaque: A sua boa integração aos Princípios Passos Mágicos.,2022,,,,Completo,2.0
RA-345,2,B,Aluno-345,2009.0,13.0,Menino,2021,Escola Pública,5.75,Quartzo,754.0,139.0,12.0,3.0,9.5,5.4,5.6,3.6,6.667,5.0,Requer avaliação,1.3,5.8,,Não,Não,Fase 3 (7º e 8º ano),-1,Melhorar: Melhorar a sua entrega de lições de casa.,Melhorar: Empenhar-se mais nas aulas e avaliações.,Melhorar: Integrar-se mais aos Princípios Passos Mágicos.,2022,,,,Completo,2.0
RA-346,2,B,Aluno-346,2012.0,10.0,Menino,2022,Escola Pública,8.143,Topázio,102.0,14.0,2.0,3.0,10.0,9.1,7.5,7.0,7.889,10.0,Não atendido,6.0,8.0,,Não,Não,Fase 2 (5º e 6º ano),0,Destaque: A sua boa entrega das lições de casa.,Melhorar: Empenhar-se mais nas aulas e avaliações.,Destaque: A sua boa integração aos Princípios Passos Mágicos.,2022,,,,Completo,2.0
RA-347,2,B,Aluno-347,2010.0,12.0,Menina,2019,Escola Pública,7.908,Ametista,167.0,24.0,4.0,3.0,9.0,10.0,5.6,8.5,8.0,5.0,Sem limitações,8.5,8.5,,Sim,Não,Fase 3 (7º e 8º ano),-1,Destaque: A sua boa entrega das lições de casa.,Destaque: As suas boas notas na Passos Mágicos.,Destaque: A sua boa integração aos Princípios Passos Mágicos.,2022,,,,Completo,2.0
RA-348,2,B,Aluno-348,2010.0,12.0,Menino,2022,Escola Pública,5.864,Quartzo,741.0,135.0,11.0,3.0,9.0,8.7,7.5,1.8,5.833,5.0,Sem limitações,0.5,3.0,,Não,Não,Fase 3 (7º e 8º ano),-1,Destaque: A sua boa entrega das lições de casa.,Melhorar: Empenhar-se mais nas aulas e avaliações.,Melhorar: Integrar-se mais aos Princípios Passos Mágicos.,2022,,,,Completo,2.0
RA-349,2,B,Aluno-349,2010.0,12.0,Menino,2021,Escola Pública,5.658,Quartzo,770.0,143.0,13.0,3.0,9.5,7.7,7.5,3.7,3.944,5.0,Sem limitações,2.2,5.2,,Não,Não,Fase 3 (7º e 8º ano),-1,Destaque: A sua boa entrega das lições de casa.,Melhorar: Empenhar-se mais nas aulas e avaliações.,Melhorar: Integrar-se mais aos Princípios Passos Mágicos.,2022,,,,Completo,2.0
RA-350,2,D,Aluno-350,2011.0,11.0,Menina,2022,Escola Pública,8.206,Topázio,84.0,10.0,2.0,3.0,10.0,8.8,7.5,6.5,8.611,10.0,Não atendido,7.0,6.0,,Não,Sim,Fase 2 (5º e 6º ano),0,Destaque: A sua boa entrega das lições de casa.,Melhorar: Empenhar-se mais nas aulas e avaliações.,Destaque: A sua boa integração aos Princípios Passos Mágicos.,2022,,,,Completo,2.0
RA-351,2,D,Aluno-351,2008.0,14.0,Menino,2022,Escola Pública,6.622,Ágata,618.0,107.0,7.0,3.0,9.0,7.2,7.5,4.0,8.111,5.0,Não atendido,3.2,4.8,,Não,Não,Fase 4 (9º ano),-2,Melhorar: Melhorar a sua entrega de lições de casa.,Melhorar: Empenhar-se mais nas aulas e avaliações.,Destaque: A sua boa integração aos Princípios Passos Mágicos.,2022,,,,Completo,2.0
RA-352,2,D,Aluno-352,2011.0,11.0,Menino,2019,Escola Pública,7.834,Ametista,191.0,31.0,4.0,3.0,9.0,8.1,5.6,7.0,8.389,10.0,Requer avaliação,7.3,6.7,,Não,Sim,Fase 2 (5º e 6º ano),0,Destaque: A sua boa entrega das lições de casa.,Melhorar: Empenhar-se mais nas aulas e avaliações.,Destaque: A sua boa integração aos Princípios Passos Mágicos.,2022,,,,Completo,2.0
RA-353,2,D,Aluno-353,2011.0,11.0,Menina,2022,Escola Pública,8.264,Topázio,69.0,7.0,1.0,3.0,7.0,10.0,7.5,7.5,8.444,10.0,Não atendido,8.0,7.0,,Não,Sim,Fase 2 (5º e 6º ano),0,Destaque: A sua boa entrega das lições de casa.,Destaque: As suas boas notas na Passos Mágicos.,Destaque: A sua boa integração aos Princípios Passos Mágicos.,2022,,,,Completo,2.0
RA-354,2,D,Aluno-354,2009.0,13.0,Menina,2018,Escola Pública,5.858,Quartzo,742.0,136.0,9.0,3.0,8.5,4.3,7.5,4.5,7.333,5.0,Não atendido,2.8,6.2,,Não,Não,Fase 3 (7º e 8º ano),-1,Melhorar: Melhorar a sua entrega de lições de casa.,Melhorar: Empenhar-se mais nas aulas e avaliações.,Melhorar: Integrar-se mais aos Princípios Passos Mágicos.,2022,,,,Completo,2.0
RA-355,2,D,Aluno-355,2010.0,12.0,Menina,2018,Escola Pública,5.379,Quartzo,796.0,151.0,11.0,3.0,5.8,5.0,7.5,4.5,6.056,5.0,Não atendido,5.5,3.5,,Não,Não,Fase 3 (7º e 8º ano),-1,Melhorar: Melhorar a sua entrega de lições de casa.,Melhorar: Empenhar-se mais nas aulas e avaliações.,Melhorar: Integrar-se mais aos Princípios Passos Mágicos.,2022,,,,Completo,2.0
RA-356,2,D,Aluno-356,2010.0,12.0,Menino,2019,Escola Pública,6.69,Ágata,591.0,97.0,6.0,3.0,10.0,8.4,5.0,4.6,8.278,5.0,Requer avaliação,5.3,3.8,,Não,Não,Fase 3 (7º e 8º ano),-1,Destaque: A sua boa entrega das lições de casa.,Melhorar: Empenhar-se mais nas aulas e avaliações.,Destaque: A sua boa integração aos Princípios Passos Mágicos.,2022,,,,Completo,2.0
RA-357,2,D,Aluno-357,2010.0,12.0,Menino,2022,Escola Pública,7.836,Ametista,190.0,30.0,3.0,3.0,8.0,9.6,7.5,8.5,7.778,5.0,Não atendido,10.0,7.0,,Não,Não,Fase 3 (7º e 8º ano),-1,Destaque: A sua boa entrega das lições de casa.,Destaque: As suas boas notas na Passos Mágicos.,Destaque: A sua boa integração aos Princípios Passos Mágicos.,2022,,,,Completo,2.0
RA-358,2,D,Aluno-358,2009.0,13.0,Menino,2022,Escola Pública,5.412,Quartzo,795.0,150.0,10.0,3.0,7.5,6.5,7.5,0.0,7.556,5.0,Não atendido,0.0,0.0,,Não,Não,Fase 3 (7º e 8º ano),-1,Melhorar: Melhorar a sua entrega de lições de casa.,Melhorar: Empenhar-se mais nas aulas e avaliações.,Destaque: A sua boa integração aos Princípios Passos Mágicos.,2022,,,,Completo,2.0
RA-359,2,D,Aluno-359,2010.0,12.0,Menina,2019,Escola Pública,6.606,Ágata,625.0,108.0,8.0,3.0,9.0,7.0,7.5,4.6,7.5,5.0,Não atendido,3.3,5.8,,Não,Não,Fase 3 (7º e 8º ano),-1,Melhorar: Melhorar a sua entrega de lições de casa.,Melhorar: Empenhar-se mais nas aulas e avaliações.,Melhorar: Integrar-se mais aos Princípios Passos Mágicos.,2022,,,,Completo,2.0
RA-360,2,D,Aluno-360,2010.0,12.0,Menina,2019,Escola Pública,7.075,Ametista,463.0,70.0,5.0,3.0,9.5,8.5,7.5,5.2,7.5,5.0,Não atendido,4.7,5.7,,Não,Não,Fase 3 (7º e 8º ano),-1,Destaque: A sua boa entrega das lições de casa.,Melhorar: Empenhar-se mais nas aulas e avaliações.,Melhorar: Integrar-se mais aos Princípios Passos Mágicos.,2022,,,,Completo,2.0
RA-361,2,F,Aluno-361,2009.0,13.0,Menina,2022,Escola Pública,6.731,Ágata,576.0,93.0,16.0,3.0,7.9,9.2,6.3,5.0,6.778,5.0,Sem limitações,4.0,6.0,,Não,Não,Fase 3 (7º e 8º ano),-1,Destaque: A sua boa entrega das lições de casa.,Melhorar: Empenhar-se mais nas aulas e avaliações.,Melhorar: Integrar-se mais aos Princípios Passos Mágicos.,2022,,,,Completo,2.0
RA-362,2,F,Aluno-362,2010.0,12.0,Menina,2018,Escola Pública,7.413,Ametista,350.0,51.0,7.0,3.0,8.5,7.9,7.5,7.9,7.5,5.0,Sem limitações,6.5,9.3,,Não,Não,Fase 3 (7º e 8º ano),-1,Destaque: A sua boa entrega das lições de casa.,Destaque: As suas boas notas na Passos Mágicos.,Destaque: A sua boa integração aos Princípios Passos Mágicos.,2022,,,,Completo,2.0
RA-363,2,F,Aluno-363,2010.0,12.0,Menino,2022,Escola Pública,6.644,Ágata,610.0,104.0,17.0,3.0,10.0,10.0,6.9,2.0,7.056,5.0,Sem limitações,1.0,3.0,,Não,Não,Fase 3 (7º e 8º ano),-1,Destaque: A sua boa entrega das lições de casa.,Melhorar: Empenhar-se mais nas aulas e avaliações.,Melhorar: Integrar-se mais aos Princípios Passos Mágicos.,2022,,,,Completo,2.0
RA-364,2,F,Aluno-364,2011.0,11.0,Menino,2019,Escola Pública,8.75,Topázio,12.0,1.0,1.0,3.0,9.5,10.0,7.5,8.8,8.167,10.0,Sem limitações,9.5,8.0,,Não,Não,Fase 2 (5º e 6º ano),0,Destaque: A sua boa entrega das lições de casa.,Destaque: As suas boas notas na Passos Mágicos.,Destaque: A sua boa integração aos Princípios Passos Mágicos.,2022,,,,Completo,2.0
RA-365,2,F,Aluno-365,2012.0,10.0,Menina,2022,Escola Pública,8.063,Topázio,129.0,17.0,3.0,3.0,8.0,10.0,5.0,7.8,7.833,10.0,Sem limitações,6.0,9.5,,Não,Não,Fase 2 (5º e 6º ano),0,Destaque: A sua boa entrega das lições de casa.,Destaque: As suas boas notas na Passos Mágicos.,Destaque: A sua boa integração aos Princípios Passos Mágicos.,2022,,,,Completo,2.0
RA-366,2,F,Aluno-366,2010.0,12.0,Menino,2022,Escola Pública,7.181,Ametista,437.0,67.0,9.0,3.0,9.5,9.4,7.5,5.5,6.833,5.0,Sem limitações,6.0,5.0,,Não,Não,Fase 3 (7º e 8º ano),-1,Destaque: A sua boa entrega das lições de casa.,Melhorar: Empenhar-se mais nas aulas e avaliações.,Melhorar: Integrar-se mais aos Princípios Passos Mágicos.,2022,,,,Completo,2.0
RA-367,2,F,Aluno-367,2010.0,12.0,Menina,2018,Escola Pública,6.95,Ágata,506.0,76.0,14.0,3.0,8.5,7.4,6.3,6.7,7.5,5.0,Sem limitações,5.2,8.2,,Não,Não,Fase 3 (7º e 8º ano),-1,Melhorar: Melhorar a sua entrega de lições de casa.,Melhorar: Empenhar-se mais nas aulas e avaliações.,Destaque: A sua boa integração aos Princípios Passos Mágicos.,2022,,,,Completo,2.0
RA-368,2,F,Aluno-368,2009.0,13.0,Menino,2018,Rede Decisão,6.969,Ágata,497.0,74.0,12.0,3.0,8.0,7.9,5.0,7.3,7.5,5.0,Requer avaliação,5.5,9.0,,Não,Não,Fase 3 (7º e 8º ano),-1,Destaque: A sua boa entrega das lições de casa.,Melhorar: Empenhar-se mais nas aulas e avaliações.,Destaque: A sua boa integração aos Princípios Passos Mágicos.,2022,,,,Completo,2.0
RA-369,2,F,Aluno-369,2011.0,11.0,Menino,2022,Escola Pública,6.973,Ágata,496.0,73.0,11.0,3.0,9.0,6.9,7.5,4.8,6.889,10.0,Sem limitações,4.0,5.5,,Não,Não,Fase 2 (5º e 6º ano),0,Melhorar: Melhorar a sua entrega de lições de casa.,Melhorar: Empenhar-se mais nas aulas e avaliações.,Melhorar: Integrar-se mais aos Princípios Passos Mágicos.,2022,,,,Completo,2.0
RA-370,2,F,Aluno-370,2010.0,12.0,Menina,2018,Rede Decisão,7.066,Ametista,465.0,71.0,10.0,3.0,8.5,8.2,5.0,7.2,7.611,5.0,Requer avaliação,5.2,9.2,,Não,Não,Fase 3 (7º e 8º ano),-1,Destaque: A sua boa entrega das lições de casa.,Melhorar: Empenhar-se mais nas aulas e avaliações.,Destaque: A sua boa integração aos Princípios Passos Mágicos.,2022,,,,Completo,2.0
RA-371,2,F,Aluno-371,2012.0,10.0,Menina,2022,Escola Pública,8.112,Topázio,111.0,16.0,2.0,3.0,9.5,8.0,6.9,8.4,7.667,10.0,Sem limitações,7.8,9.0,,Não,Não,Fase 2 (5º e 6º ano),0,Destaque: A sua boa entrega das lições de casa.,Destaque: As suas boas notas na Passos Mágicos.,Destaque: A sua boa integração aos Princípios Passos Mágicos.,2022,,,,Completo,2.0
RA-372,2,F,Aluno-372,2012.0,10.0,Menino,2021,Escola Pública,7.304,Ametista,389.0,57.0,8.0,3.0,8.5,5.5,6.9,7.8,7.389,10.0,Sem limitações,8.3,7.2,,Não,Não,Fase 2 (5º e 6º ano),0,Melhorar: Melhorar a sua entrega de lições de casa.,Destaque: As suas boas notas na Passos Mágicos.,Melhorar: Integrar-se mais aos Princípios Passos Mágicos.,2022,,,,Completo,2.0
RA-373,2,F,Aluno-373,2011.0,11.0,Menino,2022,Escola Pública,7.503,Ametista,308.0,46.0,6.0,3.0,6.4,9.5,5.0,7.3,6.944,10.0,Requer avaliação,6.5,8.0,,Não,Não,Fase 2 (5º e 6º ano),0,Destaque: A sua boa entrega das lições de casa.,Melhorar: Empenhar-se mais nas aulas e avaliações.,Melhorar: Integrar-se mais aos Princípios Passos Mágicos.,2022,,,,Completo,2.0
RA-374,2,F,Aluno-374,2010.0,12.0,Menina,2021,Escola Pública,7.747,Ametista,217.0,34.0,5.0,3.0,9.0,9.8,7.5,6.9,7.944,5.0,Sem limitações,5.3,8.5,,Não,Não,Fase 3 (7º e 8º ano),-1,Destaque: A sua boa entrega das lições de casa.,Melhorar: Empenhar-se mais nas aulas e avaliações.,Destaque: A sua boa integração aos Princípios Passos Mágicos.,2022,,,,Completo,2.0
RA-375,2,F,Aluno-375,2011.0,11.0,Menino,2019,Escola Pública,7.831,Ametista,194.0,32.0,4.0,3.0,9.0,9.5,7.5,5.4,7.667,10.0,Sem limitações,3.3,7.5,,Não,Não,Fase 2 (5º e 6º ano),0,Destaque: A sua boa entrega das lições de casa.,Melhorar: Empenhar-se mais nas aulas e avaliações.,Destaque: A sua boa integração aos Princípios Passos Mágicos.,2022,,,,Completo,2.0
RA-376,2,F,Aluno-376,2010.0,12.0,Menina,2019,Escola Pública,6.957,Ágata,500.0,75.0,13.0,3.0,9.0,9.0,7.5,4.3,7.5,5.0,Sem limitações,2.0,6.7,,Não,Não,Fase 3 (7º e 8º ano),-1,Destaque: A sua boa entrega das lições de casa.,Melhorar: Empenhar-se mais nas aulas e avaliações.,Destaque: A sua boa integração aos Princípios Passos Mágicos.,2022,,,,Completo,2.0
RA-377,2,F,Aluno-377,2010.0,12.0,Menina,2021,Escola Pública,6.743,Ágata,571.0,92.0,15.0,3.0,9.0,7.7,5.6,6.2,6.833,5.0,Requer avaliação,4.3,8.0,,Não,Não,Fase 3 (7º e 8º ano),-1,Destaque: A sua boa entrega das lições de casa.,Melhorar: Empenhar-se mais nas aulas e avaliações.,Melhorar: Integrar-se mais aos Princípios Passos Mágicos.,2022,,,,Completo,2.0
RA-378,2,I,Aluno-378,2010.0,12.0,Menino,2021,Escola Pública,7.203,Ametista,428.0,62.0,3.0,3.0,9.0,6.8,5.6,8.1,7.889,5.0,Requer avaliação,8.7,7.5,,Sim,Não,Fase 3 (7º e 8º ano),-1,Melhorar: Melhorar a sua entrega de lições de casa.,Destaque: As suas boas notas na Passos Mágicos.,Destaque: A sua boa integração aos Princípios Passos Mágicos.,2022,,,,Completo,2.0
RA-379,2,I,Aluno-379,2009.0,13.0,Menina,2022,Escola Pública,6.722,Ágata,581.0,95.0,7.0,3.0,8.5,8.1,7.5,5.0,6.778,5.0,Sem limitações,5.0,5.0,,Não,Não,Fase 3 (7º e 8º ano),-1,Destaque: A sua boa entrega das lições de casa.,Melhorar: Empenhar-se mais nas aulas e avaliações.,Melhorar: Integrar-se mais aos Princípios Passos Mágicos.,2022,,,,Completo,2.0
RA-380,2,I,Aluno-380,2009.0,13.0,Menino,2017,Escola Pública,4.556,Quartzo,842.0,154.0,13.0,3.0,7.9,4.4,5.0,2.5,4.833,5.0,Requer avaliação,2.3,2.7,,Não,Não,Fase 3 (7º e 8º ano),-1,Melhorar: Melhorar a sua entrega de lições de casa.,Melhorar: Empenhar-se mais nas aulas e avaliações.,Melhorar: Integrar-se mais aos Princípios Passos Mágicos.,2022,,,,Completo,2.0
RA-381,2,I,Aluno-381,2009.0,13.0,Menino,2018,Escola Pública,6.454,Ágata,649.0,114.0,9.0,3.0,9.0,8.3,6.9,3.3,6.944,5.0,Sem limitações,1.5,5.2,,Não,Não,Fase 3 (7º e 8º ano),-1,Destaque: A sua boa entrega das lições de casa.,Melhorar: Empenhar-se mais nas aulas e avaliações.,Melhorar: Integrar-se mais aos Princípios Passos Mágicos.,2022,,,,Completo,2.0
RA-382,2,I,Aluno-382,2008.0,14.0,Menino,2017,Escola Pública,6.777,Ágata,561.0,88.0,5.0,3.0,9.0,7.7,6.3,5.4,7.333,5.0,Sem limitações,4.0,6.8,,Não,Não,Fase 4 (9º ano),-2,Destaque: A sua boa entrega das lições de casa.,Melhorar: Empenhar-se mais nas aulas e avaliações.,Melhorar: Integrar-se mais aos Princípios Passos Mágicos.,2022,,,,Completo,2.0
RA-383,2,I,Aluno-383,2011.0,11.0,Menino,2019,Escola Pública,8.4,Topázio,47.0,5.0,1.0,3.0,9.0,9.6,7.5,8.1,7.778,10.0,Sem limitações,8.0,8.2,,Não,Não,Fase 2 (5º e 6º ano),0,Destaque: A sua boa entrega das lições de casa.,Destaque: As suas boas notas na Passos Mágicos.,Destaque: A sua boa integração aos Princípios Passos Mágicos.,2022,,,,Completo,2.0
RA-384,2,I,Aluno-384,2010.0,12.0,Menina,2017,Escola Pública,7.558,Ametista,291.0,44.0,2.0,3.0,9.0,8.4,6.3,8.1,8.0,5.0,Requer avaliação,8.0,8.2,,Não,Não,Fase 3 (7º e 8º ano),-1,Destaque: A sua boa entrega das lições de casa.,Destaque: As suas boas notas na Passos Mágicos.,Destaque: A sua boa integração aos Princípios Passos Mágicos.,2022,,,,Completo,2.0
RA-385,2,I,Aluno-385,2010.0,12.0,Menina,2022,Escola Pública,6.083,Ágata,712.0,131.0,12.0,3.0,7.4,7.5,5.0,4.9,6.5,5.0,Sem limitações,2.7,7.2,,Não,Não,Fase 3 (7º e 8º ano),-1,Melhorar: Melhorar a sua entrega de lições de casa.,Melhorar: Empenhar-se mais nas aulas e avaliações.,Melhorar: Integrar-se mais aos Princípios Passos Mágicos.,2022,,,,Completo,2.0
RA-386,2,I,Aluno-386,2009.0,13.0,Menino,2019,Escola Pública,6.104,Ágata,707.0,130.0,11.0,3.0,10.0,5.9,5.6,4.0,7.222,5.0,Requer avaliação,3.7,4.3,,Não,Não,Fase 3 (7º e 8º ano),-1,Melhorar: Melhorar a sua entrega de lições de casa.,Melhorar: Empenhar-se mais nas aulas e avaliações.,Melhorar: Integrar-se mais aos Princípios Passos Mágicos.,2022,,,,Completo,2.0
RA-387,2,I,Aluno-387,2009.0,13.0,Menino,2019,Escola Pública,6.323,Ágata,680.0,124.0,10.0,3.0,7.0,8.2,7.5,3.7,6.833,5.0,Sem limitações,1.3,6.0,,Não,Não,Fase 3 (7º e 8º ano),-1,Destaque: A sua boa entrega das lições de casa.,Melhorar: Empenhar-se mais nas aulas e avaliações.,Melhorar: Integrar-se mais aos Princípios Passos Mágicos.,2022,,,,Completo,2.0
RA-388,2,I,Aluno-388,2008.0,14.0,Menina,2019,Escola Pública,6.654,Ágata,605.0,101.0,8.0,3.0,7.9,8.5,5.6,4.5,7.722,5.0,Requer avaliação,3.5,5.5,,Não,Não,Fase 4 (9º ano),-2,Destaque: A sua boa entrega das lições de casa.,Melhorar: Empenhar-se mais nas aulas e avaliações.,Destaque: A sua boa integração aos Princípios Passos Mágicos.,2022,,,,Completo,2.0
RA-389,2,I,Aluno-389,2011.0,11.0,Menino,2019,Escola Pública,7.184,Ametista,435.0,66.0,4.0,3.0,8.0,8.9,7.5,3.5,7.556,10.0,Sem limitações,2.0,5.0,,Não,Não,Fase 2 (5º e 6º ano),0,Destaque: A sua boa entrega das lições de casa.,Melhorar: Empenhar-se mais nas aulas e avaliações.,Destaque: A sua boa integração aos Princípios Passos Mágicos.,2022,,,,Completo,2.0
RA-390,2,I,Aluno-390,2010.0,12.0,Menina,2022,Escola Pública,6.776,Ágata,563.0,89.0,6.0,3.0,7.4,8.8,6.3,4.7,7.722,5.0,Requer avaliação,4.0,5.3,,Não,Não,Fase 3 (7º e 8º ano),-1,Destaque: A sua boa entrega das lições de casa.,Melhorar: Empenhar-se mais nas aulas e avaliações.,Destaque: A sua boa integração aos Princípios Passos Mágicos.,2022,,,,Completo,2.0
RA-391,2,J,Aluno-391,2010.0,12.0,Menina,2022,Escola Pública,7.117,Ametista,451.0,69.0,3.0,3.0,10.0,8.1,7.5,5.1,8.056,5.0,Sem limitações,5.0,5.2,,Não,Não,Fase 3 (7º e 8º ano),-1,Destaque: A sua boa entrega das lições de casa.,Melhorar: Empenhar-se mais nas aulas e avaliações.,Destaque: A sua boa integração aos Princípios Passos Mágicos.,2022,,,,Completo,2.0
RA-392,2,J,Aluno-392,2008.0,14.0,Menino,2022,Escola Pública,6.418,Ágata,657.0,118.0,5.0,3.0,9.5,8.8,5.6,4.8,6.778,5.0,Não indicado,3.7,5.8,,Não,Não,Fase 4 (9º ano),-2,Destaque: A sua boa entrega das lições de casa.,Melhorar: Empenhar-se mais nas aulas e avaliações.,Melhorar: Integrar-se mais aos Princípios Passos Mágicos.,2022,,,,Completo,2.0
RA-393,2,J,Aluno-393,2006.0,16.0,Menina,2018,Escola Pública,5.518,Quartzo,790.0,148.0,7.0,3.0,10.0,5.4,5.0,4.6,6.778,2.5,Não indicado,4.7,4.5,,Não,Não,Fase 6 (2º EM),-4,Melhorar: Melhorar a sua entrega de lições de casa.,Melhorar: Empenhar-se mais nas aulas e avaliações.,Melhorar: Integrar-se mais aos Princípios Passos Mágicos.,2022,,,,Completo,2.0
RA-394,2,J,Aluno-394,2011.0,11.0,Menina,2022,Escola Pública,7.897,Ametista,171.0,26.0,1.0,3.0,9.5,8.6,7.5,5.9,8.444,10.0,Sem limitações,4.3,7.5,,Não,Sim,Fase 2 (5º e 6º ano),0,Destaque: A sua boa entrega das lições de casa.,Melhorar: Empenhar-se mais nas aulas e avaliações.,Destaque: A sua boa integração aos Princípios Passos Mágicos.,2022,,,,Completo,2.0
RA-395,2,J,Aluno-395,2011.0,11.0,Menina,2018,Escola Pública,7.683,Ametista,239.0,39.0,2.0,3.0,9.0,8.9,7.5,4.9,8.333,10.0,Sem limitações,4.2,5.7,,Não,Não,Fase 2 (5º e 6º ano),0,Destaque: A sua boa entrega das lições de casa.,Melhorar: Empenhar-se mais nas aulas e avaliações.,Destaque: A sua boa integração aos Princípios Passos Mágicos.,2022,,,,Completo,2.0
RA-396,2,J,Aluno-396,2010.0,12.0,Menino,2022,Escola Pública,6.556,Ágata,637.0,111.0,4.0,3.0,9.0,8.0,6.3,5.6,6.556,5.0,Requer avaliação,4.7,6.5,,Não,Não,Fase 3 (7º e 8º ano),-1,Destaque: A sua boa entrega das lições de casa.,Melhorar: Empenhar-se mais nas aulas e avaliações.,Melhorar: Integrar-se mais aos Princípios Passos Mágicos.,2022,,,,Completo,2.0
RA-397,2,J,Aluno-397,2008.0,14.0,Menina,2017,Escola Pública,5.852,Quartzo,744.0,137.0,6.0,3.0,9.0,5.7,6.9,2.8,7.167,5.0,Requer avaliação,3.3,2.3,,Não,Não,Fase 4 (9º ano),-2,Melhorar: Melhorar a sua entrega de lições de casa.,Melhorar: Empenhar-se mais nas aulas e avaliações.,Melhorar: Integrar-se mais aos Princípios Passos Mágicos.,2022,,,,Completo,2.0
RA-398,2,K,Aluno-398,2012.0,10.0,Menina,2022,Escola Pública,7.742,Ametista,221.0,35.0,2.0,3.0,9.0,9.3,7.5,5.5,7.5,10.0,Sem limitações,3.0,8.0,,Não,Não,Fase 2 (5º e 6º ano),0,Destaque: A sua boa entrega das lições de casa.,Melhorar: Empenhar-se mais nas aulas e avaliações.,Destaque: A sua boa integração aos Princípios Passos Mágicos.,2022,,,,Completo,2.0
RA-399,2,K,Aluno-399,2010.0,12.0,Menina,2022,Escola Pública,6.58,Ágata,633.0,110.0,9.0,3.0,6.8,9.3,5.6,4.3,7.5,5.0,Requer avaliação,3.0,5.5,,Não,Não,Fase 3 (7º e 8º ano),-1,Destaque: A sua boa entrega das lições de casa.,Melhorar: Empenhar-se mais nas aulas e avaliações.,Destaque: A sua boa integração aos Princípios Passos Mágicos.,2022,,,,Completo,2.0
RA-400,2,K,Aluno-400,2008.0,14.0,Menino,2018,Escola Pública,6.042,Ágata,720.0,132.0,10.0,3.0,9.0,8.5,5.0,1.7,7.444,5.0,Requer avaliação,1.2,2.2,,Não,Não,Fase 4 (9º ano),-2,Destaque: A sua boa entrega das lições de casa.,Melhorar: Empenhar-se mais nas aulas e avaliações.,Melhorar: Integrar-se mais aos Princípios Passos Mágicos.,2022,,,,Completo,2.0
RA-401,2,K,Aluno-401,2010.0,12.0,Menina,2021,Escola Pública,6.645,Ágata,609.0,103.0,8.0,3.0,6.9,9.6,7.5,4.3,6.722,5.0,Sem limitações,3.7,5.0,,Não,Não,Fase 3 (7º e 8º ano),-1,Destaque: A sua boa entrega das lições de casa.,Melhorar: Empenhar-se mais nas aulas e avaliações.,Melhorar: Integrar-se mais aos Princípios Passos Mágicos.,2022,,,,Completo,2.0
RA-402,2,K,Aluno-402,2010.0,12.0,Menina,2019,Escola Pública,5.261,Quartzo,806.0,152.0,13.0,3.0,9.0,3.7,5.0,3.0,7.222,5.0,Requer avaliação,4.3,1.7,,Não,Não,Fase 3 (7º e 8º ano),-1,Melhorar: Melhorar a sua entrega de lições de casa.,Melhorar: Empenhar-se mais nas aulas e avaliações.,Melhorar: Integrar-se mais aos Princípios Passos Mágicos.,2022,,,,Completo,2.0
RA-403,2,K,Aluno-403,2010.0,12.0,Menino,2020,Escola Pública,7.455,Ametista,334.0,50.0,4.0,3.0,9.5,9.3,7.5,6.3,7.5,5.0,Sem limitações,6.5,6.2,,Não,Não,Fase 3 (7º e 8º ano),-1,Destaque: A sua boa entrega das lições de casa.,Melhorar: Empenhar-se mais nas aulas e avaliações.,Destaque: A sua boa integração aos Princípios Passos Mágicos.,2022,,,,Completo,2.0
RA-404,2,K,Aluno-404,2010.0,12.0,Menina,2020,Escola Pública,6.658,Ágata,602.0,100.0,7.0,3.0,9.0,7.3,7.5,5.3,6.944,5.0,Sem limitações,4.0,6.5,,Não,Não,Fase 3 (7º e 8º ano),-1,Melhorar: Melhorar a sua entrega de lições de casa.,Melhorar: Empenhar-se mais nas aulas e avaliações.,Melhorar: Integrar-se mais aos Princípios Passos Mágicos.,2022,,,,Completo,2.0
RA-405,2,K,Aluno-405,2009.0,13.0,Menino,2016,Escola Pública,5.661,Quartzo,769.0,142.0,12.0,3.0,9.5,6.2,5.0,3.3,6.0,5.0,Requer avaliação,2.7,3.8,,Não,Não,Fase 3 (7º e 8º ano),-1,Melhorar: Melhorar a sua entrega de lições de casa.,Melhorar: Empenhar-se mais nas aulas e avaliações.,Melhorar: Integrar-se mais aos Princípios Passos Mágicos.,2022,,,,Completo,2.0
RA-406,2,K,Aluno-406,2009.0,13.0,Menina,2019,Escola Pública,7.496,Ametista,314.0,47.0,3.0,3.0,9.5,9.5,7.5,6.6,7.333,5.0,Sem limitações,5.4,7.8,,Não,Não,Fase 3 (7º e 8º ano),-1,Destaque: A sua boa entrega das lições de casa.,Melhorar: Empenhar-se mais nas aulas e avaliações.,Melhorar: Integrar-se mais aos Princípios Passos Mágicos.,2022,,,,Completo,2.0
RA-407,2,K,Aluno-407,2009.0,13.0,Menino,2022,Escola Pública,7.195,Ametista,431.0,64.0,5.0,3.0,8.5,9.3,7.5,6.0,7.056,5.0,Sem limitações,4.0,8.0,,Não,Não,Fase 3 (7º e 8º ano),-1,Destaque: A sua boa entrega das lições de casa.,Melhorar: Empenhar-se mais nas aulas e avaliações.,Melhorar: Integrar-se mais aos Princípios Passos Mágicos.,2022,,,,Completo,2.0
RA-408,2,K,Aluno-408,2010.0,12.0,Menina,2022,Escola Pública,6.725,Ágata,578.0,94.0,6.0,3.0,8.0,9.7,7.5,3.3,7.333,5.0,Sem limitações,1.0,5.5,,Não,Não,Fase 3 (7º e 8º ano),-1,Destaque: A sua boa entrega das lições de casa.,Melhorar: Empenhar-se mais nas aulas e avaliações.,Melhorar: Integrar-se mais aos Princípios Passos Mágicos.,2022,,,,Completo,2.0
RA-409,2,K,Aluno-409,2011.0,11.0,Menina,2022,Escola Pública,8.15,Topázio,99.0,13.0,1.0,3.0,7.9,9.7,7.5,7.8,7.5,10.0,Sem limitações,6.0,9.5,,Não,Não,Fase 2 (5º e 6º ano),0,Destaque: A sua boa entrega das lições de casa.,Destaque: As suas boas notas na Passos Mágicos.,Destaque: A sua boa integração aos Princípios Passos Mágicos.,2022,,,,Completo,2.0
RA-410,2,K,Aluno-410,2008.0,14.0,Menino,2018,Escola Pública,5.675,Quartzo,763.0,141.0,11.0,3.0,7.4,6.5,6.3,2.0,7.444,5.0,Requer avaliação,2.0,2.0,,Não,Não,Fase 4 (9º ano),-2,Melhorar: Melhorar a sua entrega de lições de casa.,Melhorar: Empenhar-se mais nas aulas e avaliações.,Melhorar: Integrar-se mais aos Princípios Passos Mágicos.,2022,,,,Completo,2.0
RA-411,2,L,Aluno-411,2010.0,12.0,Menina,2019,Escola Pública,7.232,Ametista,415.0,61.0,12.0,3.0,6.4,8.6,7.5,7.1,7.833,5.0,Não atendido,6.7,7.5,,Não,Não,Fase 3 (7º e 8º ano),-1,Destaque: A sua boa entrega das lições de casa.,Melhorar: Empenhar-se mais nas aulas e avaliações.,Destaque: A sua boa integração aos Princípios Passos Mágicos.,2022,,,,Completo,2.0
RA-412,2,L,Aluno-412,2010.0,12.0,Menina,2018,Escola Pública,7.556,Ametista,292.0,45.0,8.0,3.0,8.5,9.0,7.5,7.3,7.778,5.0,Não atendido,6.5,8.2,,Não,Não,Fase 3 (7º e 8º ano),-1,Destaque: A sua boa entrega das lições de casa.,Melhorar: Empenhar-se mais nas aulas e avaliações.,Destaque: A sua boa integração aos Princípios Passos Mágicos.,2022,,,,Completo,2.0
RA-413,2,L,Aluno-413,2010.0,12.0,Menina,2022,Escola Pública,6.408,Ágata,660.0,120.0,15.0,3.0,6.4,8.7,5.6,4.7,7.056,5.0,Requer avaliação,4.2,5.2,,Não,Não,Fase 3 (7º e 8º ano),-1,Destaque: A sua boa entrega das lições de casa.,Melhorar: Empenhar-se mais nas aulas e avaliações.,Melhorar: Integrar-se mais aos Princípios Passos Mágicos.,2022,,,,Completo,2.0
RA-414,2,L,Aluno-414,2010.0,12.0,Menina,2021,Escola Pública,7.284,Ametista,399.0,58.0,11.0,3.0,8.0,9.3,7.5,5.9,7.667,5.0,Não atendido,5.7,6.2,,Não,Não,Fase 3 (7º e 8º ano),-1,Destaque: A sua boa entrega das lições de casa.,Melhorar: Empenhar-se mais nas aulas e avaliações.,Destaque: A sua boa integração aos Princípios Passos Mágicos.,2022,,,,Completo,2.0
RA-415,2,L,Aluno-415,2011.0,11.0,Menina,2019,Escola Pública,7.695,Ametista,235.0,37.0,7.0,3.0,8.0,8.3,7.5,6.2,8.056,10.0,Não atendido,4.8,7.5,,Não,Não,Fase 2 (5º e 6º ano),0,Destaque: A sua boa entrega das lições de casa.,Melhorar: Empenhar-se mais nas aulas e avaliações.,Destaque: A sua boa integração aos Princípios Passos Mágicos.,2022,,,,Completo,2.0
RA-416,2,L,Aluno-416,2010.0,12.0,Menino,2018,Rede Decisão,7.913,Ametista,164.0,23.0,6.0,3.0,9.5,9.3,8.8,7.2,8.222,5.0,Sem limitações,6.7,7.7,,Não,Não,Fase 3 (7º e 8º ano),-1,Destaque: A sua boa entrega das lições de casa.,Melhorar: Empenhar-se mais nas aulas e avaliações.,Destaque: A sua boa integração aos Princípios Passos Mágicos.,2022,,,,Completo,2.0
RA-417,2,L,Aluno-417,2009.0,13.0,Menina,2022,Escola Pública,8.428,Topázio,43.0,4.0,2.0,3.0,10.0,10.0,7.5,8.0,9.556,5.0,Não atendido,6.0,10.0,,Não,Sim,Fase 3 (7º e 8º ano),-1,Destaque: A sua boa entrega das lições de casa.,Destaque: As suas boas notas na Passos Mágicos.,Destaque: A sua boa integração aos Princípios Passos Mágicos.,2022,,,,Completo,2.0
RA-418,2,L,Aluno-418,2012.0,10.0,Menina,2020,Rede Decisão,8.175,Topázio,93.0,12.0,3.0,3.0,8.0,9.4,7.5,7.5,8.222,10.0,Não atendido,6.5,8.5,,Não,Não,Fase 2 (5º e 6º ano),0,Destaque: A sua boa entrega das lições de casa.,Destaque: As suas boas notas na Passos Mágicos.,Destaque: A sua boa integração aos Princípios Passos Mágicos.,2022,,,,Completo,2.0
RA-419,2,L,Aluno-419,2010.0,12.0,Menina,2019,Rede Decisão,7.359,Ametista,375.0,55.0,10.0,3.0,7.5,9.2,5.6,6.9,8.389,5.0,Requer avaliação,5.3,8.5,,Não,Sim,Fase 3 (7º e 8º ano),-1,Destaque: A sua boa entrega das lições de casa.,Melhorar: Empenhar-se mais nas aulas e avaliações.,Destaque: A sua boa integração aos Princípios Passos Mágicos.,2022,,,,Completo,2.0
RA-420,2,L,Aluno-420,2011.0,11.0,Menina,2019,Rede Decisão,7.461,Ametista,331.0,49.0,9.0,3.0,9.5,9.0,5.6,4.5,8.0,10.0,Requer avaliação,1.3,7.7,,Não,Não,Fase 2 (5º e 6º ano),0,Destaque: A sua boa entrega das lições de casa.,Melhorar: Empenhar-se mais nas aulas e avaliações.,Destaque: A sua boa integração aos Princípios Passos Mágicos.,2022,,,,Completo,2.0
RA-421,2,L,Aluno-421,2011.0,11.0,Menino,2021,Escola Pública,8.717,Topázio,14.0,2.0,1.0,3.0,8.5,9.3,7.5,8.8,9.111,10.0,Não atendido,9.2,8.5,,Sim,Sim,Fase 2 (5º e 6º ano),0,Destaque: A sua boa entrega das lições de casa.,Destaque: As suas boas notas na Passos Mágicos.,Destaque: A sua boa integração aos Princípios Passos Mágicos.,2022,,,,Completo,2.0
RA-422,2,L,Aluno-422,2010.0,12.0,Menino,2022,Escola Pública,6.746,Ágata,569.0,90.0,13.0,3.0,8.5,10.0,7.5,2.5,7.5,5.0,Não atendido,1.0,4.0,,Não,Não,Fase 3 (7º e 8º ano),-1,Destaque: A sua boa entrega das lições de casa.,Melhorar: Empenhar-se mais nas aulas e avaliações.,Destaque: A sua boa integração aos Princípios Passos Mágicos.,2022,,,,Completo,2.0
RA-423,2,L,Aluno-423,2010.0,12.0,Menina,2022,Escola Pública,6.647,Ágata,607.0,102.0,14.0,3.0,8.4,9.6,7.5,2.3,7.667,5.0,Sem limitações,0.5,4.0,,Não,Não,Fase 3 (7º e 8º ano),-1,Destaque: A sua boa entrega das lições de casa.,Melhorar: Empenhar-se mais nas aulas e avaliações.,Destaque: A sua boa integração aos Princípios Passos Mágicos.,2022,,,,Completo,2.0
RA-424,2,L,Aluno-424,2010.0,12.0,Menina,2022,Escola Pública,7.94,Ametista,159.0,21.0,5.0,3.0,9.0,10.0,7.5,7.5,8.222,5.0,Não atendido,10.0,5.0,,Não,Não,Fase 3 (7º e 8º ano),-1,Destaque: A sua boa entrega das lições de casa.,Destaque: As suas boas notas na Passos Mágicos.,Destaque: A sua boa integração aos Princípios Passos Mágicos.,2022,,,,Completo,2.0
RA-425,2,L,Aluno-425,2010.0,12.0,Menino,2022,Escola Pública,8.117,Topázio,110.0,15.0,4.0,3.0,9.0,10.0,7.5,9.0,7.5,5.0,Não atendido,9.0,9.0,,Não,Não,Fase 3 (7º e 8º ano),-1,Destaque: A sua boa entrega das lições de casa.,Destaque: As suas boas notas na Passos Mágicos.,Destaque: A sua boa integração aos Princípios Passos Mágicos.,2022,,,,Completo,2.0
RA-426,2,M,Aluno-426,2008.0,14.0,Menina,2022,Escola Pública,6.35,Ágata,668.0,122.0,9.0,3.0,9.0,6.5,7.5,4.6,7.111,5.0,Não atendido,2.3,6.8,,Não,Não,Fase 4 (9º ano),-2,Melhorar: Melhorar a sua entrega de lições de casa.,Melhorar: Empenhar-se mais nas aulas e avaliações.,Melhorar: Integrar-se mais aos Princípios Passos Mágicos.,2022,,,,Completo,2.0
RA-427,2,M,Aluno-427,2009.0,13.0,Menino,2022,Escola Pública,6.245,Ágata,696.0,128.0,11.0,3.0,8.0,8.5,7.5,2.5,6.778,5.0,Não atendido,3.0,2.0,,Não,Não,Fase 3 (7º e 8º ano),-1,Destaque: A sua boa entrega das lições de casa.,Melhorar: Empenhar-se mais nas aulas e avaliações.,Melhorar: Integrar-se mais aos Princípios Passos Mágicos.,2022,,,,Completo,2.0
RA-428,2,M,Aluno-428,2009.0,13.0,Menino,2022,Escola Pública,7.683,Ametista,238.0,38.0,2.0,3.0,6.8,8.7,7.5,9.5,7.111,5.0,Não atendido,10.0,9.0,,Não,Não,Fase 3 (7º e 8º ano),-1,Destaque: A sua boa entrega das lições de casa.,Destaque: As suas boas notas na Passos Mágicos.,Melhorar: Integrar-se mais aos Princípios Passos Mágicos.,2022,,,,Completo,2.0
RA-429,2,M,Aluno-429,2009.0,13.0,Menino,2019,Escola Pública,5.811,Quartzo,749.0,138.0,12.0,3.0,10.0,5.3,7.5,2.7,6.611,5.0,Não atendido,2.8,2.5,,Não,Não,Fase 3 (7º e 8º ano),-1,Melhorar: Melhorar a sua entrega de lições de casa.,Melhorar: Empenhar-se mais nas aulas e avaliações.,Melhorar: Integrar-se mais aos Princípios Passos Mágicos.,2022,,,,Completo,2.0
RA-430,2,M,Aluno-430,2009.0,13.0,Menino,2022,Escola Pública,7.585,Ametista,281.0,43.0,3.0,3.0,9.5,8.6,7.5,8.5,6.611,5.0,Não atendido,7.5,9.5,,Não,Não,Fase 3 (7º e 8º ano),-1,Destaque: A sua boa entrega das lições de casa.,Destaque: As suas boas notas na Passos Mágicos.,Melhorar: Integrar-se mais aos Princípios Passos Mágicos.,2022,,,,Completo,2.0
RA-431,2,M,Aluno-431,2011.0,11.0,Menino,2022,Escola Pública,7.175,Ametista,439.0,68.0,5.0,3.0,9.0,8.1,7.5,4.5,6.778,10.0,Não atendido,5.0,4.0,,Não,Não,Fase 2 (5º e 6º ano),0,Destaque: A sua boa entrega das lições de casa.,Melhorar: Empenhar-se mais nas aulas e avaliações.,Melhorar: Integrar-se mais aos Princípios Passos Mágicos.,2022,,,,Completo,2.0
RA-432,2,M,Aluno-432,2008.0,14.0,Menina,2019,Escola Pública,6.34,Ágata,672.0,123.0,10.0,3.0,10.0,6.8,5.0,5.1,6.611,5.0,Requer avaliação,5.7,4.5,,Não,Não,Fase 4 (9º ano),-2,Melhorar: Melhorar a sua entrega de lições de casa.,Melhorar: Empenhar-se mais nas aulas e avaliações.,Melhorar: Integrar-se mais aos Princípios Passos Mágicos.,2022,,,,Completo,2.0
RA-433,2,M,Aluno-433,2010.0,12.0,Menino,2022,Escola Pública,5.557,Quartzo,780.0,146.0,13.0,3.0,8.5,7.3,5.0,2.6,5.778,5.0,Requer avaliação,2.2,3.0,,Não,Não,Fase 3 (7º e 8º ano),-1,Melhorar: Melhorar a sua entrega de lições de casa.,Melhorar: Empenhar-se mais nas aulas e avaliações.,Melhorar: Integrar-se mais aos Princípios Passos Mágicos.,2022,,,,Completo,2.0
RA-434,2,M,Aluno-434,2011.0,11.0,Menino,2022,Escola Pública,7.403,Ametista,360.0,52.0,4.0,3.0,9.0,8.1,7.5,5.7,6.778,10.0,Sem limitações,4.8,6.5,,Não,Não,Fase 2 (5º e 6º ano),0,Destaque: A sua boa entrega das lições de casa.,Melhorar: Empenhar-se mais nas aulas e avaliações.,Melhorar: Integrar-se mais aos Princípios Passos Mágicos.,2022,,,,Completo,2.0
RA-435,2,M,Aluno-435,2012.0,10.0,Menina,2022,Escola Pública,6.599,Ágata,627.0,109.0,8.0,3.0,7.9,6.2,7.5,4.7,6.444,10.0,Sem limitações,3.7,5.7,,Não,Não,Fase 2 (5º e 6º ano),0,Melhorar: Melhorar a sua entrega de lições de casa.,Melhorar: Empenhar-se mais nas aulas e avaliações.,Melhorar: Integrar-se mais aos Princípios Passos Mágicos.,2022,,,,Completo,2.0
RA-436,2,M,Aluno-436,2011.0,11.0,Menino,2022,Escola Pública,6.687,Ágata,592.0,98.0,7.0,3.0,9.5,8.1,7.5,2.0,6.611,10.0,Sem limitações,4.0,0.0,,Não,Não,Fase 2 (5º e 6º ano),0,Destaque: A sua boa entrega das lições de casa.,Melhorar: Empenhar-se mais nas aulas e avaliações.,Melhorar: Integrar-se mais aos Princípios Passos Mágicos.,2022,,,,Completo,2.0
RA-437,2,M,Aluno-437,2009.0,13.0,Menino,2022,Escola Pública,6.875,Ágata,531.0,82.0,6.0,3.0,8.5,8.3,7.5,5.8,6.611,5.0,Sem limitações,6.0,5.5,,Não,Não,Fase 3 (7º e 8º ano),-1,Destaque: A sua boa entrega das lições de casa.,Melhorar: Empenhar-se mais nas aulas e avaliações.,Melhorar: Integrar-se mais aos Princípios Passos Mágicos.,2022,,,,Completo,2.0
RA-438,2,M,Aluno-438,2012.0,10.0,Menino,2022,Escola Pública,7.764,Ametista,213.0,33.0,1.0,3.0,8.0,8.7,7.5,7.3,6.889,10.0,Sem limitações,6.5,8.0,,Não,Não,Fase 2 (5º e 6º ano),0,Destaque: A sua boa entrega das lições de casa.,Melhorar: Empenhar-se mais nas aulas e avaliações.,Melhorar: Integrar-se mais aos Princípios Passos Mágicos.,2022,,,,Completo,2.0
RA-439,2,M,Aluno-439,2010.0,12.0,Menino,2022,Escola Pública,5.519,Quartzo,789.0,147.0,14.0,3.0,9.0,4.9,7.5,2.3,6.5,5.0,Sem limitações,3.2,1.3,,Não,Não,Fase 3 (7º e 8º ano),-1,Melhorar: Melhorar a sua entrega de lições de casa.,Melhorar: Empenhar-se mais nas aulas e avaliações.,Melhorar: Integrar-se mais aos Princípios Passos Mágicos.,2022,,,,Completo,2.0
RA-440,2,P,Aluno-440,2011.0,11.0,Menino,2022,Escola Pública,7.329,Ametista,382.0,56.0,6.0,3.0,9.5,9.0,6.9,5.5,5.833,10.0,Não atendido,6.0,5.0,,Não,Não,Fase 2 (5º e 6º ano),0,Destaque: A sua boa entrega das lições de casa.,Melhorar: Empenhar-se mais nas aulas e avaliações.,Melhorar: Integrar-se mais aos Princípios Passos Mágicos.,2022,,,,Completo,2.0
RA-441,2,P,Aluno-441,2011.0,11.0,Menina,2019,Escola Pública,8.188,Topázio,87.0,11.0,2.0,3.0,9.0,7.9,7.5,8.0,8.333,10.0,Não atendido,8.0,8.0,,Não,Não,Fase 2 (5º e 6º ano),0,Destaque: A sua boa entrega das lições de casa.,Destaque: As suas boas notas na Passos Mágicos.,Destaque: A sua boa integração aos Princípios Passos Mágicos.,2022,,,,Completo,2.0
RA-442,2,P,Aluno-442,2011.0,11.0,Menina,2022,Escola Pública,8.226,Topázio,78.0,8.0,1.0,3.0,10.0,8.2,7.5,7.5,8.222,10.0,Não atendido,9.0,6.0,,Não,Não,Fase 2 (5º e 6º ano),0,Destaque: A sua boa entrega das lições de casa.,Destaque: As suas boas notas na Passos Mágicos.,Destaque: A sua boa integração aos Princípios Passos Mágicos.,2022,,,,Completo,2.0
RA-443,2,P,Aluno-443,2009.0,13.0,Menina,2019,Escola Pública,7.482,Ametista,321.0,48.0,4.0,3.0,9.0,9.1,7.5,5.6,8.5,5.0,Não atendido,8.0,3.2,,Sim,Sim,Fase 3 (7º e 8º ano),-1,Destaque: A sua boa entrega das lições de casa.,Melhorar: Empenhar-se mais nas aulas e avaliações.,Destaque: A sua boa integração aos Princípios Passos Mágicos.,2022,,,,Completo,2.0
RA-444,2,P,Aluno-444,2011.0,11.0,Menino,2018,Escola Pública,6.665,Ágata,601.0,99.0,8.0,3.0,9.0,7.2,5.0,3.1,7.778,10.0,Requer avaliação,1.5,4.7,,Não,Não,Fase 2 (5º e 6º ano),0,Melhorar: Melhorar a sua entrega de lições de casa.,Melhorar: Empenhar-se mais nas aulas e avaliações.,Destaque: A sua boa integração aos Princípios Passos Mágicos.,2022,,,,Completo,2.0
RA-445,2,P,Aluno-445,2010.0,12.0,Menino,2022,Escola Pública,6.924,Ágata,518.0,79.0,7.0,3.0,9.0,9.4,7.5,3.8,7.5,5.0,Não atendido,0.0,7.5,,Não,Não,Fase 3 (7º e 8º ano),-1,Destaque: A sua boa entrega das lições de casa.,Melhorar: Empenhar-se mais nas aulas e avaliações.,Destaque: A sua boa integração aos Princípios Passos Mágicos.,2022,,,,Completo,2.0
RA-446,2,P,Aluno-446,2009.0,13.0,Menina,2018,Escola Pública,7.367,Ametista,373.0,54.0,5.0,3.0,9.5,8.9,5.0,6.9,7.889,5.0,Requer avaliação,6.3,7.5,,Não,Não,Fase 3 (7º e 8º ano),-1,Destaque: A sua boa entrega das lições de casa.,Melhorar: Empenhar-se mais nas aulas e avaliações.,Destaque: A sua boa integração aos Princípios Passos Mágicos.,2022,,,,Completo,2.0
RA-447,2,P,Aluno-447,2012.0,10.0,Menina,2022,Escola Pública,5.607,Quartzo,773.0,144.0,10.0,3.0,0.0,7.0,7.5,3.5,5.556,10.0,Não atendido,7.0,0.0,,Não,Não,Fase 2 (5º e 6º ano),0,Melhorar: Melhorar a sua entrega de lições de casa.,Melhorar: Empenhar-se mais nas aulas e avaliações.,Melhorar: Integrar-se mais aos Princípios Passos Mágicos.,2022,,,,Completo,2.0
RA-448,2,P,Aluno-448,2011.0,11.0,Menina,2022,Escola Pública,7.972,Ametista,150.0,19.0,3.0,3.0,9.0,9.7,7.5,5.5,8.111,10.0,Não atendido,5.0,6.0,,Não,Não,Fase 2 (5º e 6º ano),0,Destaque: A sua boa entrega das lições de casa.,Melhorar: Empenhar-se mais nas aulas e avaliações.,Destaque: A sua boa integração aos Princípios Passos Mágicos.,2022,,,,Completo,2.0
RA-449,2,P,Aluno-449,2010.0,12.0,Menina,2022,Escola Pública,6.143,Ágata,703.0,129.0,9.0,3.0,0.0,6.0,7.5,7.0,8.111,5.0,Não atendido,6.0,8.0,,Não,Não,Fase 3 (7º e 8º ano),-1,Melhorar: Melhorar a sua entrega de lições de casa.,Melhorar: Empenhar-se mais nas aulas e avaliações.,Destaque: A sua boa integração aos Princípios Passos Mágicos.,2022,,,,Completo,2.0
RA-450,2,Q,Aluno-450,2009.0,13.0,Menino,2021,Escola Pública,7.843,Ametista,188.0,29.0,2.0,3.0,10.0,9.1,7.5,7.5,8.111,5.0,Não atendido,6.8,8.2,,Não,Não,Fase 3 (7º e 8º ano),-1,Destaque: A sua boa entrega das lições de casa.,Melhorar: Empenhar-se mais nas aulas e avaliações.,Destaque: A sua boa integração aos Princípios Passos Mágicos.,2022,,,,Completo,2.0
RA-451,2,Q,Aluno-451,2009.0,13.0,Menina,2019,Escola Pública,6.434,Ágata,654.0,117.0,9.0,3.0,9.0,6.0,6.3,6.1,6.889,5.0,Requer avaliação,3.1,9.2,,Não,Não,Fase 3 (7º e 8º ano),-1,Melhorar: Melhorar a sua entrega de lições de casa.,Melhorar: Empenhar-se mais nas aulas e avaliações.,Melhorar: Integrar-se mais aos Princípios Passos Mágicos.,2022,,,,Completo,2.0
RA-452,2,Q,Aluno-452,2009.0,13.0,Menina,2021,Escola Pública,6.287,Ágata,690.0,127.0,10.0,3.0,9.0,5.6,7.5,4.8,7.167,5.0,Não atendido,5.0,4.5,,Não,Não,Fase 3 (7º e 8º ano),-1,Melhorar: Melhorar a sua entrega de lições de casa.,Melhorar: Empenhar-se mais nas aulas e avaliações.,Melhorar: Integrar-se mais aos Princípios Passos Mágicos.,2022,,,,Completo,2.0
RA-453,2,Q,Aluno-453,2009.0,13.0,Menina,2022,Escola Pública,7.845,Ametista,187.0,28.0,1.0,3.0,9.0,8.7,7.5,8.8,7.778,5.0,Não atendido,8.0,9.5,,Não,Não,Fase 3 (7º e 8º ano),-1,Destaque: A sua boa entrega das lições de casa.,Destaque: As suas boas notas na Passos Mágicos.,Destaque: A sua boa integração aos Princípios Passos Mágicos.,2022,,,,Completo,2.0
RA-454,2,Q,Aluno-454,2008.0,14.0,Menino,2018,Escola Pública,5.561,Quartzo,779.0,145.0,12.0,3.0,9.5,8.6,5.0,2.3,5.444,5.0,Não indicado,0.0,4.7,,Não,Não,Fase 4 (9º ano),-2,Destaque: A sua boa entrega das lições de casa.,Melhorar: Empenhar-se mais nas aulas e avaliações.,Melhorar: Integrar-se mais aos Princípios Passos Mágicos.,2022,,,,Completo,2.0
RA-455,2,Q,Aluno-455,2010.0,12.0,Menina,2022,Escola Pública,6.876,Ágata,529.0,81.0,6.0,3.0,7.0,7.9,7.5,6.3,7.278,5.0,Não atendido,6.0,6.5,,Não,Não,Fase 3 (7º e 8º ano),-1,Destaque: A sua boa entrega das lições de casa.,Melhorar: Empenhar-se mais nas aulas e avaliações.,Melhorar: Integrar-se mais aos Princípios Passos Mágicos.,2022,,,,Completo,2.0
RA-456,2,Q,Aluno-456,2010.0,12.0,Menina,2022,Escola Pública,7.193,Ametista,432.0,65.0,5.0,3.0,6.4,8.2,6.3,7.3,8.389,5.0,Requer avaliação,6.0,8.7,,Não,Sim,Fase 3 (7º e 8º ano),-1,Destaque: A sua boa entrega das lições de casa.,Melhorar: Empenhar-se mais nas aulas e avaliações.,Destaque: A sua boa integração aos Princípios Passos Mágicos.,2022,,,,Completo,2.0
RA-457,2,Q,Aluno-457,2010.0,12.0,Menina,2022,Escola Pública,7.68,Ametista,240.0,40.0,3.0,3.0,8.0,8.8,7.5,8.5,7.667,5.0,Não atendido,7.0,10.0,,Não,Não,Fase 3 (7º e 8º ano),-1,Destaque: A sua boa entrega das lições de casa.,Destaque: As suas boas notas na Passos Mágicos.,Destaque: A sua boa integração aos Princípios Passos Mágicos.,2022,,,,Completo,2.0
RA-458,2,Q,Aluno-458,2009.0,13.0,Menino,2019,Escola Pública,6.512,Ágata,642.0,113.0,8.0,3.0,8.0,7.7,7.5,5.6,5.833,5.0,Não atendido,4.7,6.5,,Não,Não,Fase 3 (7º e 8º ano),-1,Destaque: A sua boa entrega das lições de casa.,Melhorar: Empenhar-se mais nas aulas e avaliações.,Melhorar: Integrar-se mais aos Princípios Passos Mágicos.,2022,,,,Completo,2.0
RA-459,2,Q,Aluno-459,2010.0,12.0,Menino,2019,Escola Pública,7.28,Ametista,401.0,59.0,4.0,3.0,7.0,9.1,8.1,7.3,7.222,5.0,Sem limitações,5.3,9.2,,Não,Não,Fase 3 (7º e 8º ano),-1,Destaque: A sua boa entrega das lições de casa.,Melhorar: Empenhar-se mais nas aulas e avaliações.,Melhorar: Integrar-se mais aos Princípios Passos Mágicos.,2022,,,,Completo,2.0
RA-460,2,Q,Aluno-460,2010.0,12.0,Menino,2022,Escola Pública,5.711,Quartzo,758.0,140.0,11.0,3.0,6.8,8.1,7.5,3.3,5.056,5.0,Não atendido,0.5,6.0,,Não,Não,Fase 3 (7º e 8º ano),-1,Destaque: A sua boa entrega das lições de casa.,Melhorar: Empenhar-se mais nas aulas e avaliações.,Melhorar: Integrar-se mais aos Princípios Passos Mágicos.,2022,,,,Completo,2.0
RA-461,2,Q,Aluno-461,2010.0,12.0,Menina,2018,Escola Pública,5.451,Quartzo,792.0,149.0,13.0,3.0,0.0,6.7,7.5,3.8,7.222,5.0,Sem limitações,1.5,6.2,,Não,Não,Fase 3 (7º e 8º ano),-1,Melhorar: Melhorar a sua entrega de lições de casa.,Melhorar: Empenhar-se mais nas aulas e avaliações.,Melhorar: Integrar-se mais aos Princípios Passos Mágicos.,2022,,,,Completo,2.0
RA-462,2,Q,Aluno-462,2008.0,14.0,Menino,2022,Escola Pública,6.626,Ágata,616.0,106.0,7.0,3.0,10.0,8.5,7.5,3.6,6.778,5.0,Sem limitações,2.0,5.2,,Não,Não,Fase 4 (9º ano),-2,Destaque: A sua boa entrega das lições de casa.,Melhorar: Empenhar-se mais nas aulas e avaliações.,Melhorar: Integrar-se mais aos Princípios Passos Mágicos.,2022,,,,Completo,2.0
RA-463,2,U,Aluno-463,2010.0,12.0,Menina,2020,Escola Pública,6.41,Ágata,658.0,119.0,11.0,3.0,10.0,7.8,7.5,2.5,7.389,5.0,Não atendido,2.0,3.0,,Não,Não,Fase 3 (7º e 8º ano),-1,Destaque: A sua boa entrega das lições de casa.,Melhorar: Empenhar-se mais nas aulas e avaliações.,Melhorar: Integrar-se mais aos Princípios Passos Mágicos.,2022,,,,Completo,2.0
RA-464,2,U,Aluno-464,2009.0,13.0,Menina,2022,Escola Pública,6.745,Ágata,570.0,91.0,7.0,3.0,7.5,8.0,7.5,4.8,7.722,5.0,Não atendido,2.7,7.0,,Não,Não,Fase 3 (7º e 8º ano),-1,Destaque: A sua boa entrega das lições de casa.,Melhorar: Empenhar-se mais nas aulas e avaliações.,Destaque: A sua boa integração aos Princípios Passos Mágicos.,2022,,,,Completo,2.0
RA-465,2,U,Aluno-465,2011.0,11.0,Menino,2019,Escola Pública,8.012,Ametista,139.0,18.0,1.0,3.0,8.0,7.9,7.5,7.8,8.444,10.0,Não atendido,9.3,6.3,,Não,Sim,Fase 2 (5º e 6º ano),0,Destaque: A sua boa entrega das lições de casa.,Destaque: As suas boas notas na Passos Mágicos.,Destaque: A sua boa integração aos Princípios Passos Mágicos.,2022,,,,Completo,2.0
RA-466,2,U,Aluno-466,2009.0,13.0,Menino,2022,Escola Pública,6.826,Ágata,546.0,85.0,6.0,3.0,8.5,9.7,7.5,3.3,7.556,5.0,Não atendido,0.5,6.0,,Não,Não,Fase 3 (7º e 8º ano),-1,Destaque: A sua boa entrega das lições de casa.,Melhorar: Empenhar-se mais nas aulas e avaliações.,Destaque: A sua boa integração aos Princípios Passos Mágicos.,2022,,,,Completo,2.0
RA-467,2,U,Aluno-467,2009.0,13.0,Menina,2022,Escola Pública,6.38,Ágata,664.0,121.0,12.0,3.0,5.8,8.4,5.0,5.5,7.111,5.0,Requer avaliação,5.0,6.0,,Não,Não,Fase 3 (7º e 8º ano),-1,Destaque: A sua boa entrega das lições de casa.,Melhorar: Empenhar-se mais nas aulas e avaliações.,Melhorar: Integrar-se mais aos Princípios Passos Mágicos.,2022,,,,Completo,2.0
RA-468,2,U,Aluno-468,2009.0,13.0,Menino,2022,Escola Pública,6.313,Ágata,682.0,125.0,13.0,3.0,9.5,6.7,7.5,4.1,6.722,5.0,Não atendido,4.5,3.7,,Não,Não,Fase 3 (7º e 8º ano),-1,Melhorar: Melhorar a sua entrega de lições de casa.,Melhorar: Empenhar-se mais nas aulas e avaliações.,Melhorar: Integrar-se mais aos Princípios Passos Mágicos.,2022,,,,Completo,2.0
RA-469,2,U,Aluno-469,2011.0,11.0,Menina,2022,Escola Pública,7.624,Ametista,263.0,41.0,2.0,3.0,9.0,9.6,5.0,5.7,7.833,10.0,Requer avaliação,6.2,5.2,,Não,Não,Fase 2 (5º e 6º ano),0,Destaque: A sua boa entrega das lições de casa.,Melhorar: Empenhar-se mais nas aulas e avaliações.,Destaque: A sua boa integração aos Princípios Passos Mágicos.,2022,,,,Completo,2.0
RA-470,2,U,Aluno-470,2009.0,13.0,Menina,2019,Escola Pública,7.378,Ametista,369.0,53.0,3.0,3.0,8.0,9.7,7.5,6.3,7.5,5.0,Não atendido,5.3,7.3,,Não,Não,Fase 3 (7º e 8º ano),-1,Destaque: A sua boa entrega das lições de casa.,Melhorar: Empenhar-se mais nas aulas e avaliações.,Destaque: A sua boa integração aos Princípios Passos Mágicos.,2022,,,,Completo,2.0
RA-471,2,U,Aluno-471,2009.0,13.0,Menina,2020,Escola Pública,6.535,Ágata,639.0,112.0,9.0,3.0,3.5,8.5,5.0,6.3,8.056,5.0,Requer avaliação,5.7,6.8,,Não,Não,Fase 3 (7º e 8º ano),-1,Destaque: A sua boa entrega das lições de casa.,Melhorar: Empenhar-se mais nas aulas e avaliações.,Destaque: A sua boa integração aos Princípios Passos Mágicos.,2022,,,,Completo,2.0
RA-472,2,U,Aluno-472,2010.0,12.0,Menina,2022,Escola Pública,5.93,Quartzo,735.0,133.0,14.0,3.0,9.0,7.0,7.5,2.0,7.056,5.0,Não atendido,1.8,2.2,,Não,Não,Fase 3 (7º e 8º ano),-1,Melhorar: Melhorar a sua entrega de lições de casa.,Melhorar: Empenhar-se mais nas aulas e avaliações.,Melhorar: Integrar-se mais aos Princípios Passos Mágicos.,2022,,,,Completo,2.0
RA-473,2,U,Aluno-473,2010.0,12.0,Menino,2019,Escola Pública,5.915,Quartzo,737.0,134.0,15.0,3.0,8.0,6.1,7.5,4.3,5.889,5.0,Não atendido,4.5,4.0,,Não,Não,Fase 3 (7º e 8º ano),-1,Melhorar: Melhorar a sua entrega de lições de casa.,Melhorar: Empenhar-se mais nas aulas e avaliações.,Melhorar: Integrar-se mais aos Princípios Passos Mágicos.,2022,,,,Completo,2.0
RA-474,2,U,Aluno-474,2009.0,13.0,Menino,2019,Escola Pública,6.446,Ágata,650.0,115.0,10.0,3.0,9.5,9.1,7.5,3.0,6.0,5.0,Não atendido,1.3,4.7,,Não,Não,Fase 3 (7º e 8º ano),-1,Destaque: A sua boa entrega das lições de casa.,Melhorar: Empenhar-se mais nas aulas e avaliações.,Melhorar: Integrar-se mais aos Princípios Passos Mágicos.,2022,,,,Completo,2.0
RA-475,2,U,Aluno-475,2010.0,12.0,Menina,2022,Escola Pública,7.199,Ametista,430.0,63.0,4.0,3.0,8.5,9.2,7.5,5.8,7.667,5.0,Não atendido,3.3,8.3,,Não,Não,Fase 3 (7º e 8º ano),-1,Destaque: A sua boa entrega das lições de casa.,Melhorar: Empenhar-se mais nas aulas e avaliações.,Destaque: A sua boa integração aos Princípios Passos Mágicos.,2022,,,,Completo,2.0
RA-476,2,U,Aluno-476,2010.0,12.0,Menina,2019,Escola Pública,6.931,Ágata,513.0,78.0,5.0,3.0,9.0,9.3,4.4,5.5,7.556,5.0,Requer avaliação,5.0,6.0,,Não,Não,Fase 3 (7º e 8º ano),-1,Destaque: A sua boa entrega das lições de casa.,Melhorar: Empenhar-se mais nas aulas e avaliações.,Destaque: A sua boa integração aos Princípios Passos Mágicos.,2022,,,,Completo,2.0
RA-477,2,U,Aluno-477,2009.0,13.0,Menino,2022,Escola Pública,3.633,Quartzo,860.0,155.0,16.0,3.0,0.0,5.0,5.6,0.7,4.5,5.0,Requer avaliação,0.3,1.0,,Não,Não,Fase 3 (7º e 8º ano),-1,Melhorar: Melhorar a sua entrega de lições de casa.,Melhorar: Empenhar-se mais nas aulas e avaliações.,Melhorar: Integrar-se mais aos Princípios Passos Mágicos.,2022,,,,Completo,2.0
RA-478,2,U,Aluno-478,2010.0,12.0,Menina,2019,Escola Pública,6.709,Ágata,588.0,96.0,8.0,3.0,8.5,9.1,5.6,4.9,7.056,5.0,Requer avaliação,3.8,6.0,,Não,Não,Fase 3 (7º e 8º ano),-1,Destaque: A sua boa entrega das lições de casa.,Melhorar: Empenhar-se mais nas aulas e avaliações.,Melhorar: Integrar-se mais aos Princípios Passos Mágicos.,2022,,,,Completo,2.0
RA-479,1,A,Aluno-479,2012.0,10.0,Menino,2020,Rede Decisão,8.465,Topázio,40.0,5.0,1.0,3.0,8.0,9.2,7.5,9.8,9.5,5.0,Sem limitações,10.0,9.7,,Não,Sim,Fase 2 (5º e 6º ano),-1,Destaque: A sua boa entrega das lições de casa.,Destaque: As suas boas notas na Passos Mágicos.,Destaque: A sua boa integração aos Princípios Passos Mágicos.,2022,,,,Completo,1.0
RA-480,1,A,Aluno-480,2012.0,10.0,Menina,2021,Escola Pública,7.502,Ametista,309.0,81.0,6.0,3.0,9.0,8.8,7.5,6.3,8.444,5.0,Não atendido,6.8,5.7,,Sim,Sim,Fase 2 (5º e 6º ano),-1,Destaque: A sua boa entrega das lições de casa.,Melhorar: Empenhar-se mais nas aulas e avaliações.,Destaque: A sua boa integração aos Princípios Passos Mágicos.,2022,,,,Completo,1.0
RA-481,1,A,Aluno-481,2013.0,9.0,Menino,2021,Escola Pública,7.21,Ametista,424.0,109.0,9.0,3.0,9.0,8.0,7.5,5.2,6.889,10.0,Não atendido,5.7,4.7,,Não,Não,Fase 1 (4º ano),0,Destaque: A sua boa entrega das lições de casa.,Melhorar: Empenhar-se mais nas aulas e avaliações.,Melhorar: Integrar-se mais aos Princípios Passos Mágicos.,2022,,,,Completo,1.0
RA-482,1,A,Aluno-482,2011.0,11.0,Menino,2021,Escola Pública,6.866,Ágata,532.0,134.0,10.0,3.0,10.0,7.9,7.5,5.5,6.833,5.0,Não atendido,4.3,6.7,,Não,Não,Fase 2 (5º e 6º ano),-1,Destaque: A sua boa entrega das lições de casa.,Melhorar: Empenhar-se mais nas aulas e avaliações.,Melhorar: Integrar-se mais aos Princípios Passos Mágicos.,2022,,,,Completo,1.0
RA-483,1,A,Aluno-483,2011.0,11.0,Menina,2019,Escola Pública,5.263,Quartzo,805.0,185.0,13.0,3.0,9.0,4.8,5.0,2.4,6.833,5.0,Requer avaliação,2.0,2.8,,Não,Não,Fase 2 (5º e 6º ano),-1,Melhorar: Melhorar a sua entrega de lições de casa.,Melhorar: Empenhar-se mais nas aulas e avaliações.,Melhorar: Integrar-se mais aos Princípios Passos Mágicos.,2022,,,,Completo,1.0
RA-484,1,A,Aluno-484,2011.0,11.0,Menino,2022,Escola Pública,6.71,Ágata,587.0,144.0,11.0,3.0,9.5,8.7,5.0,6.5,6.389,5.0,Requer avaliação,8.0,5.0,,Não,Não,Fase 2 (5º e 6º ano),-1,Destaque: A sua boa entrega das lições de casa.,Melhorar: Empenhar-se mais nas aulas e avaliações.,Melhorar: Integrar-se mais aos Princípios Passos Mágicos.,2022,,,,Completo,1.0
RA-485,1,A,Aluno-485,2012.0,10.0,Menino,2020,Escola Pública,4.742,Quartzo,837.0,191.0,14.0,3.0,9.5,4.0,7.5,1.2,5.444,5.0,Não atendido,1.0,1.3,,Não,Não,Fase 2 (5º e 6º ano),-1,Melhorar: Melhorar a sua entrega de lições de casa.,Melhorar: Empenhar-se mais nas aulas e avaliações.,Melhorar: Integrar-se mais aos Princípios Passos Mágicos.,2022,,,,Completo,1.0
RA-486,1,A,Aluno-486,2012.0,10.0,Menina,2020,Escola Pública,7.621,Ametista,264.0,68.0,4.0,3.0,10.0,9.9,7.5,7.3,7.222,5.0,Não atendido,6.7,7.8,,Não,Não,Fase 2 (5º e 6º ano),-1,Destaque: A sua boa entrega das lições de casa.,Melhorar: Empenhar-se mais nas aulas e avaliações.,Melhorar: Integrar-se mais aos Princípios Passos Mágicos.,2022,,,,Completo,1.0
RA-487,1,A,Aluno-487,2012.0,10.0,Menina,2019,Rede Decisão,8.417,Topázio,45.0,6.0,2.0,3.0,7.5,9.7,7.5,9.6,9.333,5.0,Não atendido,9.7,9.5,,Não,Sim,Fase 2 (5º e 6º ano),-1,Destaque: A sua boa entrega das lições de casa.,Destaque: As suas boas notas na Passos Mágicos.,Destaque: A sua boa integração aos Princípios Passos Mágicos.,2022,,,,Completo,1.0
RA-488,1,A,Aluno-488,2012.0,10.0,Menina,2022,Escola Pública,7.413,Ametista,351.0,92.0,8.0,3.0,8.5,8.8,7.5,7.3,7.722,5.0,Não atendido,6.0,8.5,,Não,Não,Fase 2 (5º e 6º ano),-1,Destaque: A sua boa entrega das lições de casa.,Melhorar: Empenhar-se mais nas aulas e avaliações.,Destaque: A sua boa integração aos Princípios Passos Mágicos.,2022,,,,Completo,1.0
RA-489,1,A,Aluno-489,2013.0,9.0,Menina,2022,Escola Pública,5.853,Quartzo,743.0,176.0,12.0,3.0,9.0,7.2,7.5,0.0,6.5,10.0,Não atendido,0.0,0.0,,Não,Não,Fase 1 (4º ano),0,Melhorar: Melhorar a sua entrega de lições de casa.,Melhorar: Empenhar-se mais nas aulas e avaliações.,Melhorar: Integrar-se mais aos Princípios Passos Mágicos.,2022,,,,Completo,1.0
RA-490,1,A,Aluno-490,2012.0,10.0,Menina,2022,Escola Pública,7.576,Ametista,283.0,77.0,5.0,3.0,7.9,8.2,7.5,7.7,8.722,5.0,Não atendido,6.0,9.3,,Não,Sim,Fase 2 (5º e 6º ano),-1,Destaque: A sua boa entrega das lições de casa.,Destaque: As suas boas notas na Passos Mágicos.,Destaque: A sua boa integração aos Princípios Passos Mágicos.,2022,,,,Completo,1.0
RA-491,1,A,Aluno-491,2011.0,11.0,Menino,2022,Escola Pública,7.461,Ametista,329.0,86.0,7.0,3.0,7.5,9.7,7.5,7.0,7.722,5.0,Não atendido,6.0,8.0,,Não,Não,Fase 2 (5º e 6º ano),-1,Destaque: A sua boa entrega das lições de casa.,Melhorar: Empenhar-se mais nas aulas e avaliações.,Destaque: A sua boa integração aos Princípios Passos Mágicos.,2022,,,,Completo,1.0
RA-492,1,A,Aluno-492,2011.0,11.0,Menina,2022,Escola Pública,7.678,Ametista,242.0,63.0,3.0,3.0,10.0,8.8,7.5,7.1,8.278,5.0,Não atendido,8.2,6.0,,Não,Não,Fase 2 (5º e 6º ano),-1,Destaque: A sua boa entrega das lições de casa.,Melhorar: Empenhar-se mais nas aulas e avaliações.,Destaque: A sua boa integração aos Princípios Passos Mágicos.,2022,,,,Completo,1.0
RA-493,1,B,Aluno-493,2013.0,9.0,Menina,2020,Escola Pública,8.306,Topázio,61.0,12.0,1.0,3.0,10.0,9.4,7.5,7.2,8.278,10.0,Sem limitações,7.3,7.0,,Não,Não,Fase 1 (4º ano),0,Destaque: A sua boa entrega das lições de casa.,Melhorar: Empenhar-se mais nas aulas e avaliações.,Destaque: A sua boa integração aos Princípios Passos Mágicos.,2022,,,,Completo,1.0
RA-494,1,B,Aluno-494,2011.0,11.0,Menina,2022,Escola Pública,6.407,Ágata,661.0,159.0,13.0,3.0,6.4,8.3,5.0,5.8,6.944,5.0,Requer avaliação,6.3,5.2,,Não,Não,Fase 2 (5º e 6º ano),-1,Destaque: A sua boa entrega das lições de casa.,Melhorar: Empenhar-se mais nas aulas e avaliações.,Melhorar: Integrar-se mais aos Princípios Passos Mágicos.,2022,,,,Completo,1.0
RA-495,1,B,Aluno-495,2011.0,11.0,Menino,2022,Escola Pública,7.857,Ametista,184.0,42.0,6.0,3.0,9.0,8.9,7.5,8.4,8.056,5.0,Sem limitações,8.0,8.8,,Não,Não,Fase 2 (5º e 6º ano),-1,Destaque: A sua boa entrega das lições de casa.,Destaque: As suas boas notas na Passos Mágicos.,Destaque: A sua boa integração aos Princípios Passos Mágicos.,2022,,,,Completo,1.0
RA-496,1,B,Aluno-496,2011.0,11.0,Menino,2018,Escola Pública,6.683,Ágata,595.0,145.0,12.0,3.0,8.5,6.8,7.5,5.7,7.556,5.0,Requer avaliação,5.8,5.5,,Não,Não,Fase 2 (5º e 6º ano),-1,Melhorar: Melhorar a sua entrega de lições de casa.,Melhorar: Empenhar-se mais nas aulas e avaliações.,Destaque: A sua boa integração aos Princípios Passos Mágicos.,2022,,,,Completo,1.0
RA-497,1,B,Aluno-497,2009.0,13.0,Menina,2016,Rede Decisão,6.323,Ágata,678.0,163.0,14.0,3.0,6.9,9.2,5.0,5.1,5.833,5.0,Não indicado,4.2,6.0,,Não,Não,Fase 3 (7º e 8º ano),-2,Destaque: A sua boa entrega das lições de casa.,Melhorar: Empenhar-se mais nas aulas e avaliações.,Melhorar: Integrar-se mais aos Princípios Passos Mágicos.,2022,,,,Completo,1.0
RA-498,1,B,Aluno-498,2011.0,11.0,Menina,2018,Escola Pública,7.7,Ametista,234.0,61.0,9.0,3.0,8.5,8.8,7.5,8.8,7.556,5.0,Sem limitações,8.0,9.5,,Não,Não,Fase 2 (5º e 6º ano),-1,Destaque: A sua boa entrega das lições de casa.,Destaque: As suas boas notas na Passos Mágicos.,Destaque: A sua boa integração aos Princípios Passos Mágicos.,2022,,,,Completo,1.0
RA-499,1,B,Aluno-499,2012.0,10.0,Menino,2020,Escola Pública,7.826,Ametista,196.0,46.0,7.0,3.0,8.5,10.0,7.5,8.2,7.444,5.0,Sem limitações,8.2,8.2,,Não,Não,Fase 2 (5º e 6º ano),-1,Destaque: A sua boa entrega das lições de casa.,Destaque: As suas boas notas na Passos Mágicos.,Melhorar: Integrar-se mais aos Princípios Passos Mágicos.,2022,,,,Completo,1.0
RA-500,1,B,Aluno-500,2012.0,10.0,Menina,2020,Escola Pública,8.232,Topázio,75.0,16.0,3.0,3.0,9.0,10.0,7.5,9.5,7.889,5.0,Sem limitações,9.5,9.5,,Sim,Não,Fase 2 (5º e 6º ano),-1,Destaque: A sua boa entrega das lições de casa.,Destaque: As suas boas notas na Passos Mágicos.,Destaque: A sua boa integração aos Princípios Passos Mágicos.,2022,,,,Completo,1.0
RA-501,1,B,Aluno-501,2013.0,9.0,Menino,2021,Escola Pública,7.794,Ametista,201.0,48.0,8.0,3.0,8.5,8.8,7.5,6.8,7.333,10.0,Sem limitações,8.0,5.7,,Não,Não,Fase 1 (4º ano),0,Destaque: A sua boa entrega das lições de casa.,Melhorar: Empenhar-se mais nas aulas e avaliações.,Melhorar: Integrar-se mais aos Princípios Passos Mágicos.,2022,,,,Completo,1.0
RA-502,1,B,Aluno-502,2014.0,8.0,Menina,2021,Rede Decisão,8.287,Topázio,62.0,13.0,2.0,3.0,9.5,9.7,7.5,7.4,7.778,10.0,Sem limitações,6.7,8.2,,Não,Não,ALFA  (2º e 3º ano),1,Destaque: A sua boa entrega das lições de casa.,Melhorar: Empenhar-se mais nas aulas e avaliações.,Destaque: A sua boa integração aos Princípios Passos Mágicos.,2022,,,,Completo,1.0
RA-503,1,B,Aluno-503,2012.0,10.0,Menino,2020,Escola Pública,7.95,Ametista,155.0,38.0,5.0,3.0,8.5,10.0,7.5,8.8,7.5,5.0,Sem limitações,8.7,9.0,,Não,Não,Fase 2 (5º e 6º ano),-1,Destaque: A sua boa entrega das lições de casa.,Destaque: As suas boas notas na Passos Mágicos.,Destaque: A sua boa integração aos Princípios Passos Mágicos.,2022,,,,Completo,1.0
RA-504,1,B,Aluno-504,2013.0,9.0,Menina,2021,Escola Pública,8.072,Topázio,124.0,29.0,4.0,3.0,8.5,8.9,7.5,8.0,7.556,10.0,Sem limitações,7.8,8.2,,Não,Não,Fase 1 (4º ano),0,Destaque: A sua boa entrega das lições de casa.,Destaque: As suas boas notas na Passos Mágicos.,Destaque: A sua boa integração aos Princípios Passos Mágicos.,2022,,,,Completo,1.0
RA-505,1,B,Aluno-505,2011.0,11.0,Menina,2019,Escola Pública,7.591,Ametista,276.0,73.0,10.0,3.0,9.5,8.0,7.5,8.4,7.556,5.0,Sem limitações,8.2,8.7,,Não,Não,Fase 2 (5º e 6º ano),-1,Destaque: A sua boa entrega das lições de casa.,Destaque: As suas boas notas na Passos Mágicos.,Destaque: A sua boa integração aos Princípios Passos Mágicos.,2022,,,,Completo,1.0
RA-506,1,B,Aluno-506,2010.0,12.0,Menino,2020,Escola Pública,7.132,Ametista,446.0,113.0,11.0,3.0,9.5,7.3,7.5,7.2,7.278,5.0,Sem limitações,8.3,6.0,,Não,Não,Fase 3 (7º e 8º ano),-2,Melhorar: Melhorar a sua entrega de lições de casa.,Melhorar: Empenhar-se mais nas aulas e avaliações.,Melhorar: Integrar-se mais aos Princípios Passos Mágicos.,2022,,,,Completo,1.0
RA-507,1,C,Aluno-507,2011.0,11.0,Menina,2021,Escola Pública,7.653,Ametista,254.0,66.0,4.0,3.0,8.5,10.0,7.5,7.4,7.222,5.0,Não atendido,7.3,7.5,,Não,Não,Fase 2 (5º e 6º ano),-1,Destaque: A sua boa entrega das lições de casa.,Melhorar: Empenhar-se mais nas aulas e avaliações.,Melhorar: Integrar-se mais aos Princípios Passos Mágicos.,2022,,,,Completo,1.0
RA-508,1,C,Aluno-508,2012.0,10.0,Menino,2022,Escola Pública,6.575,Ágata,636.0,155.0,10.0,3.0,8.0,7.4,7.5,4.5,7.556,5.0,Não atendido,0.0,9.0,,Não,Não,Fase 2 (5º e 6º ano),-1,Melhorar: Melhorar a sua entrega de lições de casa.,Melhorar: Empenhar-se mais nas aulas e avaliações.,Destaque: A sua boa integração aos Princípios Passos Mágicos.,2022,,,,Completo,1.0
RA-509,1,C,Aluno-509,2010.0,12.0,Menina,2018,Escola Pública,7.808,Ametista,199.0,47.0,3.0,3.0,9.0,8.2,7.5,9.2,7.833,5.0,Não atendido,9.3,9.0,,Sim,Não,Fase 3 (7º e 8º ano),-2,Destaque: A sua boa entrega das lições de casa.,Destaque: As suas boas notas na Passos Mágicos.,Destaque: A sua boa integração aos Princípios Passos Mágicos.,2022,,,,Completo,1.0
RA-510,1,C,Aluno-510,2010.0,12.0,Menino,2022,Escola Pública,7.336,Ametista,379.0,98.0,6.0,3.0,8.0,9.3,7.5,7.1,7.056,5.0,Não atendido,5.8,8.3,,Não,Não,Fase 3 (7º e 8º ano),-2,Destaque: A sua boa entrega das lições de casa.,Melhorar: Empenhar-se mais nas aulas e avaliações.,Melhorar: Integrar-se mais aos Princípios Passos Mágicos.,2022,,,,Completo,1.0
RA-511,1,C,Aluno-511,2012.0,10.0,Menina,2022,Escola Pública,7.094,Ametista,458.0,117.0,7.0,3.0,8.0,10.0,7.5,5.3,7.056,5.0,Não atendido,2.0,8.5,,Não,Não,Fase 2 (5º e 6º ano),-1,Destaque: A sua boa entrega das lições de casa.,Melhorar: Empenhar-se mais nas aulas e avaliações.,Melhorar: Integrar-se mais aos Princípios Passos Mágicos.,2022,,,,Completo,1.0
RA-512,1,C,Aluno-512,2012.0,10.0,Menina,2022,Escola Pública,7.365,Ametista,374.0,97.0,5.0,3.0,9.0,9.3,7.5,6.2,7.722,5.0,Não atendido,5.3,7.0,,Não,Não,Fase 2 (5º e 6º ano),-1,Destaque: A sua boa entrega das lições de casa.,Melhorar: Empenhar-se mais nas aulas e avaliações.,Destaque: A sua boa integração aos Princípios Passos Mágicos.,2022,,,,Completo,1.0
RA-513,1,C,Aluno-513,2013.0,9.0,Menino,2021,Escola Pública,8.229,Topázio,77.0,17.0,2.0,3.0,9.0,9.6,5.6,8.3,7.778,10.0,Requer avaliação,8.2,8.5,,Não,Não,Fase 1 (4º ano),0,Destaque: A sua boa entrega das lições de casa.,Destaque: As suas boas notas na Passos Mágicos.,Destaque: A sua boa integração aos Princípios Passos Mágicos.,2022,,,,Completo,1.0
RA-514,1,C,Aluno-514,2013.0,9.0,Menina,2022,Escola Pública,7.039,Ametista,476.0,123.0,8.0,3.0,8.0,9.7,7.5,4.8,5.889,10.0,Não atendido,2.0,7.5,,Não,Não,Fase 1 (4º ano),0,Destaque: A sua boa entrega das lições de casa.,Melhorar: Empenhar-se mais nas aulas e avaliações.,Melhorar: Integrar-se mais aos Princípios Passos Mágicos.,2022,,,,Completo,1.0
RA-515,1,C,Aluno-515,2010.0,12.0,Menino,2022,Escola Pública,6.582,Ágata,631.0,154.0,9.0,3.0,8.0,6.3,7.5,5.8,7.556,5.0,Não atendido,8.5,3.2,,Não,Não,Fase 3 (7º e 8º ano),-2,Melhorar: Melhorar a sua entrega de lições de casa.,Melhorar: Empenhar-se mais nas aulas e avaliações.,Destaque: A sua boa integração aos Princípios Passos Mágicos.,2022,,,,Completo,1.0
RA-516,1,C,Aluno-516,2013.0,9.0,Menino,2019,Rede Decisão,8.903,Topázio,8.0,2.0,1.0,3.0,10.0,9.7,7.5,9.9,8.056,10.0,Não atendido,10.0,9.8,,Não,Não,Fase 1 (4º ano),0,Destaque: A sua boa entrega das lições de casa.,Destaque: As suas boas notas na Passos Mágicos.,Destaque: A sua boa integração aos Princípios Passos Mágicos.,2022,,,,Completo,1.0
RA-517,1,D,Aluno-517,2010.0,12.0,Menina,2017,Escola Pública,7.604,Ametista,271.0,70.0,8.0,3.0,6.9,9.5,7.5,7.7,7.833,5.0,Não atendido,7.8,7.5,,Não,Não,Fase 3 (7º e 8º ano),-2,Destaque: A sua boa entrega das lições de casa.,Destaque: As suas boas notas na Passos Mágicos.,Destaque: A sua boa integração aos Princípios Passos Mágicos.,2022,,,,Completo,1.0
RA-518,1,D,Aluno-518,2012.0,10.0,Menino,2022,Escola Pública,7.661,Ametista,251.0,65.0,7.0,3.0,9.0,9.4,7.5,7.5,7.5,5.0,Não atendido,6.0,9.0,,Não,Não,Fase 2 (5º e 6º ano),-1,Destaque: A sua boa entrega das lições de casa.,Destaque: As suas boas notas na Passos Mágicos.,Destaque: A sua boa integração aos Princípios Passos Mágicos.,2022,,,,Completo,1.0
RA-519,1,D,Aluno-519,2013.0,9.0,Menino,2022,Escola Pública,8.0,Ametista,144.0,36.0,5.0,3.0,7.4,9.6,7.5,7.5,7.333,10.0,Não atendido,7.0,8.0,,Não,Não,Fase 1 (4º ano),0,Destaque: A sua boa entrega das lições de casa.,Destaque: As suas boas notas na Passos Mágicos.,Melhorar: Integrar-se mais aos Princípios Passos Mágicos.,2022,,,,Completo,1.0
RA-520,1,D,Aluno-520,2011.0,11.0,Menina,2022,Escola Pública,7.035,Ametista,478.0,125.0,10.0,3.0,10.0,6.8,7.5,6.8,7.278,5.0,Não atendido,5.0,8.5,,Não,Não,Fase 2 (5º e 6º ano),-1,Melhorar: Melhorar a sua entrega de lições de casa.,Melhorar: Empenhar-se mais nas aulas e avaliações.,Melhorar: Integrar-se mais aos Princípios Passos Mágicos.,2022,,,,Completo,1.0
RA-521,1,D,Aluno-521,2013.0,9.0,Menino,2022,Escola Pública,7.725,Ametista,228.0,59.0,6.0,3.0,9.0,10.0,5.0,6.0,7.5,10.0,Requer avaliação,5.0,7.0,,Não,Não,Fase 1 (4º ano),0,Destaque: A sua boa entrega das lições de casa.,Melhorar: Empenhar-se mais nas aulas e avaliações.,Destaque: A sua boa integração aos Princípios Passos Mágicos.,2022,,,,Completo,1.0
RA-522,1,D,Aluno-522,2013.0,9.0,Menino,2021,Escola Pública,8.306,Topázio,60.0,11.0,1.0,3.0,9.5,9.1,7.5,7.5,8.167,10.0,Não atendido,7.0,8.0,,Não,Não,Fase 1 (4º ano),0,Destaque: A sua boa entrega das lições de casa.,Destaque: As suas boas notas na Passos Mágicos.,Destaque: A sua boa integração aos Princípios Passos Mágicos.,2022,,,,Completo,1.0
RA-523,1,D,Aluno-523,2011.0,11.0,Menina,2022,Escola Pública,7.591,Ametista,278.0,74.0,9.0,3.0,10.0,9.5,7.5,6.5,7.556,5.0,Não atendido,5.0,8.0,,Não,Não,Fase 2 (5º e 6º ano),-1,Destaque: A sua boa entrega das lições de casa.,Melhorar: Empenhar-se mais nas aulas e avaliações.,Destaque: A sua boa integração aos Princípios Passos Mágicos.,2022,,,,Completo,1.0
RA-524,1,D,Aluno-524,2011.0,11.0,Menino,2019,Escola Pública,6.947,Ágata,507.0,132.0,11.0,3.0,0.0,9.4,5.0,9.1,8.056,5.0,Requer avaliação,9.0,9.2,,Sim,Não,Fase 2 (5º e 6º ano),-1,Destaque: A sua boa entrega das lições de casa.,Destaque: As suas boas notas na Passos Mágicos.,Destaque: A sua boa integração aos Princípios Passos Mágicos.,2022,,,,Completo,1.0
RA-525,1,D,Aluno-525,2011.0,11.0,Menina,2021,Escola Pública,8.013,Ametista,138.0,35.0,4.0,3.0,9.0,9.3,7.5,8.6,8.167,5.0,Não atendido,8.3,8.8,,Não,Não,Fase 2 (5º e 6º ano),-1,Destaque: A sua boa entrega das lições de casa.,Destaque: As suas boas notas na Passos Mágicos.,Destaque: A sua boa integração aos Princípios Passos Mágicos.,2022,,,,Completo,1.0
RA-526,1,D,Aluno-526,2010.0,12.0,Menino,2022,Escola Pública,8.079,Topázio,123.0,28.0,2.0,3.0,10.0,9.9,7.5,8.0,8.167,5.0,Não atendido,7.7,8.3,,Não,Não,Fase 3 (7º e 8º ano),-2,Destaque: A sua boa entrega das lições de casa.,Destaque: As suas boas notas na Passos Mágicos.,Destaque: A sua boa integração aos Princípios Passos Mágicos.,2022,,,,Completo,1.0
RA-527,1,D,Aluno-527,2013.0,9.0,Menina,2022,Escola Pública,8.025,Ametista,135.0,33.0,3.0,3.0,8.5,10.0,7.5,6.5,7.5,10.0,Não atendido,5.0,8.0,,Não,Não,Fase 1 (4º ano),0,Destaque: A sua boa entrega das lições de casa.,Melhorar: Empenhar-se mais nas aulas e avaliações.,Destaque: A sua boa integração aos Princípios Passos Mágicos.,2022,,,,Completo,1.0
RA-528,1,D,Aluno-528,2011.0,11.0,Menino,2021,Escola Pública,5.335,Quartzo,798.0,183.0,13.0,3.0,0.0,6.2,7.5,4.0,6.944,5.0,Não atendido,5.3,2.7,,Não,Não,Fase 2 (5º e 6º ano),-1,Melhorar: Melhorar a sua entrega de lições de casa.,Melhorar: Empenhar-se mais nas aulas e avaliações.,Melhorar: Integrar-se mais aos Princípios Passos Mágicos.,2022,,,,Completo,1.0
RA-529,1,D,Aluno-529,2010.0,12.0,Menino,2020,Escola Pública,6.51,Ágata,643.0,156.0,12.0,3.0,8.5,8.9,5.0,5.2,6.556,5.0,Requer avaliação,3.3,7.0,,Não,Não,Fase 3 (7º e 8º ano),-2,Destaque: A sua boa entrega das lições de casa.,Melhorar: Empenhar-se mais nas aulas e avaliações.,Melhorar: Integrar-se mais aos Princípios Passos Mágicos.,2022,,,,Completo,1.0
RA-530,1,E,Aluno-530,2012.0,10.0,Menino,2019,Escola Pública,8.338,Topázio,56.0,9.0,1.0,3.0,10.0,9.0,7.5,8.9,9.056,5.0,Não atendido,9.0,8.8,,Sim,Sim,Fase 2 (5º e 6º ano),-1,Destaque: A sua boa entrega das lições de casa.,Destaque: As suas boas notas na Passos Mágicos.,Destaque: A sua boa integração aos Princípios Passos Mágicos.,2022,,,,Completo,1.0
RA-531,1,E,Aluno-531,2012.0,10.0,Menino,2022,Escola Pública,8.057,Ametista,132.0,31.0,2.0,3.0,9.5,9.8,7.5,7.8,8.167,5.0,Não atendido,8.7,7.0,,Sim,Não,Fase 2 (5º e 6º ano),-1,Destaque: A sua boa entrega das lições de casa.,Destaque: As suas boas notas na Passos Mágicos.,Destaque: A sua boa integração aos Princípios Passos Mágicos.,2022,,,,Completo,1.0
RA-532,1,E,Aluno-532,2013.0,9.0,Menina,2022,Escola Pública,7.792,Ametista,203.0,49.0,3.0,3.0,9.5,9.7,7.5,5.5,7.167,10.0,Não atendido,4.0,7.0,,Não,Não,Fase 1 (4º ano),0,Destaque: A sua boa entrega das lições de casa.,Melhorar: Empenhar-se mais nas aulas e avaliações.,Melhorar: Integrar-se mais aos Princípios Passos Mágicos.,2022,,,,Completo,1.0
RA-533,1,E,Aluno-533,2012.0,10.0,Menino,2022,Escola Pública,6.962,Ágata,499.0,130.0,5.0,3.0,8.5,8.8,5.6,6.0,7.333,5.0,Requer avaliação,5.0,7.0,,Não,Não,Fase 2 (5º e 6º ano),-1,Destaque: A sua boa entrega das lições de casa.,Melhorar: Empenhar-se mais nas aulas e avaliações.,Melhorar: Integrar-se mais aos Princípios Passos Mágicos.,2022,,,,Completo,1.0
RA-534,1,E,Aluno-534,2010.0,12.0,Menina,2021,Escola Pública,7.131,Ametista,447.0,114.0,4.0,3.0,9.0,7.4,7.5,7.1,7.333,5.0,Não atendido,6.5,7.7,,Não,Não,Fase 3 (7º e 8º ano),-2,Melhorar: Melhorar a sua entrega de lições de casa.,Melhorar: Empenhar-se mais nas aulas e avaliações.,Melhorar: Integrar-se mais aos Princípios Passos Mágicos.,2022,,,,Completo,1.0
RA-535,1,F,Aluno-535,2012.0,10.0,Menina,2019,Escola Pública,6.953,Ágata,504.0,131.0,6.0,2.0,9.0,9.2,7.5,5.1,6.917,5.0,Sem limitações,4.7,5.5,,Não,Não,Fase 2 (5º e 6º ano),-1,Destaque: A sua boa entrega das lições de casa.,Melhorar: Empenhar-se mais nas aulas e avaliações.,Melhorar: Integrar-se mais aos Princípios Passos Mágicos.,2022,,,,Completo,1.0
RA-536,1,F,Aluno-536,2012.0,10.0,Menina,2020,Escola Pública,7.106,Ametista,454.0,116.0,4.0,2.0,9.5,8.9,5.6,6.0,7.75,5.0,Sem limitações,6.3,5.7,,Não,Não,Fase 2 (5º e 6º ano),-1,Destaque: A sua boa entrega das lições de casa.,Melhorar: Empenhar-se mais nas aulas e avaliações.,Destaque: A sua boa integração aos Princípios Passos Mágicos.,2022,,,,Completo,1.0
RA-537,1,F,Aluno-537,2012.0,10.0,Menino,2022,Escola Pública,6.641,Ágata,612.0,147.0,7.0,2.0,9.5,9.0,4.4,4.8,7.167,5.0,Requer avaliação,2.5,7.0,,Não,Não,Fase 2 (5º e 6º ano),-1,Destaque: A sua boa entrega das lições de casa.,Melhorar: Empenhar-se mais nas aulas e avaliações.,Melhorar: Integrar-se mais aos Princípios Passos Mágicos.,2022,,,,Completo,1.0
RA-538,1,F,Aluno-538,2009.0,13.0,Menino,2022,Escola Pública,6.309,Ágata,684.0,164.0,8.0,2.0,8.5,7.5,5.6,6.8,5.583,5.0,Requer avaliação,4.5,9.0,,Não,Não,Fase 3 (7º e 8º ano),-2,Melhorar: Melhorar a sua entrega de lições de casa.,Melhorar: Empenhar-se mais nas aulas e avaliações.,Melhorar: Integrar-se mais aos Princípios Passos Mágicos.,2022,,,,Completo,1.0
RA-539,1,F,Aluno-539,2011.0,11.0,Menina,2022,Escola Pública,7.665,Ametista,249.0,64.0,1.0,2.0,8.5,9.3,6.9,7.5,8.417,5.0,Sem limitações,6.8,8.2,,Não,Sim,Fase 2 (5º e 6º ano),-1,Destaque: A sua boa entrega das lições de casa.,Destaque: As suas boas notas na Passos Mágicos.,Destaque: A sua boa integração aos Princípios Passos Mágicos.,2022,,,,Completo,1.0
RA-540,1,F,Aluno-540,2012.0,10.0,Menina,2019,Escola Pública,7.303,Ametista,390.0,101.0,2.0,2.0,8.5,9.5,5.6,7.0,7.5,5.0,Sem limitações,6.8,7.2,,Não,Não,Fase 2 (5º e 6º ano),-1,Destaque: A sua boa entrega das lições de casa.,Melhorar: Empenhar-se mais nas aulas e avaliações.,Destaque: A sua boa integração aos Princípios Passos Mágicos.,2022,,,,Completo,1.0
RA-541,1,F,Aluno-541,2008.0,14.0,Menino,2022,Escola Pública,5.427,Quartzo,793.0,182.0,10.0,2.0,10.0,7.8,6.9,2.5,5.0,2.5,Sem limitações,0.0,5.0,,Não,Não,Fase 4 (9º ano),-3,Destaque: A sua boa entrega das lições de casa.,Melhorar: Empenhar-se mais nas aulas e avaliações.,Melhorar: Integrar-se mais aos Princípios Passos Mágicos.,2022,,,,Completo,1.0
RA-542,1,F,Aluno-542,2011.0,11.0,Menina,2019,Escola Pública,7.221,Ametista,419.0,107.0,3.0,2.0,8.0,9.8,6.3,6.5,7.417,5.0,Sem limitações,5.3,7.7,,Não,Não,Fase 2 (5º e 6º ano),-1,Destaque: A sua boa entrega das lições de casa.,Melhorar: Empenhar-se mais nas aulas e avaliações.,Melhorar: Integrar-se mais aos Princípios Passos Mágicos.,2022,,,,Completo,1.0
RA-543,1,F,Aluno-543,2012.0,10.0,Menina,2022,Escola Pública,7.05,Ametista,471.0,121.0,5.0,2.0,8.5,9.8,4.4,6.5,7.167,5.0,Sem limitações,5.0,8.0,,Não,Não,Fase 2 (5º e 6º ano),-1,Destaque: A sua boa entrega das lições de casa.,Melhorar: Empenhar-se mais nas aulas e avaliações.,Melhorar: Integrar-se mais aos Princípios Passos Mágicos.,2022,,,,Completo,1.0
RA-544,1,F,Aluno-544,2012.0,10.0,Menino,2022,Escola Pública,6.307,Ágata,686.0,165.0,9.0,2.0,9.5,9.7,5.6,3.3,6.0,5.0,Requer avaliação,1.0,5.5,,Não,Não,Fase 2 (5º e 6º ano),-1,Destaque: A sua boa entrega das lições de casa.,Melhorar: Empenhar-se mais nas aulas e avaliações.,Melhorar: Integrar-se mais aos Princípios Passos Mágicos.,2022,,,,Completo,1.0
RA-545,1,G,Aluno-545,2009.0,13.0,Menino,2018,Escola Pública,6.723,Ágata,580.0,142.0,6.0,2.0,9.5,6.6,7.5,5.5,7.5,5.0,Sem limitações,4.3,6.7,,Não,Não,Fase 3 (7º e 8º ano),-2,Melhorar: Melhorar a sua entrega de lições de casa.,Melhorar: Empenhar-se mais nas aulas e avaliações.,Destaque: A sua boa integração aos Princípios Passos Mágicos.,2022,,,,Completo,1.0
RA-546,1,G,Aluno-546,2011.0,11.0,Menina,2021,Escola Pública,6.77,Ágata,564.0,138.0,5.0,2.0,9.0,7.9,5.0,5.6,7.917,5.0,Não indicado,3.3,7.8,,Não,Não,Fase 2 (5º e 6º ano),-1,Destaque: A sua boa entrega das lições de casa.,Melhorar: Empenhar-se mais nas aulas e avaliações.,Destaque: A sua boa integração aos Princípios Passos Mágicos.,2022,,,,Completo,1.0
RA-547,1,G,Aluno-547,2011.0,11.0,Menina,2019,Escola Pública,7.745,Ametista,218.0,56.0,1.0,2.0,9.5,9.7,5.0,7.6,8.833,5.0,Não indicado,7.3,7.8,,Não,Sim,Fase 2 (5º e 6º ano),-1,Destaque: A sua boa entrega das lições de casa.,Destaque: As suas boas notas na Passos Mágicos.,Destaque: A sua boa integração aos Princípios Passos Mágicos.,2022,,,,Completo,1.0
RA-548,1,G,Aluno-548,2010.0,12.0,Menino,2019,Escola Pública,7.292,Ametista,396.0,104.0,2.0,2.0,8.0,9.1,6.9,7.2,7.583,5.0,Sem limitações,5.7,8.7,,Não,Não,Fase 3 (7º e 8º ano),-2,Destaque: A sua boa entrega das lições de casa.,Melhorar: Empenhar-se mais nas aulas e avaliações.,Destaque: A sua boa integração aos Princípios Passos Mágicos.,2022,,,,Completo,1.0
RA-549,1,G,Aluno-549,2012.0,10.0,Menino,2021,Escola Pública,6.301,Ágata,688.0,166.0,9.0,2.0,10.0,7.9,6.9,4.2,6.167,5.0,Sem limitações,2.2,6.2,,Não,Não,Fase 2 (5º e 6º ano),-1,Destaque: A sua boa entrega das lições de casa.,Melhorar: Empenhar-se mais nas aulas e avaliações.,Melhorar: Integrar-se mais aos Princípios Passos Mágicos.,2022,,,,Completo,1.0
RA-550,1,G,Aluno-550,2010.0,12.0,Menina,2022,Escola Pública,6.026,Ágata,724.0,172.0,10.0,2.0,9.0,9.0,6.9,1.9,6.25,5.0,Sem limitações,2.0,1.8,,Não,Não,Fase 3 (7º e 8º ano),-2,Destaque: A sua boa entrega das lições de casa.,Melhorar: Empenhar-se mais nas aulas e avaliações.,Melhorar: Integrar-se mais aos Princípios Passos Mágicos.,2022,,,,Completo,1.0
RA-551,1,G,Aluno-551,2010.0,12.0,Menina,2018,Escola Pública,6.853,Ágata,539.0,136.0,4.0,2.0,8.5,7.3,6.9,6.6,7.333,5.0,Sem limitações,5.0,8.2,,Não,Não,Fase 3 (7º e 8º ano),-2,Melhorar: Melhorar a sua entrega de lições de casa.,Melhorar: Empenhar-se mais nas aulas e avaliações.,Melhorar: Integrar-se mais aos Princípios Passos Mágicos.,2022,,,,Completo,1.0
RA-552,1,G,Aluno-552,2011.0,11.0,Menino,2022,Escola Pública,6.625,Ágata,617.0,149.0,7.0,2.0,9.5,8.8,5.0,5.5,7.167,5.0,Não indicado,6.0,5.0,,Não,Não,Fase 2 (5º e 6º ano),-1,Destaque: A sua boa entrega das lições de casa.,Melhorar: Empenhar-se mais nas aulas e avaliações.,Melhorar: Integrar-se mais aos Princípios Passos Mágicos.,2022,,,,Completo,1.0
RA-553,1,G,Aluno-553,2011.0,11.0,Menina,2019,Escola Pública,6.39,Ágata,663.0,160.0,8.0,2.0,9.5,6.9,6.9,3.3,8.167,5.0,Sem limitações,1.0,5.7,,Não,Não,Fase 2 (5º e 6º ano),-1,Melhorar: Melhorar a sua entrega de lições de casa.,Melhorar: Empenhar-se mais nas aulas e avaliações.,Destaque: A sua boa integração aos Princípios Passos Mágicos.,2022,,,,Completo,1.0
RA-554,1,G,Aluno-554,2010.0,12.0,Menino,2017,Escola Pública,5.588,Quartzo,776.0,180.0,12.0,2.0,7.9,6.0,6.9,4.0,5.75,5.0,Sem limitações,1.7,6.3,,Não,Não,Fase 3 (7º e 8º ano),-2,Melhorar: Melhorar a sua entrega de lições de casa.,Melhorar: Empenhar-se mais nas aulas e avaliações.,Melhorar: Integrar-se mais aos Princípios Passos Mágicos.,2022,,,,Completo,1.0
RA-555,1,G,Aluno-555,2010.0,12.0,Menino,2019,Escola Pública,5.949,Quartzo,732.0,174.0,11.0,2.0,9.5,8.1,5.0,4.4,5.167,5.0,Não indicado,1.8,7.0,,Não,Não,Fase 3 (7º e 8º ano),-2,Destaque: A sua boa entrega das lições de casa.,Melhorar: Empenhar-se mais nas aulas e avaliações.,Melhorar: Integrar-se mais aos Princípios Passos Mágicos.,2022,,,,Completo,1.0
RA-556,1,G,Aluno-556,2011.0,11.0,Menina,2018,Escola Pública,7.181,Ametista,436.0,111.0,3.0,2.0,9.0,8.8,5.0,6.4,8.25,5.0,Não indicado,4.8,8.0,,Não,Não,Fase 2 (5º e 6º ano),-1,Destaque: A sua boa entrega das lições de casa.,Melhorar: Empenhar-se mais nas aulas e avaliações.,Destaque: A sua boa integração aos Princípios Passos Mágicos.,2022,,,,Completo,1.0
RA-557,1,H,Aluno-557,2012.0,10.0,Menino,2019,Escola Pública,8.334,Topázio,57.0,10.0,1.0,2.0,10.0,8.4,7.5,9.4,9.333,5.0,Sem limitações,10.0,8.8,,Sim,Sim,Fase 2 (5º e 6º ano),-1,Destaque: A sua boa entrega das lições de casa.,Destaque: As suas boas notas na Passos Mágicos.,Destaque: A sua boa integração aos Princípios Passos Mágicos.,2022,,,,Completo,1.0
RA-558,1,H,Aluno-558,2008.0,14.0,Menino,2022,Escola Pública,5.539,Quartzo,786.0,181.0,8.0,2.0,9.0,8.5,5.0,4.3,4.5,2.5,Não indicado,0.5,8.0,,Não,Não,Fase 4 (9º ano),-3,Destaque: A sua boa entrega das lições de casa.,Melhorar: Empenhar-se mais nas aulas e avaliações.,Melhorar: Integrar-se mais aos Princípios Passos Mágicos.,2022,,,,Completo,1.0
RA-559,1,H,Aluno-559,2011.0,11.0,Menino,2021,Escola Pública,7.634,Ametista,260.0,67.0,6.0,2.0,9.5,9.2,7.5,7.1,8.083,5.0,Sem limitações,7.2,7.0,,Não,Não,Fase 2 (5º e 6º ano),-1,Destaque: A sua boa entrega das lições de casa.,Melhorar: Empenhar-se mais nas aulas e avaliações.,Destaque: A sua boa integração aos Princípios Passos Mágicos.,2022,,,,Completo,1.0
RA-560,1,H,Aluno-560,2011.0,11.0,Menino,2020,Escola Pública,4.949,Quartzo,826.0,189.0,11.0,2.0,6.9,7.2,5.0,3.8,3.75,5.0,Não indicado,3.2,4.3,,Não,Não,Fase 2 (5º e 6º ano),-1,Melhorar: Melhorar a sua entrega de lições de casa.,Melhorar: Empenhar-se mais nas aulas e avaliações.,Melhorar: Integrar-se mais aos Princípios Passos Mágicos.,2022,,,,Completo,1.0
RA-561,1,H,Aluno-561,2011.0,11.0,Menino,2022,Escola Pública,7.856,Ametista,185.0,43.0,3.0,2.0,9.0,9.0,7.5,7.4,8.833,5.0,Sem limitações,9.5,5.3,,Sim,Sim,Fase 2 (5º e 6º ano),-1,Destaque: A sua boa entrega das lições de casa.,Melhorar: Empenhar-se mais nas aulas e avaliações.,Destaque: A sua boa integração aos Princípios Passos Mágicos.,2022,,,,Completo,1.0
RA-562,1,H,Aluno-562,2011.0,11.0,Menina,2021,Escola Pública,7.855,Ametista,186.0,44.0,4.0,2.0,8.0,9.0,7.5,8.0,8.75,5.0,Sem limitações,8.3,7.7,,Não,Sim,Fase 2 (5º e 6º ano),-1,Destaque: A sua boa entrega das lições de casa.,Destaque: As suas boas notas na Passos Mágicos.,Destaque: A sua boa integração aos Princípios Passos Mágicos.,2022,,,,Completo,1.0
RA-563,1,H,Aluno-563,2011.0,11.0,Menina,2020,Escola Pública,8.22,Topázio,81.0,18.0,2.0,2.0,10.0,9.2,7.5,8.5,8.833,5.0,Sem limitações,9.0,8.0,,Sim,Sim,Fase 2 (5º e 6º ano),-1,Destaque: A sua boa entrega das lições de casa.,Destaque: As suas boas notas na Passos Mágicos.,Destaque: A sua boa integração aos Princípios Passos Mágicos.,2022,,,,Completo,1.0
RA-564,1,H,Aluno-564,2009.0,13.0,Menino,2019,Escola Pública,4.972,Quartzo,822.0,188.0,10.0,2.0,9.5,3.8,5.0,2.3,6.833,5.0,Não indicado,2.5,2.0,,Não,Não,Fase 3 (7º e 8º ano),-2,Melhorar: Melhorar a sua entrega de lições de casa.,Melhorar: Empenhar-se mais nas aulas e avaliações.,Melhorar: Integrar-se mais aos Princípios Passos Mágicos.,2022,,,,Completo,1.0
RA-565,1,H,Aluno-565,2009.0,13.0,Menino,2022,Escola Pública,5.233,Quartzo,809.0,186.0,9.0,2.0,9.0,4.1,7.5,2.9,5.917,5.0,Sem limitações,4.0,1.8,,Não,Não,Fase 3 (7º e 8º ano),-2,Melhorar: Melhorar a sua entrega de lições de casa.,Melhorar: Empenhar-se mais nas aulas e avaliações.,Melhorar: Integrar-se mais aos Princípios Passos Mágicos.,2022,,,,Completo,1.0
RA-566,1,H,Aluno-566,2010.0,12.0,Menina,2022,Escola Pública,7.729,Ametista,226.0,58.0,5.0,2.0,9.5,8.4,7.5,8.5,7.917,5.0,Sem limitações,9.5,7.5,,Não,Não,Fase 3 (7º e 8º ano),-2,Destaque: A sua boa entrega das lições de casa.,Destaque: As suas boas notas na Passos Mágicos.,Destaque: A sua boa integração aos Princípios Passos Mágicos.,2022,,,,Completo,1.0
RA-567,1,H,Aluno-567,2011.0,11.0,Menino,2019,Escola Pública,6.281,Ágata,691.0,167.0,7.0,2.0,9.5,6.0,7.5,4.8,6.833,5.0,Sem limitações,4.3,5.2,,Não,Não,Fase 2 (5º e 6º ano),-1,Melhorar: Melhorar a sua entrega de lições de casa.,Melhorar: Empenhar-se mais nas aulas e avaliações.,Melhorar: Integrar-se mais aos Princípios Passos Mágicos.,2022,,,,Completo,1.0
RA-568,1,J,Aluno-568,2008.0,14.0,Menino,2018,Escola Pública,7.306,Ametista,385.0,100.0,8.0,3.0,8.0,8.6,6.9,8.3,7.944,2.5,Não atendido,8.0,8.5,,Não,Não,Fase 4 (9º ano),-3,Destaque: A sua boa entrega das lições de casa.,Destaque: As suas boas notas na Passos Mágicos.,Destaque: A sua boa integração aos Princípios Passos Mágicos.,2022,,,,Completo,1.0
RA-569,1,J,Aluno-569,2010.0,12.0,Menina,2020,Escola Pública,7.074,Ametista,464.0,118.0,9.0,3.0,9.5,8.7,5.0,6.8,7.333,5.0,Requer avaliação,6.3,7.3,,Não,Não,Fase 3 (7º e 8º ano),-2,Destaque: A sua boa entrega das lições de casa.,Melhorar: Empenhar-se mais nas aulas e avaliações.,Melhorar: Integrar-se mais aos Princípios Passos Mágicos.,2022,,,,Completo,1.0
RA-570,1,J,Aluno-570,2012.0,10.0,Menina,2019,Escola Pública,5.722,Quartzo,755.0,179.0,17.0,3.0,9.0,7.0,7.5,1.3,6.778,5.0,Não atendido,0.7,2.0,,Não,Não,Fase 2 (5º e 6º ano),-1,Melhorar: Melhorar a sua entrega de lições de casa.,Melhorar: Empenhar-se mais nas aulas e avaliações.,Melhorar: Integrar-se mais aos Princípios Passos Mágicos.,2022,,,,Completo,1.0
RA-571,1,J,Aluno-571,2011.0,11.0,Menina,2019,Escola Pública,6.589,Ágata,630.0,153.0,13.0,3.0,8.5,8.8,7.5,3.7,6.944,5.0,Não atendido,3.3,4.0,,Não,Não,Fase 2 (5º e 6º ano),-1,Destaque: A sua boa entrega das lições de casa.,Melhorar: Empenhar-se mais nas aulas e avaliações.,Melhorar: Integrar-se mais aos Princípios Passos Mágicos.,2022,,,,Completo,1.0
RA-572,1,J,Aluno-572,2013.0,9.0,Menino,2022,Escola Pública,7.48,Ametista,322.0,83.0,6.0,3.0,8.5,8.0,7.5,6.8,6.833,10.0,Não atendido,4.5,9.0,,Não,Não,Fase 1 (4º ano),0,Destaque: A sua boa entrega das lições de casa.,Melhorar: Empenhar-se mais nas aulas e avaliações.,Melhorar: Integrar-se mais aos Princípios Passos Mágicos.,2022,,,,Completo,1.0
RA-573,1,J,Aluno-573,2011.0,11.0,Menino,2020,Escola Pública,8.261,Topázio,70.0,15.0,2.0,3.0,9.5,9.9,7.5,8.2,8.944,5.0,Não atendido,8.3,8.0,,Sim,Sim,Fase 2 (5º e 6º ano),-1,Destaque: A sua boa entrega das lições de casa.,Destaque: As suas boas notas na Passos Mágicos.,Destaque: A sua boa integração aos Princípios Passos Mágicos.,2022,,,,Completo,1.0
RA-574,1,J,Aluno-574,2012.0,10.0,Menino,2022,Escola Pública,6.86,Ágata,534.0,135.0,11.0,3.0,9.5,7.2,5.0,7.5,6.944,5.0,Requer avaliação,5.5,9.5,,Não,Não,Fase 2 (5º e 6º ano),-1,Melhorar: Melhorar a sua entrega de lições de casa.,Destaque: As suas boas notas na Passos Mágicos.,Melhorar: Integrar-se mais aos Princípios Passos Mágicos.,2022,,,,Completo,1.0
RA-575,1,J,Aluno-575,2010.0,12.0,Menino,2019,Escola Pública,5.889,Quartzo,739.0,175.0,16.0,3.0,8.0,6.1,7.5,2.8,7.0,5.0,Não atendido,2.7,3.0,,Não,Não,Fase 3 (7º e 8º ano),-2,Melhorar: Melhorar a sua entrega de lições de casa.,Melhorar: Empenhar-se mais nas aulas e avaliações.,Melhorar: Integrar-se mais aos Princípios Passos Mágicos.,2022,,,,Completo,1.0
RA-576,1,J,Aluno-576,2012.0,10.0,Menina,2022,Escola Pública,7.59,Ametista,279.0,75.0,4.0,3.0,9.5,9.1,7.5,7.8,7.111,5.0,Não atendido,7.5,8.0,,Não,Não,Fase 2 (5º e 6º ano),-1,Destaque: A sua boa entrega das lições de casa.,Destaque: As suas boas notas na Passos Mágicos.,Melhorar: Integrar-se mais aos Princípios Passos Mágicos.,2022,,,,Completo,1.0
RA-577,1,J,Aluno-577,2012.0,10.0,Menina,2022,Escola Pública,7.862,Ametista,182.0,41.0,3.0,3.0,9.5,9.3,7.5,9.0,7.111,5.0,Não atendido,8.3,9.7,,Não,Não,Fase 2 (5º e 6º ano),-1,Destaque: A sua boa entrega das lições de casa.,Destaque: As suas boas notas na Passos Mágicos.,Melhorar: Integrar-se mais aos Princípios Passos Mágicos.,2022,,,,Completo,1.0
RA-578,1,J,Aluno-578,2012.0,10.0,Menino,2019,Escola Pública,8.814,Topázio,11.0,3.0,1.0,3.0,9.5,10.0,8.8,9.5,9.611,5.0,Sem limitações,9.3,9.7,,Sim,Sim,Fase 2 (5º e 6º ano),-1,Destaque: A sua boa entrega das lições de casa.,Destaque: As suas boas notas na Passos Mágicos.,Destaque: A sua boa integração aos Princípios Passos Mágicos.,2022,,,,Completo,1.0
RA-579,1,J,Aluno-579,2012.0,10.0,Menina,2022,Escola Pública,6.067,Ágata,715.0,171.0,15.0,3.0,8.5,5.8,7.5,3.8,7.222,5.0,Não atendido,0.0,7.5,,Não,Não,Fase 2 (5º e 6º ano),-1,Melhorar: Melhorar a sua entrega de lições de casa.,Melhorar: Empenhar-se mais nas aulas e avaliações.,Melhorar: Integrar-se mais aos Princípios Passos Mágicos.,2022,,,,Completo,1.0
RA-580,1,J,Aluno-580,2012.0,10.0,Menina,2020,Escola Pública,7.525,Ametista,299.0,78.0,5.0,3.0,8.0,9.6,7.5,7.6,7.167,5.0,Não atendido,6.3,8.8,,Não,Não,Fase 2 (5º e 6º ano),-1,Destaque: A sua boa entrega das lições de casa.,Destaque: As suas boas notas na Passos Mágicos.,Melhorar: Integrar-se mais aos Princípios Passos Mágicos.,2022,,,,Completo,1.0
RA-581,1,J,Aluno-581,2012.0,10.0,Menino,2019,Escola Pública,6.464,Ágata,648.0,157.0,14.0,3.0,7.5,8.9,7.5,5.0,5.889,5.0,Não atendido,5.3,4.7,,Não,Não,Fase 2 (5º e 6º ano),-1,Destaque: A sua boa entrega das lições de casa.,Melhorar: Empenhar-se mais nas aulas e avaliações.,Melhorar: Integrar-se mais aos Princípios Passos Mágicos.,2022,,,,Completo,1.0
RA-582,1,J,Aluno-582,2012.0,10.0,Menina,2022,Escola Pública,7.064,Ametista,466.0,119.0,10.0,3.0,10.0,9.0,7.5,4.9,7.222,5.0,Não atendido,4.3,5.5,,Não,Não,Fase 2 (5º e 6º ano),-1,Destaque: A sua boa entrega das lições de casa.,Melhorar: Empenhar-se mais nas aulas e avaliações.,Melhorar: Integrar-se mais aos Princípios Passos Mágicos.,2022,,,,Completo,1.0
RA-583,1,J,Aluno-583,2010.0,12.0,Menina,2019,Escola Pública,7.456,Ametista,333.0,87.0,7.0,3.0,8.5,9.4,7.5,7.1,7.333,5.0,Não atendido,6.2,8.0,,Não,Não,Fase 3 (7º e 8º ano),-2,Destaque: A sua boa entrega das lições de casa.,Melhorar: Empenhar-se mais nas aulas e avaliações.,Melhorar: Integrar-se mais aos Princípios Passos Mágicos.,2022,,,,Completo,1.0
RA-584,1,J,Aluno-584,2012.0,10.0,Menina,2019,Escola Pública,6.714,Ágata,585.0,143.0,12.0,3.0,8.0,8.5,7.5,4.6,7.333,5.0,Não atendido,4.5,4.7,,Não,Não,Fase 2 (5º e 6º ano),-1,Destaque: A sua boa entrega das lições de casa.,Melhorar: Empenhar-se mais nas aulas e avaliações.,Melhorar: Integrar-se mais aos Princípios Passos Mágicos.,2022,,,,Completo,1.0
RA-585,1,K,Aluno-585,2013.0,9.0,Menina,2020,Escola Pública,7.398,Ametista,362.0,94.0,7.0,3.0,8.5,9.1,7.5,5.0,6.889,10.0,Não atendido,3.7,6.3,,Não,Não,Fase 1 (4º ano),0,Destaque: A sua boa entrega das lições de casa.,Melhorar: Empenhar-se mais nas aulas e avaliações.,Melhorar: Integrar-se mais aos Princípios Passos Mágicos.,2022,,,,Completo,1.0
RA-586,1,K,Aluno-586,2012.0,10.0,Menina,2021,Rede Decisão,7.988,Ametista,146.0,37.0,3.0,3.0,10.0,9.6,5.6,8.2,8.778,5.0,Requer avaliação,8.2,8.2,,Não,Sim,Fase 2 (5º e 6º ano),-1,Destaque: A sua boa entrega das lições de casa.,Destaque: As suas boas notas na Passos Mágicos.,Destaque: A sua boa integração aos Princípios Passos Mágicos.,2022,,,,Completo,1.0
RA-587,1,K,Aluno-587,2012.0,10.0,Menino,2022,Escola Pública,6.632,Ágata,615.0,148.0,10.0,3.0,9.5,9.3,7.5,3.8,6.167,5.0,Não atendido,1.0,6.5,,Não,Não,Fase 2 (5º e 6º ano),-1,Destaque: A sua boa entrega das lições de casa.,Melhorar: Empenhar-se mais nas aulas e avaliações.,Melhorar: Integrar-se mais aos Princípios Passos Mágicos.,2022,,,,Completo,1.0
RA-588,1,K,Aluno-588,2013.0,9.0,Menina,2021,Rede Decisão,8.622,Topázio,26.0,4.0,2.0,3.0,9.5,10.0,5.6,9.3,8.278,10.0,Sem limitações,9.3,9.2,,Não,Não,Fase 1 (4º ano),0,Destaque: A sua boa entrega das lições de casa.,Destaque: As suas boas notas na Passos Mágicos.,Destaque: A sua boa integração aos Princípios Passos Mágicos.,2022,,,,Completo,1.0
RA-589,1,K,Aluno-589,2013.0,9.0,Menina,2022,Escola Pública,7.744,Ametista,219.0,57.0,4.0,3.0,9.5,9.4,7.5,5.8,7.056,10.0,Não atendido,3.0,8.5,,Não,Não,Fase 1 (4º ano),0,Destaque: A sua boa entrega das lições de casa.,Melhorar: Empenhar-se mais nas aulas e avaliações.,Melhorar: Integrar-se mais aos Princípios Passos Mágicos.,2022,,,,Completo,1.0
RA-590,1,K,Aluno-590,2012.0,10.0,Menina,2020,Escola Pública,7.435,Ametista,341.0,90.0,6.0,3.0,8.5,8.6,7.5,7.4,7.611,5.0,Não atendido,5.7,9.2,,Não,Não,Fase 2 (5º e 6º ano),-1,Destaque: A sua boa entrega das lições de casa.,Melhorar: Empenhar-se mais nas aulas e avaliações.,Destaque: A sua boa integração aos Princípios Passos Mágicos.,2022,,,,Completo,1.0
RA-591,1,K,Aluno-591,2011.0,11.0,Menino,2021,Escola Pública,7.507,Ametista,305.0,80.0,5.0,3.0,9.5,9.3,7.5,7.1,7.389,5.0,Não atendido,7.8,6.3,,Não,Não,Fase 2 (5º e 6º ano),-1,Destaque: A sua boa entrega das lições de casa.,Melhorar: Empenhar-se mais nas aulas e avaliações.,Melhorar: Integrar-se mais aos Princípios Passos Mágicos.,2022,,,,Completo,1.0
RA-592,1,K,Aluno-592,2012.0,10.0,Menina,2020,Escola Pública,7.381,Ametista,368.0,96.0,9.0,3.0,8.0,8.5,5.6,8.4,7.778,5.0,Requer avaliação,7.2,9.7,,Não,Não,Fase 2 (5º e 6º ano),-1,Destaque: A sua boa entrega das lições de casa.,Destaque: As suas boas notas na Passos Mágicos.,Destaque: A sua boa integração aos Princípios Passos Mágicos.,2022,,,,Completo,1.0
RA-593,1,K,Aluno-593,2012.0,10.0,Menina,2021,Escola Pública,6.254,Ágata,694.0,168.0,11.0,3.0,7.5,7.4,7.5,4.6,6.278,5.0,Não atendido,3.0,6.2,,Não,Não,Fase 2 (5º e 6º ano),-1,Melhorar: Melhorar a sua entrega de lições de casa.,Melhorar: Empenhar-se mais nas aulas e avaliações.,Melhorar: Integrar-se mais aos Princípios Passos Mágicos.,2022,,,,Completo,1.0
RA-594,1,K,Aluno-594,2012.0,10.0,Menino,2022,Escola Pública,7.392,Ametista,364.0,95.0,8.0,3.0,8.0,9.4,7.5,7.8,6.889,5.0,Não atendido,6.0,9.5,,Não,Não,Fase 2 (5º e 6º ano),-1,Destaque: A sua boa entrega das lições de casa.,Destaque: As suas boas notas na Passos Mágicos.,Melhorar: Integrar-se mais aos Princípios Passos Mágicos.,2022,,,,Completo,1.0
RA-595,1,K,Aluno-595,2010.0,12.0,Menino,2018,Escola Pública,5.18,Quartzo,813.0,187.0,12.0,3.0,8.5,5.5,7.5,1.0,6.0,5.0,Não atendido,2.0,0.0,,Não,Não,Fase 3 (7º e 8º ano),-2,Melhorar: Melhorar a sua entrega de lições de casa.,Melhorar: Empenhar-se mais nas aulas e avaliações.,Melhorar: Integrar-se mais aos Princípios Passos Mágicos.,2022,,,,Completo,1.0
RA-596,1,K,Aluno-596,2013.0,9.0,Menina,2021,Escola Pública,8.971,Topázio,4.0,1.0,1.0,3.0,9.5,10.0,7.5,9.3,9.0,10.0,Sem limitações,8.8,9.8,,Sim,Sim,Fase 1 (4º ano),0,Destaque: A sua boa entrega das lições de casa.,Destaque: As suas boas notas na Passos Mágicos.,Destaque: A sua boa integração aos Princípios Passos Mágicos.,2022,,,,Completo,1.0
RA-597,1,L,Aluno-597,2013.0,9.0,Menino,2022,Escola Pública,8.265,Topázio,67.0,14.0,1.0,3.0,9.0,10.0,7.5,8.0,7.056,10.0,Sem limitações,6.5,9.5,,Não,Não,Fase 1 (4º ano),0,Destaque: A sua boa entrega das lições de casa.,Destaque: As suas boas notas na Passos Mágicos.,Melhorar: Integrar-se mais aos Princípios Passos Mágicos.,2022,,,,Completo,1.0
RA-598,1,L,Aluno-598,2011.0,11.0,Menina,2022,Escola Pública,6.35,Ágata,669.0,162.0,13.0,3.0,9.5,7.2,7.5,3.7,6.944,5.0,Sem limitações,4.7,2.7,,Não,Não,Fase 2 (5º e 6º ano),-1,Melhorar: Melhorar a sua entrega de lições de casa.,Melhorar: Empenhar-se mais nas aulas e avaliações.,Melhorar: Integrar-se mais aos Princípios Passos Mágicos.,2022,,,,Completo,1.0
RA-599,1,L,Aluno-599,2012.0,10.0,Menino,2022,Escola Pública,8.2,Topázio,85.0,19.0,2.0,3.0,9.5,9.2,7.5,9.1,8.556,5.0,Sem limitações,8.3,9.8,,Sim,Sim,Fase 2 (5º e 6º ano),-1,Destaque: A sua boa entrega das lições de casa.,Destaque: As suas boas notas na Passos Mágicos.,Destaque: A sua boa integração aos Princípios Passos Mágicos.,2022,,,,Completo,1.0
RA-600,1,L,Aluno-600,2013.0,9.0,Menina,2021,Escola Pública,7.011,Ágata,483.0,126.0,10.0,3.0,8.5,8.4,7.5,3.9,6.833,10.0,Sem limitações,2.8,5.0,,Não,Não,Fase 1 (4º ano),0,Destaque: A sua boa entrega das lições de casa.,Melhorar: Empenhar-se mais nas aulas e avaliações.,Melhorar: Integrar-se mais aos Princípios Passos Mágicos.,2022,,,,Completo,1.0
RA-601,1,L,Aluno-601,2014.0,8.0,Menino,2021,Escola Pública,7.713,Ametista,231.0,60.0,7.0,3.0,9.0,9.7,7.5,5.7,7.167,10.0,Sem limitações,5.3,6.0,,Não,Não,ALFA  (2º e 3º ano),1,Destaque: A sua boa entrega das lições de casa.,Melhorar: Empenhar-se mais nas aulas e avaliações.,Melhorar: Integrar-se mais aos Princípios Passos Mágicos.,2022,,,,Completo,1.0
RA-602,1,L,Aluno-602,2011.0,11.0,Menino,2019,Escola Pública,8.041,Ametista,134.0,32.0,4.0,3.0,10.0,9.7,7.5,8.6,7.667,5.0,Sem limitações,8.3,8.8,,Sim,Não,Fase 2 (5º e 6º ano),-1,Destaque: A sua boa entrega das lições de casa.,Destaque: As suas boas notas na Passos Mágicos.,Destaque: A sua boa integração aos Princípios Passos Mágicos.,2022,,,,Completo,1.0
RA-603,1,L,Aluno-603,2011.0,11.0,Menina,2022,Escola Pública,7.78,Ametista,209.0,52.0,6.0,3.0,9.0,9.5,7.5,7.5,8.0,5.0,Sem limitações,6.7,8.3,,Não,Não,Fase 2 (5º e 6º ano),-1,Destaque: A sua boa entrega das lições de casa.,Destaque: As suas boas notas na Passos Mágicos.,Destaque: A sua boa integração aos Princípios Passos Mágicos.,2022,,,,Completo,1.0
RA-604,1,L,Aluno-604,2012.0,10.0,Menina,2021,Escola Pública,8.018,Ametista,136.0,34.0,5.0,3.0,9.0,9.0,7.5,8.8,8.333,5.0,Sem limitações,8.0,9.7,,Sim,Não,Fase 2 (5º e 6º ano),-1,Destaque: A sua boa entrega das lições de casa.,Destaque: As suas boas notas na Passos Mágicos.,Destaque: A sua boa integração aos Princípios Passos Mágicos.,2022,,,,Completo,1.0
RA-605,1,L,Aluno-605,2010.0,12.0,Menina,2021,Escola Pública,7.276,Ametista,406.0,106.0,8.0,3.0,6.9,9.3,6.9,7.1,7.556,5.0,Sem limitações,6.2,8.0,,Não,Não,Fase 3 (7º e 8º ano),-2,Destaque: A sua boa entrega das lições de casa.,Melhorar: Empenhar-se mais nas aulas e avaliações.,Destaque: A sua boa integração aos Princípios Passos Mágicos.,2022,,,,Completo,1.0
RA-606,1,L,Aluno-606,2012.0,10.0,Menino,2022,Escola Pública,6.127,Ágata,704.0,169.0,14.0,3.0,9.5,9.0,7.5,1.8,6.111,5.0,Sem limitações,2.0,1.5,,Não,Não,Fase 2 (5º e 6º ano),-1,Destaque: A sua boa entrega das lições de casa.,Melhorar: Empenhar-se mais nas aulas e avaliações.,Melhorar: Integrar-se mais aos Princípios Passos Mágicos.,2022,,,,Completo,1.0
RA-607,1,L,Aluno-607,2012.0,10.0,Menino,2022,Escola Pública,6.44,Ágata,652.0,158.0,12.0,3.0,6.8,8.1,7.5,4.0,7.444,5.0,Sem limitações,3.0,5.0,,Não,Não,Fase 2 (5º e 6º ano),-1,Destaque: A sua boa entrega das lições de casa.,Melhorar: Empenhar-se mais nas aulas e avaliações.,Melhorar: Integrar-se mais aos Princípios Passos Mágicos.,2022,,,,Completo,1.0
RA-608,1,L,Aluno-608,2012.0,10.0,Menino,2022,Escola Pública,7.216,Ametista,422.0,108.0,9.0,3.0,7.8,9.6,7.5,6.3,7.222,5.0,Sem limitações,3.0,9.5,,Não,Não,Fase 2 (5º e 6º ano),-1,Destaque: A sua boa entrega das lições de casa.,Melhorar: Empenhar-se mais nas aulas e avaliações.,Melhorar: Integrar-se mais aos Princípios Passos Mágicos.,2022,,,,Completo,1.0
RA-609,1,L,Aluno-609,2011.0,11.0,Menino,2019,Escola Pública,6.794,Ágata,557.0,137.0,11.0,3.0,8.5,7.6,7.5,6.0,7.056,5.0,Sem limitações,6.5,5.5,,Não,Não,Fase 2 (5º e 6º ano),-1,Destaque: A sua boa entrega das lições de casa.,Melhorar: Empenhar-se mais nas aulas e avaliações.,Melhorar: Integrar-se mais aos Princípios Passos Mágicos.,2022,,,,Completo,1.0
RA-610,1,L,Aluno-610,2013.0,9.0,Menina,2022,Escola Pública,8.18,Topázio,91.0,21.0,3.0,3.0,9.0,9.6,7.5,6.5,8.5,10.0,Sem limitações,6.0,7.0,,Não,Sim,Fase 1 (4º ano),0,Destaque: A sua boa entrega das lições de casa.,Melhorar: Empenhar-se mais nas aulas e avaliações.,Destaque: A sua boa integração aos Princípios Passos Mágicos.,2022,,,,Completo,1.0
RA-611,1,M,Aluno-611,2010.0,12.0,Menino,2021,Escola Pública,7.756,Ametista,214.0,54.0,4.0,3.0,9.5,7.6,7.5,9.5,7.556,5.0,Não atendido,10.0,9.0,,Sim,Não,Fase 3 (7º e 8º ano),-2,Destaque: A sua boa entrega das lições de casa.,Destaque: As suas boas notas na Passos Mágicos.,Destaque: A sua boa integração aos Princípios Passos Mágicos.,2022,,,,Completo,1.0
RA-612,1,M,Aluno-612,2012.0,10.0,Menina,2021,Escola Pública,7.594,Ametista,273.0,71.0,6.0,3.0,9.0,9.2,7.5,7.9,7.167,5.0,Não atendido,9.7,6.2,,Não,Não,Fase 2 (5º e 6º ano),-1,Destaque: A sua boa entrega das lições de casa.,Destaque: As suas boas notas na Passos Mágicos.,Melhorar: Integrar-se mais aos Princípios Passos Mágicos.,2022,,,,Completo,1.0
RA-613,1,M,Aluno-613,2009.0,13.0,Menino,2020,Escola Pública,8.121,Topázio,108.0,23.0,2.0,3.0,9.0,9.2,7.5,9.2,8.556,5.0,Não atendido,9.2,9.2,,Sim,Sim,Fase 3 (7º e 8º ano),-2,Destaque: A sua boa entrega das lições de casa.,Destaque: As suas boas notas na Passos Mágicos.,Destaque: A sua boa integração aos Princípios Passos Mágicos.,2022,,,,Completo,1.0
RA-614,1,M,Aluno-614,2010.0,12.0,Menino,2021,Escola Pública,8.339,Topázio,55.0,8.0,1.0,3.0,9.5,9.7,7.5,9.6,8.278,5.0,Não atendido,9.8,9.3,,Sim,Não,Fase 3 (7º e 8º ano),-2,Destaque: A sua boa entrega das lições de casa.,Destaque: As suas boas notas na Passos Mágicos.,Destaque: A sua boa integração aos Princípios Passos Mágicos.,2022,,,,Completo,1.0
RA-615,1,M,Aluno-615,2013.0,9.0,Menina,2020,Escola Pública,8.086,Topázio,120.0,27.0,3.0,3.0,9.5,9.7,7.5,7.3,6.889,10.0,Não atendido,7.8,6.7,,Não,Não,Fase 1 (4º ano),0,Destaque: A sua boa entrega das lições de casa.,Melhorar: Empenhar-se mais nas aulas e avaliações.,Melhorar: Integrar-se mais aos Princípios Passos Mágicos.,2022,,,,Completo,1.0
RA-616,1,M,Aluno-616,2010.0,12.0,Menino,2019,Escola Pública,7.303,Ametista,391.0,102.0,8.0,3.0,7.4,7.4,7.5,8.8,7.278,5.0,Não atendido,9.2,8.5,,Não,Não,Fase 3 (7º e 8º ano),-2,Melhorar: Melhorar a sua entrega de lições de casa.,Destaque: As suas boas notas na Passos Mágicos.,Melhorar: Integrar-se mais aos Princípios Passos Mágicos.,2022,,,,Completo,1.0
RA-617,1,M,Aluno-617,2011.0,11.0,Menina,2021,Escola Pública,7.107,Ametista,453.0,115.0,10.0,3.0,8.5,8.9,7.5,6.3,6.778,5.0,Não atendido,4.5,8.0,,Não,Não,Fase 2 (5º e 6º ano),-1,Destaque: A sua boa entrega das lições de casa.,Melhorar: Empenhar-se mais nas aulas e avaliações.,Melhorar: Integrar-se mais aos Princípios Passos Mágicos.,2022,,,,Completo,1.0
RA-618,1,M,Aluno-618,2009.0,13.0,Menino,2020,Escola Pública,7.18,Ametista,438.0,112.0,9.0,3.0,8.9,8.3,7.5,6.7,7.333,5.0,Não atendido,6.8,6.5,,Não,Não,Fase 3 (7º e 8º ano),-2,Destaque: A sua boa entrega das lições de casa.,Melhorar: Empenhar-se mais nas aulas e avaliações.,Melhorar: Integrar-se mais aos Princípios Passos Mágicos.,2022,,,,Completo,1.0
RA-619,1,M,Aluno-619,2011.0,11.0,Menina,2021,Escola Pública,7.693,Ametista,236.0,62.0,5.0,3.0,9.5,8.0,7.5,9.0,7.333,5.0,Não atendido,9.2,8.8,,Não,Não,Fase 2 (5º e 6º ano),-1,Destaque: A sua boa entrega das lições de casa.,Destaque: As suas boas notas na Passos Mágicos.,Melhorar: Integrar-se mais aos Princípios Passos Mágicos.,2022,,,,Completo,1.0
RA-620,1,M,Aluno-620,2010.0,12.0,Menino,2021,Escola Pública,6.018,Ágata,726.0,173.0,11.0,3.0,0.0,7.5,7.5,6.8,6.833,5.0,Não atendido,8.5,5.0,,Não,Não,Fase 3 (7º e 8º ano),-2,Destaque: A sua boa entrega das lições de casa.,Melhorar: Empenhar-se mais nas aulas e avaliações.,Melhorar: Integrar-se mais aos Princípios Passos Mágicos.,2022,,,,Completo,1.0
RA-621,1,M,Aluno-621,2012.0,10.0,Menino,2020,Escola Pública,7.448,Ametista,337.0,89.0,7.0,3.0,9.5,7.7,7.5,7.5,8.222,5.0,Não atendido,6.8,8.2,,Não,Não,Fase 2 (5º e 6º ano),-1,Destaque: A sua boa entrega das lições de casa.,Destaque: As suas boas notas na Passos Mágicos.,Destaque: A sua boa integração aos Princípios Passos Mágicos.,2022,,,,Completo,1.0
RA-622,1,N,Aluno-622,2010.0,12.0,Menina,2019,Escola Pública,4.934,Quartzo,828.0,190.0,10.0,3.0,3.5,3.8,7.5,3.8,6.0,5.0,Não atendido,4.8,2.7,,Não,Não,Fase 3 (7º e 8º ano),-2,Melhorar: Melhorar a sua entrega de lições de casa.,Melhorar: Empenhar-se mais nas aulas e avaliações.,Melhorar: Integrar-se mais aos Princípios Passos Mágicos.,2022,,,,Completo,1.0
RA-623,1,N,Aluno-623,2009.0,13.0,Menino,2022,Escola Pública,7.524,Ametista,300.0,79.0,4.0,3.0,7.5,9.0,7.5,8.3,7.389,5.0,Não atendido,9.3,7.2,,Não,Não,Fase 3 (7º e 8º ano),-2,Destaque: A sua boa entrega das lições de casa.,Destaque: As suas boas notas na Passos Mágicos.,Melhorar: Integrar-se mais aos Princípios Passos Mágicos.,2022,,,,Completo,1.0
RA-624,1,N,Aluno-624,2012.0,10.0,Menino,2022,Escola Pública,7.425,Ametista,346.0,91.0,6.0,3.0,9.0,8.9,7.5,6.8,7.722,5.0,Não atendido,8.0,5.5,,Não,Não,Fase 2 (5º e 6º ano),-1,Destaque: A sua boa entrega das lições de casa.,Melhorar: Empenhar-se mais nas aulas e avaliações.,Destaque: A sua boa integração aos Princípios Passos Mágicos.,2022,,,,Completo,1.0
RA-625,1,N,Aluno-625,2011.0,11.0,Menino,2022,Escola Pública,7.483,Ametista,319.0,82.0,5.0,3.0,8.0,9.2,7.5,7.8,7.333,5.0,Não atendido,8.5,7.0,,Não,Não,Fase 2 (5º e 6º ano),-1,Destaque: A sua boa entrega das lições de casa.,Destaque: As suas boas notas na Passos Mágicos.,Melhorar: Integrar-se mais aos Princípios Passos Mágicos.,2022,,,,Completo,1.0
RA-626,1,N,Aluno-626,2011.0,11.0,Menino,2021,Escola Pública,5.818,Quartzo,748.0,178.0,9.0,3.0,7.4,7.6,7.5,1.3,7.278,5.0,Não atendido,2.5,0.0,,Não,Não,Fase 2 (5º e 6º ano),-1,Destaque: A sua boa entrega das lições de casa.,Melhorar: Empenhar-se mais nas aulas e avaliações.,Melhorar: Integrar-se mais aos Princípios Passos Mágicos.,2022,,,,Completo,1.0
RA-627,1,N,Aluno-627,2012.0,10.0,Menina,2022,Escola Pública,6.621,Ágata,619.0,150.0,8.0,3.0,7.0,6.7,7.5,6.5,7.0,5.0,Não atendido,6.2,6.8,,Não,Não,Fase 2 (5º e 6º ano),-1,Melhorar: Melhorar a sua entrega de lições de casa.,Melhorar: Empenhar-se mais nas aulas e avaliações.,Melhorar: Integrar-se mais aos Princípios Passos Mágicos.,2022,,,,Completo,1.0
RA-628,1,N,Aluno-628,2011.0,11.0,Menino,2022,Escola Pública,7.577,Ametista,282.0,76.0,3.0,3.0,9.5,7.6,7.5,9.2,7.333,5.0,Não atendido,9.3,9.0,,Não,Não,Fase 2 (5º e 6º ano),-1,Destaque: A sua boa entrega das lições de casa.,Destaque: As suas boas notas na Passos Mágicos.,Melhorar: Integrar-se mais aos Princípios Passos Mágicos.,2022,,,,Completo,1.0
RA-629,1,N,Aluno-629,2013.0,9.0,Menino,2022,Escola Pública,8.11,Topázio,112.0,24.0,1.0,3.0,9.0,10.0,7.5,7.0,7.278,10.0,Não atendido,5.0,9.0,,Não,Não,Fase 1 (4º ano),0,Destaque: A sua boa entrega das lições de casa.,Melhorar: Empenhar-se mais nas aulas e avaliações.,Melhorar: Integrar-se mais aos Princípios Passos Mágicos.,2022,,,,Completo,1.0
RA-630,1,N,Aluno-630,2013.0,9.0,Menino,2022,Escola Pública,8.064,Topázio,127.0,30.0,2.0,3.0,9.5,9.2,7.5,7.3,7.278,10.0,Não atendido,6.5,8.0,,Não,Não,Fase 1 (4º ano),0,Destaque: A sua boa entrega das lições de casa.,Melhorar: Empenhar-se mais nas aulas e avaliações.,Melhorar: Integrar-se mais aos Princípios Passos Mágicos.,2022,,,,Completo,1.0
RA-631,1,N,Aluno-631,2010.0,12.0,Menino,2022,Escola Pública,6.928,Ágata,515.0,133.0,7.0,3.0,8.5,6.8,7.5,7.0,7.222,5.0,Não atendido,7.3,6.7,,Não,Não,Fase 3 (7º e 8º ano),-2,Melhorar: Melhorar a sua entrega de lições de casa.,Melhorar: Empenhar-se mais nas aulas e avaliações.,Melhorar: Integrar-se mais aos Princípios Passos Mágicos.,2022,,,,Completo,1.0
RA-632,1,P,Aluno-632,2012.0,10.0,Menina,2022,Escola Pública,6.996,Ágata,489.0,129.0,9.0,3.0,8.5,9.3,6.9,6.3,6.722,5.0,Sem limitações,5.5,7.2,,Não,Não,Fase 2 (5º e 6º ano),-1,Destaque: A sua boa entrega das lições de casa.,Melhorar: Empenhar-se mais nas aulas e avaliações.,Melhorar: Integrar-se mais aos Princípios Passos Mágicos.,2022,,,,Completo,1.0
RA-633,1,P,Aluno-633,2011.0,11.0,Menina,2020,Escola Pública,7.476,Ametista,325.0,84.0,5.0,3.0,7.3,8.9,7.5,7.7,7.833,5.0,Não atendido,6.8,8.5,,Não,Não,Fase 2 (5º e 6º ano),-1,Destaque: A sua boa entrega das lições de casa.,Destaque: As suas boas notas na Passos Mágicos.,Destaque: A sua boa integração aos Princípios Passos Mágicos.,2022,,,,Completo,1.0
RA-634,1,P,Aluno-634,2011.0,11.0,Menina,2022,Escola Pública,7.619,Ametista,267.0,69.0,4.0,3.0,9.5,9.4,7.5,6.5,8.222,5.0,Não atendido,8.0,5.0,,Não,Não,Fase 2 (5º e 6º ano),-1,Destaque: A sua boa entrega das lições de casa.,Melhorar: Empenhar-se mais nas aulas e avaliações.,Destaque: A sua boa integração aos Princípios Passos Mágicos.,2022,,,,Completo,1.0
RA-635,1,P,Aluno-635,2012.0,10.0,Menino,2022,Escola Pública,5.313,Quartzo,802.0,184.0,14.0,3.0,10.0,4.9,6.9,1.5,6.444,5.0,Requer avaliação,0.5,2.5,,Não,Não,Fase 2 (5º e 6º ano),-1,Melhorar: Melhorar a sua entrega de lições de casa.,Melhorar: Empenhar-se mais nas aulas e avaliações.,Melhorar: Integrar-se mais aos Princípios Passos Mágicos.,2022,,,,Completo,1.0
RA-636,1,P,Aluno-636,2012.0,10.0,Menino,2022,Escola Pública,7.189,Ametista,434.0,110.0,6.0,3.0,8.5,8.0,6.9,7.3,7.389,5.0,Requer avaliação,7.3,7.3,,Sim,Não,Fase 2 (5º e 6º ano),-1,Destaque: A sua boa entrega das lições de casa.,Melhorar: Empenhar-se mais nas aulas e avaliações.,Melhorar: Integrar-se mais aos Princípios Passos Mágicos.,2022,,,,Completo,1.0
RA-637,1,P,Aluno-637,2012.0,10.0,Menina,2021,Escola Pública,7.039,Ametista,477.0,124.0,8.0,3.0,8.5,9.0,7.5,5.8,7.0,5.0,Não atendido,4.8,6.8,,Não,Não,Fase 2 (5º e 6º ano),-1,Destaque: A sua boa entrega das lições de casa.,Melhorar: Empenhar-se mais nas aulas e avaliações.,Melhorar: Integrar-se mais aos Princípios Passos Mágicos.,2022,,,,Completo,1.0
RA-638,1,P,Aluno-638,2013.0,9.0,Menina,2020,Escola Pública,7.059,Ametista,467.0,120.0,7.0,3.0,8.5,9.3,7.5,3.9,6.278,10.0,Não atendido,2.0,5.8,,Não,Não,Fase 1 (4º ano),0,Destaque: A sua boa entrega das lições de casa.,Melhorar: Empenhar-se mais nas aulas e avaliações.,Melhorar: Integrar-se mais aos Princípios Passos Mágicos.,2022,,,,Completo,1.0
RA-639,1,P,Aluno-639,2012.0,10.0,Menina,2021,Escola Pública,6.613,Ágata,622.0,151.0,12.0,3.0,8.5,7.4,7.5,5.5,6.611,5.0,Não atendido,3.2,7.8,,Não,Não,Fase 2 (5º e 6º ano),-1,Melhorar: Melhorar a sua entrega de lições de casa.,Melhorar: Empenhar-se mais nas aulas e avaliações.,Melhorar: Integrar-se mais aos Princípios Passos Mágicos.,2022,,,,Completo,1.0
RA-640,1,P,Aluno-640,2011.0,11.0,Menina,2022,Escola Pública,6.73,Ágata,577.0,141.0,11.0,3.0,9.0,8.4,7.5,4.8,6.778,5.0,Não atendido,2.5,7.0,,Não,Não,Fase 2 (5º e 6º ano),-1,Destaque: A sua boa entrega das lições de casa.,Melhorar: Empenhar-se mais nas aulas e avaliações.,Melhorar: Integrar-se mais aos Princípios Passos Mágicos.,2022,,,,Completo,1.0
RA-641,1,P,Aluno-641,2013.0,9.0,Menina,2022,Escola Pública,7.776,Ametista,210.0,53.0,2.0,3.0,9.0,9.3,7.5,6.5,6.778,10.0,Não atendido,4.5,8.5,,Não,Não,Fase 1 (4º ano),0,Destaque: A sua boa entrega das lições de casa.,Melhorar: Empenhar-se mais nas aulas e avaliações.,Melhorar: Integrar-se mais aos Princípios Passos Mágicos.,2022,,,,Completo,1.0
RA-642,1,P,Aluno-642,2012.0,10.0,Menina,2021,Escola Pública,7.75,Ametista,216.0,55.0,3.0,3.0,10.0,9.7,6.9,7.3,7.778,5.0,Sem limitações,7.0,7.7,,Não,Não,Fase 2 (5º e 6º ano),-1,Destaque: A sua boa entrega das lições de casa.,Melhorar: Empenhar-se mais nas aulas e avaliações.,Destaque: A sua boa integração aos Princípios Passos Mágicos.,2022,,,,Completo,1.0
RA-643,1,P,Aluno-643,2012.0,10.0,Menino,2022,Escola Pública,6.763,Ágata,565.0,139.0,10.0,3.0,9.0,8.0,7.5,6.2,6.722,5.0,Não atendido,6.3,6.0,,Não,Não,Fase 2 (5º e 6º ano),-1,Destaque: A sua boa entrega das lições de casa.,Melhorar: Empenhar-se mais nas aulas e avaliações.,Melhorar: Integrar-se mais aos Princípios Passos Mágicos.,2022,,,,Completo,1.0
RA-644,1,P,Aluno-644,2011.0,11.0,Menina,2021,Escola Pública,7.83,Ametista,195.0,45.0,1.0,3.0,9.5,8.0,7.5,8.8,8.278,5.0,Não atendido,9.7,8.0,,Sim,Não,Fase 2 (5º e 6º ano),-1,Destaque: A sua boa entrega das lições de casa.,Destaque: As suas boas notas na Passos Mágicos.,Destaque: A sua boa integração aos Princípios Passos Mágicos.,2022,,,,Completo,1.0
RA-645,1,P,Aluno-645,2012.0,10.0,Menina,2022,Escola Pública,6.086,Ágata,711.0,170.0,13.0,3.0,8.5,8.1,7.5,2.0,6.833,5.0,Requer avaliação,4.0,0.0,,Não,Não,Fase 2 (5º e 6º ano),-1,Destaque: A sua boa entrega das lições de casa.,Melhorar: Empenhar-se mais nas aulas e avaliações.,Melhorar: Integrar-se mais aos Princípios Passos Mágicos.,2022,,,,Completo,1.0
RA-646,1,R,Aluno-646,2009.0,13.0,Menino,2019,Escola Pública,8.181,Topázio,90.0,20.0,1.0,3.0,8.5,9.8,8.1,8.4,8.389,5.0,Não atendido,8.8,8.0,,Sim,Sim,Fase 3 (7º e 8º ano),-2,Destaque: A sua boa entrega das lições de casa.,Destaque: As suas boas notas na Passos Mágicos.,Destaque: A sua boa integração aos Princípios Passos Mágicos.,2022,,,,Completo,1.0
RA-647,1,R,Aluno-647,2012.0,10.0,Menino,2022,Escola Pública,6.606,Ágata,624.0,152.0,12.0,3.0,9.5,8.6,7.5,3.3,7.278,5.0,Não atendido,1.5,5.2,,Não,Não,Fase 2 (5º e 6º ano),-1,Destaque: A sua boa entrega das lições de casa.,Melhorar: Empenhar-se mais nas aulas e avaliações.,Melhorar: Integrar-se mais aos Princípios Passos Mágicos.,2022,,,,Completo,1.0
RA-648,1,R,Aluno-648,2010.0,12.0,Menino,2019,Escola Pública,6.736,Ágata,574.0,140.0,10.0,3.0,9.0,7.5,6.9,5.3,7.5,5.0,Sem limitações,5.0,5.5,,Não,Não,Fase 3 (7º e 8º ano),-2,Melhorar: Melhorar a sua entrega de lições de casa.,Melhorar: Empenhar-se mais nas aulas e avaliações.,Destaque: A sua boa integração aos Princípios Passos Mágicos.,2022,,,,Completo,1.0
RA-649,1,R,Aluno-649,2010.0,12.0,Menina,2019,Escola Pública,7.302,Ametista,393.0,103.0,8.0,3.0,8.5,8.9,5.6,7.4,7.611,5.0,Requer avaliação,6.3,8.5,,Não,Não,Fase 3 (7º e 8º ano),-2,Destaque: A sua boa entrega das lições de casa.,Melhorar: Empenhar-se mais nas aulas e avaliações.,Destaque: A sua boa integração aos Princípios Passos Mágicos.,2022,,,,Completo,1.0
RA-650,1,R,Aluno-650,2011.0,11.0,Menina,2021,Escola Pública,7.004,Ágata,486.0,127.0,9.0,3.0,6.9,8.7,5.6,6.9,7.5,5.0,Sem limitações,5.5,8.3,,Não,Não,Fase 2 (5º e 6º ano),-1,Destaque: A sua boa entrega das lições de casa.,Melhorar: Empenhar-se mais nas aulas e avaliações.,Destaque: A sua boa integração aos Princípios Passos Mágicos.,2022,,,,Completo,1.0
RA-651,1,R,Aluno-651,2012.0,10.0,Menina,2022,Escola Pública,7.866,Ametista,180.0,40.0,5.0,3.0,8.5,9.3,7.5,7.8,8.333,5.0,Não atendido,7.7,7.8,,Sim,Não,Fase 2 (5º e 6º ano),-1,Destaque: A sua boa entrega das lições de casa.,Destaque: As suas boas notas na Passos Mágicos.,Destaque: A sua boa integração aos Princípios Passos Mágicos.,2022,,,,Completo,1.0
RA-652,1,R,Aluno-652,2013.0,9.0,Menina,2022,Escola Pública,8.151,Topázio,98.0,22.0,2.0,3.0,8.0,9.6,7.5,7.8,7.5,10.0,Não atendido,7.0,8.5,,Não,Não,Fase 1 (4º ano),0,Destaque: A sua boa entrega das lições de casa.,Destaque: As suas boas notas na Passos Mágicos.,Destaque: A sua boa integração aos Princípios Passos Mágicos.,2022,,,,Completo,1.0
RA-653,1,R,Aluno-653,2011.0,11.0,Menina,2022,Escola Pública,8.101,Topázio,115.0,25.0,3.0,3.0,9.5,9.6,7.5,9.3,7.5,5.0,Não atendido,9.5,9.0,,Não,Não,Fase 2 (5º e 6º ano),-1,Destaque: A sua boa entrega das lições de casa.,Destaque: As suas boas notas na Passos Mágicos.,Destaque: A sua boa integração aos Princípios Passos Mágicos.,2022,,,,Completo,1.0
RA-654,1,R,Aluno-654,2010.0,12.0,Menina,2022,Escola Pública,7.308,Ametista,384.0,99.0,7.0,3.0,8.5,8.6,7.5,6.8,7.556,5.0,Não atendido,5.5,8.0,,Não,Não,Fase 3 (7º e 8º ano),-2,Destaque: A sua boa entrega das lições de casa.,Melhorar: Empenhar-se mais nas aulas e avaliações.,Destaque: A sua boa integração aos Princípios Passos Mágicos.,2022,,,,Completo,1.0
RA-655,1,R,Aluno-655,2010.0,12.0,Menina,2019,Escola Pública,7.785,Ametista,206.0,50.0,6.0,3.0,7.5,9.2,7.5,8.3,8.389,5.0,Não atendido,8.3,8.2,,Sim,Sim,Fase 3 (7º e 8º ano),-2,Destaque: A sua boa entrega das lições de casa.,Destaque: As suas boas notas na Passos Mágicos.,Destaque: A sua boa integração aos Princípios Passos Mágicos.,2022,,,,Completo,1.0
RA-656,1,R,Aluno-656,2011.0,11.0,Menina,2020,Escola Pública,6.652,Ágata,606.0,146.0,11.0,3.0,7.4,7.5,5.6,6.3,7.5,5.0,Requer avaliação,5.0,7.5,,Não,Não,Fase 2 (5º e 6º ano),-1,Melhorar: Melhorar a sua entrega de lições de casa.,Melhorar: Empenhar-se mais nas aulas e avaliações.,Destaque: A sua boa integração aos Princípios Passos Mágicos.,2022,,,,Completo,1.0
RA-657,1,R,Aluno-657,2010.0,12.0,Menina,2021,Escola Pública,8.093,Topázio,117.0,26.0,4.0,3.0,9.5,9.8,7.5,9.0,7.5,5.0,Não atendido,9.0,9.0,,Não,Não,Fase 3 (7º e 8º ano),-2,Destaque: A sua boa entrega das lições de casa.,Destaque: As suas boas notas na Passos Mágicos.,Destaque: A sua boa integração aos Princípios Passos Mágicos.,2022,,,,Completo,1.0
RA-658,1,U,Aluno-658,2012.0,10.0,Menina,2022,Escola Pública,7.407,Ametista,357.0,93.0,7.0,2.0,10.0,9.3,7.5,5.6,7.917,5.0,Não atendido,4.7,6.5,,Não,Não,Fase 2 (5º e 6º ano),-1,Destaque: A sua boa entrega das lições de casa.,Melhorar: Empenhar-se mais nas aulas e avaliações.,Destaque: A sua boa integração aos Princípios Passos Mágicos.,2022,,,,Completo,1.0
RA-659,1,U,Aluno-659,2012.0,10.0,Menina,2022,Escola Pública,7.783,Ametista,208.0,51.0,3.0,2.0,8.0,7.8,7.5,9.3,8.333,5.0,Não atendido,9.5,9.0,,Não,Não,Fase 2 (5º e 6º ano),-1,Destaque: A sua boa entrega das lições de casa.,Destaque: As suas boas notas na Passos Mágicos.,Destaque: A sua boa integração aos Princípios Passos Mágicos.,2022,,,,Completo,1.0
RA-660,1,U,Aluno-660,2013.0,9.0,Menina,2021,Escola Pública,8.363,Topázio,50.0,7.0,1.0,2.0,9.5,9.0,7.5,6.9,9.083,10.0,Não atendido,5.8,8.0,,Não,Sim,Fase 1 (4º ano),0,Destaque: A sua boa entrega das lições de casa.,Melhorar: Empenhar-se mais nas aulas e avaliações.,Destaque: A sua boa integração aos Princípios Passos Mágicos.,2022,,,,Completo,1.0
RA-661,1,U,Aluno-661,2011.0,11.0,Menino,2022,Escola Pública,7.593,Ametista,274.0,72.0,4.0,2.0,9.0,8.3,7.5,7.8,7.917,5.0,Não atendido,8.3,7.3,,Não,Não,Fase 2 (5º e 6º ano),-1,Destaque: A sua boa entrega das lições de casa.,Destaque: As suas boas notas na Passos Mágicos.,Destaque: A sua boa integração aos Princípios Passos Mágicos.,2022,,,,Completo,1.0
RA-662,1,U,Aluno-662,2011.0,11.0,Menina,2022,Escola Pública,7.044,Ametista,473.0,122.0,9.0,2.0,9.0,8.8,7.5,6.8,6.083,5.0,Não atendido,5.7,7.8,,Não,Não,Fase 2 (5º e 6º ano),-1,Destaque: A sua boa entrega das lições de casa.,Melhorar: Empenhar-se mais nas aulas e avaliações.,Melhorar: Integrar-se mais aos Princípios Passos Mágicos.,2022,,,,Completo,1.0
RA-663,1,U,Aluno-663,2012.0,10.0,Menino,2022,Escola Pública,6.376,Ágata,665.0,161.0,11.0,2.0,6.9,8.7,7.5,5.8,5.25,5.0,Não atendido,5.0,6.5,,Não,Não,Fase 2 (5º e 6º ano),-1,Destaque: A sua boa entrega das lições de casa.,Melhorar: Empenhar-se mais nas aulas e avaliações.,Melhorar: Integrar-se mais aos Princípios Passos Mágicos.,2022,,,,Completo,1.0
RA-664,1,U,Aluno-664,2012.0,10.0,Menina,2022,Escola Pública,7.277,Ametista,405.0,105.0,8.0,2.0,9.5,8.8,7.5,6.3,7.167,5.0,Não atendido,5.0,7.5,,Não,Não,Fase 2 (5º e 6º ano),-1,Destaque: A sua boa entrega das lições de casa.,Melhorar: Empenhar-se mais nas aulas e avaliações.,Melhorar: Integrar-se mais aos Princípios Passos Mágicos.,2022,,,,Completo,1.0
RA-665,1,U,Aluno-665,2011.0,11.0,Menina,2022,Escola Pública,6.996,Ágata,488.0,128.0,10.0,2.0,9.0,7.4,7.5,6.8,7.25,5.0,Não atendido,6.5,7.0,,Não,Não,Fase 2 (5º e 6º ano),-1,Melhorar: Melhorar a sua entrega de lições de casa.,Melhorar: Empenhar-se mais nas aulas e avaliações.,Melhorar: Integrar-se mais aos Princípios Passos Mágicos.,2022,,,,Completo,1.0
RA-666,1,U,Aluno-666,2012.0,10.0,Menino,2022,Escola Pública,7.929,Ametista,160.0,39.0,2.0,2.0,9.5,9.1,7.5,7.8,8.833,5.0,Não atendido,8.0,7.5,,Não,Sim,Fase 2 (5º e 6º ano),-1,Destaque: A sua boa entrega das lições de casa.,Destaque: As suas boas notas na Passos Mágicos.,Destaque: A sua boa integração aos Princípios Passos Mágicos.,2022,,,,Completo,1.0
RA-667,1,U,Aluno-667,2011.0,11.0,Menino,2021,Escola Pública,5.844,Quartzo,747.0,177.0,12.0,2.0,8.5,5.6,7.5,4.5,5.833,5.0,Não atendido,3.7,5.3,,Não,Não,Fase 2 (5º e 6º ano),-1,Melhorar: Melhorar a sua entrega de lições de casa.,Melhorar: Empenhar-se mais nas aulas e avaliações.,Melhorar: Integrar-se mais aos Princípios Passos Mágicos.,2022,,,,Completo,1.0
RA-668,1,U,Aluno-668,2011.0,11.0,Menino,2022,Escola Pública,4.365,Quartzo,845.0,192.0,13.0,2.0,6.9,3.3,7.5,2.8,3.75,5.0,Não atendido,2.8,2.8,,Não,Não,Fase 2 (5º e 6º ano),-1,Melhorar: Melhorar a sua entrega de lições de casa.,Melhorar: Empenhar-se mais nas aulas e avaliações.,Melhorar: Integrar-se mais aos Princípios Passos Mágicos.,2022,,,,Completo,1.0
RA-669,1,U,Aluno-669,2011.0,11.0,Menino,2022,Escola Pública,7.475,Ametista,326.0,85.0,5.0,2.0,9.0,9.7,7.5,6.0,7.833,5.0,Não atendido,5.0,7.0,,Não,Não,Fase 2 (5º e 6º ano),-1,Destaque: A sua boa entrega das lições de casa.,Melhorar: Empenhar-se mais nas aulas e avaliações.,Destaque: A sua boa integração aos Princípios Passos Mágicos.,2022,,,,Completo,1.0
RA-670,1,U,Aluno-670,2012.0,10.0,Menina,2022,Escola Pública,7.451,Ametista,335.0,88.0,6.0,2.0,8.0,8.8,7.5,6.9,8.167,5.0,Não atendido,6.5,7.3,,Não,Não,Fase 2 (5º e 6º ano),-1,Destaque: A sua boa entrega das lições de casa.,Melhorar: Empenhar-se mais nas aulas e avaliações.,Destaque: A sua boa integração aos Princípios Passos Mágicos.,2022,,,,Completo,1.0
RA-671,0,A,Aluno-671,2013.0,9.0,Menino,2021,Escola Pública,7.617,Ametista,269.0,75.0,4.0,2.0,8.5,8.2,8.1,8.8,7.417,5.0,Sem limitações,8.8,8.8,,Não,Não,Fase 1 (4º ano),-1,Destaque: A sua boa entrega das lições de casa.,Destaque: As suas boas notas na Passos Mágicos.,Melhorar: Integrar-se mais aos Princípios Passos Mágicos.,2022,,,,Completo,0.0
RA-672,0,A,Aluno-672,2013.0,9.0,Menina,2021,Escola Pública,7.48,Ametista,323.0,96.0,6.0,2.0,8.5,8.5,8.1,8.8,6.75,5.0,Não atendido,8.5,9.1,,Não,Não,Fase 1 (4º ano),-1,Destaque: A sua boa entrega das lições de casa.,Destaque: As suas boas notas na Passos Mágicos.,Melhorar: Integrar-se mais aos Princípios Passos Mágicos.,2022,,,,Completo,0.0
RA-673,0,A,Aluno-673,2014.0,8.0,Menina,2022,Escola Pública,8.65,Topázio,21.0,2.0,1.0,2.0,8.5,9.2,8.1,9.2,8.583,10.0,Não atendido,9.4,8.9,,Sim,Sim,ALFA  (2º e 3º ano),0,Destaque: A sua boa entrega das lições de casa.,Destaque: As suas boas notas na Passos Mágicos.,Destaque: A sua boa integração aos Princípios Passos Mágicos.,2022,,,,Completo,0.0
RA-674,0,A,Aluno-674,2014.0,8.0,Menino,2022,Escola Pública,7.862,Ametista,181.0,50.0,3.0,2.0,9.5,8.7,8.1,8.0,6.333,10.0,Sem limitações,8.9,7.0,,Não,Não,ALFA  (2º e 3º ano),0,Destaque: A sua boa entrega das lições de casa.,Destaque: As suas boas notas na Passos Mágicos.,Melhorar: Integrar-se mais aos Princípios Passos Mágicos.,2022,,,,Completo,0.0
RA-675,0,A,Aluno-675,2014.0,8.0,Menino,2022,Escola Pública,7.576,Ametista,284.0,79.0,5.0,2.0,10.0,6.6,8.1,7.4,7.083,10.0,Não atendido,8.8,5.9,,Sim,Não,ALFA  (2º e 3º ano),0,Melhorar: Melhorar a sua entrega de lições de casa.,Melhorar: Empenhar-se mais nas aulas e avaliações.,Melhorar: Integrar-se mais aos Princípios Passos Mágicos.,2022,,,,Completo,0.0
RA-676,0,A,Aluno-676,2013.0,9.0,Menino,2021,Escola Pública,7.911,Ametista,165.0,44.0,2.0,2.0,8.5,8.6,8.1,9.3,8.167,5.0,Não atendido,9.5,9.1,,Sim,Não,Fase 1 (4º ano),-1,Destaque: A sua boa entrega das lições de casa.,Destaque: As suas boas notas na Passos Mágicos.,Destaque: A sua boa integração aos Princípios Passos Mágicos.,2022,,,,Completo,0.0
RA-677,0,B,Aluno-677,2014.0,8.0,Menina,2021,Escola Pública,8.358,Topázio,52.0,13.0,1.0,2.0,10.0,9.4,7.5,7.3,8.583,10.0,Não atendido,7.7,6.8,,Não,Sim,ALFA  (2º e 3º ano),0,Destaque: A sua boa entrega das lições de casa.,Melhorar: Empenhar-se mais nas aulas e avaliações.,Destaque: A sua boa integração aos Princípios Passos Mágicos.,2022,,,,Completo,0.0
RA-678,0,B,Aluno-678,2013.0,9.0,Menino,2022,Escola Pública,8.0,Ametista,143.0,40.0,2.0,2.0,9.0,10.0,6.9,7.3,9.5,5.0,Sem limitações,7.5,7.0,,Não,Sim,Fase 1 (4º ano),-1,Destaque: A sua boa entrega das lições de casa.,Melhorar: Empenhar-se mais nas aulas e avaliações.,Destaque: A sua boa integração aos Princípios Passos Mágicos.,2022,,,,Completo,0.0
RA-679,0,B,Aluno-679,2012.0,10.0,Menino,2020,Escola Pública,7.172,Ametista,441.0,129.0,6.0,2.0,9.0,8.2,7.5,6.3,7.833,5.0,Sem limitações,6.7,5.8,,Não,Não,Fase 2 (5º e 6º ano),-2,Destaque: A sua boa entrega das lições de casa.,Melhorar: Empenhar-se mais nas aulas e avaliações.,Destaque: A sua boa integração aos Princípios Passos Mágicos.,2022,,,,Completo,0.0
RA-680,0,B,Aluno-680,2012.0,10.0,Menina,2019,Escola Pública,7.518,Ametista,302.0,85.0,4.0,2.0,9.5,8.8,7.5,7.4,7.75,5.0,Não atendido,8.0,6.8,,Não,Não,Fase 2 (5º e 6º ano),-2,Destaque: A sua boa entrega das lições de casa.,Melhorar: Empenhar-se mais nas aulas e avaliações.,Destaque: A sua boa integração aos Princípios Passos Mágicos.,2022,,,,Completo,0.0
RA-681,0,B,Aluno-681,2012.0,10.0,Menino,2022,Escola Pública,7.204,Ametista,427.0,128.0,5.0,2.0,8.5,8.5,6.9,6.5,8.0,5.0,Requer avaliação,6.5,6.5,,Não,Não,Fase 2 (5º e 6º ano),-2,Destaque: A sua boa entrega das lições de casa.,Melhorar: Empenhar-se mais nas aulas e avaliações.,Destaque: A sua boa integração aos Princípios Passos Mágicos.,2022,,,,Completo,0.0
RA-682,0,B,Aluno-682,2011.0,11.0,Menino,2022,Escola Pública,7.625,Ametista,262.0,74.0,3.0,2.0,9.5,9.1,7.5,7.0,8.083,5.0,Não atendido,7.0,7.0,,Não,Não,Fase 2 (5º e 6º ano),-2,Destaque: A sua boa entrega das lições de casa.,Melhorar: Empenhar-se mais nas aulas e avaliações.,Destaque: A sua boa integração aos Princípios Passos Mágicos.,2022,,,,Completo,0.0
RA-683,0,C,Aluno-683,2012.0,10.0,Menino,2022,Escola Pública,6.011,Ágata,728.0,180.0,3.0,2.0,7.9,5.0,7.5,4.0,8.083,5.0,Não atendido,8.0,0.0,,Não,Não,Fase 2 (5º e 6º ano),-2,Melhorar: Melhorar a sua entrega de lições de casa.,Melhorar: Empenhar-se mais nas aulas e avaliações.,Destaque: A sua boa integração aos Princípios Passos Mágicos.,2022,,,,Completo,0.0
RA-684,0,C,Aluno-684,2015.0,7.0,Menino,2022,Escola Pública,8.26,Topázio,72.0,19.0,1.0,2.0,9.5,7.5,8.1,9.3,7.917,10.0,Não atendido,9.0,9.6,,Não,Não,ALFA  (2º e 3º ano),0,Melhorar: Melhorar a sua entrega de lições de casa.,Destaque: As suas boas notas na Passos Mágicos.,Destaque: A sua boa integração aos Princípios Passos Mágicos.,2022,,,,Completo,0.0
RA-685,0,C,Aluno-685,2013.0,9.0,Menino,2022,Escola Pública,6.864,Ágata,533.0,152.0,2.0,2.0,9.0,6.2,5.0,8.0,7.833,5.0,Não indicado,8.0,8.0,,Não,Não,Fase 1 (4º ano),-1,Melhorar: Melhorar a sua entrega de lições de casa.,Destaque: As suas boas notas na Passos Mágicos.,Destaque: A sua boa integração aos Princípios Passos Mágicos.,2022,,,,Completo,0.0
RA-686,0,D,Aluno-686,2013.0,9.0,Menina,2022,Escola Pública,7.729,Ametista,227.0,62.0,5.0,2.0,7.5,8.6,8.1,8.8,8.083,5.0,Sem limitações,9.2,8.5,,Não,Não,Fase 1 (4º ano),-1,Destaque: A sua boa entrega das lições de casa.,Destaque: As suas boas notas na Passos Mágicos.,Destaque: A sua boa integração aos Princípios Passos Mágicos.,2022,,,,Completo,0.0
RA-687,0,D,Aluno-687,2013.0,9.0,Menino,2022,Escola Pública,7.703,Ametista,233.0,63.0,6.0,2.0,8.5,9.0,8.1,8.3,8.0,5.0,Sem limitações,9.0,7.5,,Não,Não,Fase 1 (4º ano),-1,Destaque: A sua boa entrega das lições de casa.,Destaque: As suas boas notas na Passos Mágicos.,Destaque: A sua boa integração aos Princípios Passos Mágicos.,2022,,,,Completo,0.0
RA-688,0,D,Aluno-688,2013.0,9.0,Menino,2022,Escola Pública,7.771,Ametista,212.0,56.0,4.0,2.0,8.5,9.7,7.5,7.9,7.917,5.0,Sem limitações,8.0,7.8,,Não,Não,Fase 1 (4º ano),-1,Destaque: A sua boa entrega das lições de casa.,Destaque: As suas boas notas na Passos Mágicos.,Destaque: A sua boa integração aos Princípios Passos Mágicos.,2022,,,,Completo,0.0
RA-689,0,D,Aluno-689,2013.0,9.0,Menina,2022,Escola Pública,6.433,Ágata,655.0,172.0,9.0,2.0,7.4,7.9,5.6,5.8,6.667,5.0,Requer avaliação,6.0,5.5,,Não,Não,Fase 1 (4º ano),-1,Destaque: A sua boa entrega das lições de casa.,Melhorar: Empenhar-se mais nas aulas e avaliações.,Melhorar: Integrar-se mais aos Princípios Passos Mágicos.,2022,,,,Completo,0.0
RA-690,0,D,Aluno-690,2013.0,9.0,Menina,2022,Escola Pública,7.541,Ametista,294.0,83.0,8.0,2.0,9.5,9.5,7.5,7.0,7.417,5.0,Requer avaliação,7.2,6.8,,Não,Não,Fase 1 (4º ano),-1,Destaque: A sua boa entrega das lições de casa.,Melhorar: Empenhar-se mais nas aulas e avaliações.,Melhorar: Integrar-se mais aos Princípios Passos Mágicos.,2022,,,,Completo,0.0
RA-691,0,D,Aluno-691,2014.0,8.0,Menina,2022,Escola Pública,8.68,Topázio,16.0,1.0,1.0,2.0,10.0,9.2,8.1,9.4,7.917,10.0,Sem limitações,9.6,9.3,,Não,Não,ALFA  (2º e 3º ano),0,Destaque: A sua boa entrega das lições de casa.,Destaque: As suas boas notas na Passos Mágicos.,Destaque: A sua boa integração aos Princípios Passos Mágicos.,2022,,,,Completo,0.0
RA-692,0,D,Aluno-692,2013.0,9.0,Menina,2021,Escola Pública,7.569,Ametista,285.0,80.0,7.0,2.0,9.5,8.9,8.1,6.9,7.917,5.0,Sem limitações,7.0,6.8,,Não,Não,Fase 1 (4º ano),-1,Destaque: A sua boa entrega das lições de casa.,Melhorar: Empenhar-se mais nas aulas e avaliações.,Destaque: A sua boa integração aos Princípios Passos Mágicos.,2022,,,,Completo,0.0
RA-693,0,D,Aluno-693,2015.0,7.0,Menina,2022,Escola Pública,7.944,Ametista,158.0,43.0,3.0,2.0,9.5,9.8,8.1,5.7,7.667,10.0,Sem limitações,5.0,6.3,,Não,Não,ALFA  (2º e 3º ano),0,Destaque: A sua boa entrega das lições de casa.,Melhorar: Empenhar-se mais nas aulas e avaliações.,Destaque: A sua boa integração aos Princípios Passos Mágicos.,2022,,,,Completo,0.0
RA-694,0,D,Aluno-694,2014.0,8.0,Menino,2022,Escola Pública,8.378,Topázio,49.0,11.0,2.0,2.0,10.0,9.0,8.1,8.1,7.917,10.0,Sem limitações,8.2,8.0,,Não,Não,ALFA  (2º e 3º ano),0,Destaque: A sua boa entrega das lições de casa.,Destaque: As suas boas notas na Passos Mágicos.,Destaque: A sua boa integração aos Princípios Passos Mágicos.,2022,,,,Completo,0.0
RA-695,0,E,Aluno-695,2014.0,8.0,Menina,2021,Escola Pública,4.28,Quartzo,849.0,189.0,5.0,2.0,9.0,3.1,7.5,2.5,2.5,10.0,Sem limitações,2.2,2.8,,Não,Não,ALFA  (2º e 3º ano),0,Melhorar: Melhorar a sua entrega de lições de casa.,Melhorar: Empenhar-se mais nas aulas e avaliações.,Melhorar: Integrar-se mais aos Princípios Passos Mágicos.,2022,,,,Completo,0.0
RA-696,0,E,Aluno-696,2013.0,9.0,Menina,2021,Escola Pública,7.441,Ametista,338.0,98.0,2.0,2.0,8.5,9.0,7.5,6.6,8.167,5.0,Sem limitações,6.5,6.7,,Não,Não,Fase 1 (4º ano),-1,Destaque: A sua boa entrega das lições de casa.,Melhorar: Empenhar-se mais nas aulas e avaliações.,Destaque: A sua boa integração aos Princípios Passos Mágicos.,2022,,,,Completo,0.0
RA-697,0,E,Aluno-697,2011.0,11.0,Menino,2021,Escola Pública,7.675,Ametista,246.0,67.0,1.0,2.0,7.0,9.3,7.5,8.4,8.083,5.0,Sem limitações,8.8,8.0,,Não,Não,Fase 2 (5º e 6º ano),-2,Destaque: A sua boa entrega das lições de casa.,Destaque: As suas boas notas na Passos Mágicos.,Destaque: A sua boa integração aos Princípios Passos Mágicos.,2022,,,,Completo,0.0
RA-698,0,E,Aluno-698,2013.0,9.0,Menino,2021,Escola Pública,7.44,Ametista,339.0,99.0,3.0,2.0,9.0,9.8,2.5,8.1,8.083,5.0,Requer avaliação,8.0,8.2,,Não,Não,Fase 1 (4º ano),-1,Destaque: A sua boa entrega das lições de casa.,Destaque: As suas boas notas na Passos Mágicos.,Destaque: A sua boa integração aos Princípios Passos Mágicos.,2022,,,,Completo,0.0
RA-699,0,E,Aluno-699,2013.0,9.0,Menino,2022,Escola Pública,6.658,Ágata,603.0,165.0,4.0,2.0,5.2,9.2,7.5,7.1,6.0,5.0,Sem limitações,7.5,6.7,,Não,Não,Fase 1 (4º ano),-1,Destaque: A sua boa entrega das lições de casa.,Melhorar: Empenhar-se mais nas aulas e avaliações.,Melhorar: Integrar-se mais aos Princípios Passos Mágicos.,2022,,,,Completo,0.0
RA-700,0,F,Aluno-700,2013.0,9.0,Menina,2022,Escola Pública,7.738,Ametista,224.0,60.0,2.0,2.0,9.0,8.7,7.5,9.2,7.083,5.0,Não atendido,9.2,9.2,,Não,Não,Fase 1 (4º ano),-1,Destaque: A sua boa entrega das lições de casa.,Destaque: As suas boas notas na Passos Mágicos.,Melhorar: Integrar-se mais aos Princípios Passos Mágicos.,2022,,,,Completo,0.0
RA-701,0,F,Aluno-701,2012.0,10.0,Menino,2021,Escola Pública,7.755,Ametista,215.0,57.0,1.0,2.0,9.0,9.3,7.5,8.7,7.417,5.0,Não indicado,8.7,8.7,,Não,Não,Fase 2 (5º e 6º ano),-2,Destaque: A sua boa entrega das lições de casa.,Destaque: As suas boas notas na Passos Mágicos.,Melhorar: Integrar-se mais aos Princípios Passos Mágicos.,2022,,,,Completo,0.0
RA-702,0,F,Aluno-702,2014.0,8.0,Menina,2022,Escola Pública,7.387,Ametista,366.0,110.0,5.0,2.0,10.0,8.6,5.0,6.8,7.0,10.0,Não indicado,7.0,6.7,,Não,Não,ALFA  (2º e 3º ano),0,Destaque: A sua boa entrega das lições de casa.,Melhorar: Empenhar-se mais nas aulas e avaliações.,Melhorar: Integrar-se mais aos Princípios Passos Mágicos.,2022,,,,Completo,0.0
RA-703,0,F,Aluno-703,2012.0,10.0,Menino,2021,Escola Pública,6.099,Ágata,710.0,177.0,9.0,2.0,7.5,7.4,5.0,5.1,6.833,5.0,Não indicado,5.3,4.8,,Não,Não,Fase 2 (5º e 6º ano),-2,Melhorar: Melhorar a sua entrega de lições de casa.,Melhorar: Empenhar-se mais nas aulas e avaliações.,Melhorar: Integrar-se mais aos Princípios Passos Mágicos.,2022,,,,Completo,0.0
RA-704,0,F,Aluno-704,2012.0,10.0,Menino,2022,Escola Pública,6.741,Ágata,572.0,160.0,7.0,2.0,9.0,8.6,5.0,7.2,6.583,5.0,Não atendido,7.7,6.6,,Não,Não,Fase 2 (5º e 6º ano),-2,Destaque: A sua boa entrega das lições de casa.,Melhorar: Empenhar-se mais nas aulas e avaliações.,Melhorar: Integrar-se mais aos Princípios Passos Mágicos.,2022,,,,Completo,0.0
RA-705,0,F,Aluno-705,2012.0,10.0,Menino,2022,Escola Pública,6.634,Ágata,614.0,168.0,8.0,2.0,9.5,6.2,7.5,7.1,6.333,5.0,Não atendido,7.0,7.2,,Não,Não,Fase 2 (5º e 6º ano),-2,Melhorar: Melhorar a sua entrega de lições de casa.,Melhorar: Empenhar-se mais nas aulas e avaliações.,Melhorar: Integrar-se mais aos Princípios Passos Mágicos.,2022,,,,Completo,0.0
RA-706,0,F,Aluno-706,2012.0,10.0,Menina,2021,Escola Pública,7.659,Ametista,252.0,69.0,4.0,2.0,9.5,6.7,7.5,9.1,8.417,5.0,Não atendido,9.1,9.1,,Não,Sim,Fase 2 (5º e 6º ano),-2,Melhorar: Melhorar a sua entrega de lições de casa.,Destaque: As suas boas notas na Passos Mágicos.,Destaque: A sua boa integração aos Princípios Passos Mágicos.,2022,,,,Completo,0.0
RA-707,0,F,Aluno-707,2012.0,10.0,Menina,2020,Escola Pública,7.679,Ametista,241.0,64.0,3.0,2.0,10.0,8.1,6.9,8.5,8.083,5.0,Não atendido,8.8,8.2,,Não,Não,Fase 2 (5º e 6º ano),-2,Destaque: A sua boa entrega das lições de casa.,Destaque: As suas boas notas na Passos Mágicos.,Destaque: A sua boa integração aos Princípios Passos Mágicos.,2022,,,,Completo,0.0
RA-708,0,F,Aluno-708,2013.0,9.0,Menino,2022,Escola Pública,7.282,Ametista,400.0,117.0,6.0,2.0,8.0,8.4,7.5,7.3,7.583,5.0,Não atendido,7.1,7.6,,Não,Não,Fase 1 (4º ano),-1,Destaque: A sua boa entrega das lições de casa.,Melhorar: Empenhar-se mais nas aulas e avaliações.,Destaque: A sua boa integração aos Princípios Passos Mágicos.,2022,,,,Completo,0.0
RA-709,0,F,Aluno-709,2012.0,10.0,Menina,2022,Escola Pública,5.313,Quartzo,801.0,186.0,10.0,2.0,9.5,3.5,7.5,2.3,7.083,5.0,Não atendido,2.3,2.3,,Não,Não,Fase 2 (5º e 6º ano),-2,Melhorar: Melhorar a sua entrega de lições de casa.,Melhorar: Empenhar-se mais nas aulas e avaliações.,Melhorar: Integrar-se mais aos Princípios Passos Mágicos.,2022,,,,Completo,0.0
RA-710,0,G,Aluno-710,2012.0,10.0,Menino,2020,Escola Pública,7.285,Ametista,398.0,116.0,5.0,2.0,9.5,8.9,5.0,6.9,8.0,5.0,Não atendido,7.0,6.8,,Não,Não,Fase 2 (5º e 6º ano),-2,Destaque: A sua boa entrega das lições de casa.,Melhorar: Empenhar-se mais nas aulas e avaliações.,Destaque: A sua boa integração aos Princípios Passos Mágicos.,2022,,,,Completo,0.0
RA-711,0,G,Aluno-711,2013.0,9.0,Menino,2022,Escola Pública,6.04,Ágata,721.0,178.0,11.0,2.0,9.0,7.9,6.3,3.5,6.0,5.0,Não atendido,4.0,3.0,,Não,Não,Fase 1 (4º ano),-1,Destaque: A sua boa entrega das lições de casa.,Melhorar: Empenhar-se mais nas aulas e avaliações.,Melhorar: Integrar-se mais aos Princípios Passos Mágicos.,2022,,,,Completo,0.0
RA-712,0,G,Aluno-712,2011.0,11.0,Menino,2019,Escola Pública,6.026,Ágata,725.0,179.0,12.0,2.0,8.0,5.1,5.0,8.0,5.833,5.0,Não indicado,8.7,7.3,,Não,Não,Fase 2 (5º e 6º ano),-2,Melhorar: Melhorar a sua entrega de lições de casa.,Destaque: As suas boas notas na Passos Mágicos.,Melhorar: Integrar-se mais aos Princípios Passos Mágicos.,2022,,,,Completo,0.0
RA-713,0,G,Aluno-713,2013.0,9.0,Menino,2021,Escola Pública,7.42,Ametista,348.0,102.0,3.0,2.0,10.0,8.7,7.5,7.8,7.25,5.0,Não atendido,8.0,7.7,,Não,Não,Fase 1 (4º ano),-1,Destaque: A sua boa entrega das lições de casa.,Destaque: As suas boas notas na Passos Mágicos.,Melhorar: Integrar-se mais aos Princípios Passos Mágicos.,2022,,,,Completo,0.0
RA-714,0,G,Aluno-714,2011.0,11.0,Menino,2019,Escola Pública,6.953,Ágata,503.0,144.0,6.0,2.0,9.0,6.9,5.6,8.0,7.25,5.0,Não indicado,8.5,7.5,,Não,Não,Fase 2 (5º e 6º ano),-2,Melhorar: Melhorar a sua entrega de lições de casa.,Destaque: As suas boas notas na Passos Mágicos.,Melhorar: Integrar-se mais aos Princípios Passos Mágicos.,2022,,,,Completo,0.0
RA-715,0,G,Aluno-715,2013.0,9.0,Menina,2022,Escola Pública,6.656,Ágata,604.0,166.0,9.0,2.0,8.5,8.7,4.4,4.9,7.917,5.0,Não indicado,4.8,5.0,,Não,Não,Fase 1 (4º ano),-1,Destaque: A sua boa entrega das lições de casa.,Melhorar: Empenhar-se mais nas aulas e avaliações.,Destaque: A sua boa integração aos Princípios Passos Mágicos.,2022,,,,Completo,0.0
RA-716,0,G,Aluno-716,2013.0,9.0,Menino,2022,Escola Pública,6.525,Ágata,641.0,171.0,10.0,2.0,8.9,8.1,7.5,6.7,5.417,5.0,Não atendido,7.3,6.0,,Não,Não,Fase 1 (4º ano),-1,Destaque: A sua boa entrega das lições de casa.,Melhorar: Empenhar-se mais nas aulas e avaliações.,Melhorar: Integrar-se mais aos Princípios Passos Mágicos.,2022,,,,Completo,0.0
RA-717,0,G,Aluno-717,2012.0,10.0,Menina,2021,Escola Pública,6.832,Ágata,545.0,155.0,7.0,2.0,9.0,7.3,7.5,5.4,7.917,5.0,Não atendido,5.0,5.8,,Não,Não,Fase 2 (5º e 6º ano),-2,Melhorar: Melhorar a sua entrega de lições de casa.,Melhorar: Empenhar-se mais nas aulas e avaliações.,Destaque: A sua boa integração aos Princípios Passos Mágicos.,2022,,,,Completo,0.0
RA-718,0,G,Aluno-718,2014.0,8.0,Menina,2022,Escola Pública,8.093,Topázio,118.0,33.0,1.0,2.0,8.0,8.9,6.3,9.2,7.417,10.0,Sem limitações,9.2,9.2,,Não,Não,ALFA  (2º e 3º ano),0,Destaque: A sua boa entrega das lições de casa.,Destaque: As suas boas notas na Passos Mágicos.,Melhorar: Integrar-se mais aos Princípios Passos Mágicos.,2022,,,,Completo,0.0
RA-719,0,G,Aluno-719,2012.0,10.0,Menina,2021,Escola Pública,5.552,Quartzo,783.0,185.0,13.0,2.0,9.0,4.6,7.5,4.2,6.083,5.0,Não atendido,5.0,3.3,,Não,Não,Fase 2 (5º e 6º ano),-2,Melhorar: Melhorar a sua entrega de lições de casa.,Melhorar: Empenhar-se mais nas aulas e avaliações.,Melhorar: Integrar-se mais aos Princípios Passos Mágicos.,2022,,,,Completo,0.0
RA-720,0,G,Aluno-720,2013.0,9.0,Menina,2021,Escola Pública,6.731,Ágata,575.0,161.0,8.0,2.0,8.0,5.9,7.5,7.6,7.083,5.0,Não atendido,7.3,7.8,,Não,Não,Fase 1 (4º ano),-1,Melhorar: Melhorar a sua entrega de lições de casa.,Destaque: As suas boas notas na Passos Mágicos.,Melhorar: Integrar-se mais aos Princípios Passos Mágicos.,2022,,,,Completo,0.0
RA-721,0,G,Aluno-721,2014.0,8.0,Menina,2021,Escola Pública,7.973,Ametista,149.0,41.0,2.0,2.0,9.5,8.1,7.5,7.6,7.917,10.0,Não atendido,8.2,7.0,,Não,Não,ALFA  (2º e 3º ano),0,Destaque: A sua boa entrega das lições de casa.,Destaque: As suas boas notas na Passos Mágicos.,Destaque: A sua boa integração aos Princípios Passos Mágicos.,2022,,,,Completo,0.0
RA-722,0,G,Aluno-722,2013.0,9.0,Menina,2021,Escola Pública,7.41,Ametista,355.0,106.0,4.0,2.0,10.0,8.1,4.4,8.1,8.333,5.0,Sem limitações,7.8,8.3,,Não,Não,Fase 1 (4º ano),-1,Destaque: A sua boa entrega das lições de casa.,Destaque: As suas boas notas na Passos Mágicos.,Destaque: A sua boa integração aos Princípios Passos Mágicos.,2022,,,,Completo,0.0
RA-723,0,H,Aluno-723,2014.0,8.0,Menina,2022,Escola Pública,7.426,Ametista,345.0,101.0,4.0,2.0,10.0,6.6,8.1,5.5,8.167,10.0,Não atendido,5.3,5.7,,Não,Não,ALFA  (2º e 3º ano),0,Melhorar: Melhorar a sua entrega de lições de casa.,Melhorar: Empenhar-se mais nas aulas e avaliações.,Destaque: A sua boa integração aos Princípios Passos Mágicos.,2022,,,,Completo,0.0
RA-724,0,H,Aluno-724,2014.0,8.0,Menina,2022,Escola Pública,6.931,Ágata,512.0,146.0,6.0,2.0,9.5,5.9,5.6,5.6,8.0,10.0,Sem limitações,2.9,8.3,,Não,Não,ALFA  (2º e 3º ano),0,Melhorar: Melhorar a sua entrega de lições de casa.,Melhorar: Empenhar-se mais nas aulas e avaliações.,Destaque: A sua boa integração aos Princípios Passos Mágicos.,2022,,,,Completo,0.0
RA-725,0,H,Aluno-725,2014.0,8.0,Menino,2022,Escola Pública,6.33,Ágata,675.0,175.0,7.0,2.0,8.0,5.9,8.1,5.0,5.5,10.0,Não atendido,4.0,6.0,,Não,Não,ALFA  (2º e 3º ano),0,Melhorar: Melhorar a sua entrega de lições de casa.,Melhorar: Empenhar-se mais nas aulas e avaliações.,Melhorar: Integrar-se mais aos Princípios Passos Mágicos.,2022,,,,Completo,0.0
RA-726,0,H,Aluno-726,2015.0,7.0,Menina,2022,Escola Pública,6.985,Ágata,492.0,140.0,5.0,2.0,10.0,7.5,7.5,4.4,6.583,10.0,Não atendido,5.8,3.0,,Não,Não,ALFA  (2º e 3º ano),0,Destaque: A sua boa entrega das lições de casa.,Melhorar: Empenhar-se mais nas aulas e avaliações.,Melhorar: Integrar-se mais aos Princípios Passos Mágicos.,2022,,,,Completo,0.0
RA-727,0,H,Aluno-727,2014.0,8.0,Menino,2022,Escola Pública,7.736,Ametista,225.0,61.0,3.0,2.0,9.0,7.7,8.1,8.4,6.75,10.0,Não atendido,9.3,7.4,,Não,Não,ALFA  (2º e 3º ano),0,Destaque: A sua boa entrega das lições de casa.,Destaque: As suas boas notas na Passos Mágicos.,Melhorar: Integrar-se mais aos Princípios Passos Mágicos.,2022,,,,Completo,0.0
RA-728,0,H,Aluno-728,2014.0,8.0,Menina,2022,Escola Pública,8.244,Topázio,74.0,20.0,1.0,2.0,9.5,7.3,8.1,9.1,8.167,10.0,Não atendido,9.3,8.9,,Não,Não,ALFA  (2º e 3º ano),0,Melhorar: Melhorar a sua entrega de lições de casa.,Destaque: As suas boas notas na Passos Mágicos.,Destaque: A sua boa integração aos Princípios Passos Mágicos.,2022,,,,Completo,0.0
RA-729,0,H,Aluno-729,2014.0,8.0,Menina,2022,Escola Pública,8.155,Topázio,96.0,26.0,2.0,2.0,10.0,8.7,8.1,8.1,7.25,10.0,Não atendido,8.5,7.8,,Não,Não,ALFA  (2º e 3º ano),0,Destaque: A sua boa entrega das lições de casa.,Destaque: As suas boas notas na Passos Mágicos.,Melhorar: Integrar-se mais aos Princípios Passos Mágicos.,2022,,,,Completo,0.0
RA-730,0,I,Aluno-730,2012.0,10.0,Menina,2021,Escola Pública,7.902,Ametista,169.0,46.0,1.0,2.0,10.0,8.2,8.8,8.3,8.25,5.0,Não atendido,8.7,8.0,,Não,Não,Fase 2 (5º e 6º ano),-2,Destaque: A sua boa entrega das lições de casa.,Destaque: As suas boas notas na Passos Mágicos.,Destaque: A sua boa integração aos Princípios Passos Mágicos.,2022,,,,Completo,0.0
RA-731,0,I,Aluno-731,2012.0,10.0,Menina,2019,Escola Pública,7.151,Ametista,443.0,130.0,3.0,2.0,9.0,8.5,6.9,7.3,7.083,5.0,Requer avaliação,7.3,7.2,,Não,Não,Fase 2 (5º e 6º ano),-2,Destaque: A sua boa entrega das lições de casa.,Melhorar: Empenhar-se mais nas aulas e avaliações.,Melhorar: Integrar-se mais aos Princípios Passos Mágicos.,2022,,,,Completo,0.0
RA-732,0,I,Aluno-732,2013.0,9.0,Menino,2022,Escola Pública,7.347,Ametista,377.0,113.0,2.0,2.0,9.0,7.9,8.8,7.2,7.5,5.0,Não atendido,7.5,6.8,,Não,Não,Fase 1 (4º ano),-1,Destaque: A sua boa entrega das lições de casa.,Melhorar: Empenhar-se mais nas aulas e avaliações.,Destaque: A sua boa integração aos Princípios Passos Mágicos.,2022,,,,Completo,0.0
RA-733,0,J,Aluno-733,2013.0,9.0,Menina,2022,Escola Pública,6.684,Ágata,594.0,163.0,13.0,2.0,9.5,8.5,5.6,5.1,6.917,5.0,Sem limitações,6.0,4.2,,Não,Não,Fase 1 (4º ano),-1,Destaque: A sua boa entrega das lições de casa.,Melhorar: Empenhar-se mais nas aulas e avaliações.,Melhorar: Integrar-se mais aos Princípios Passos Mágicos.,2022,,,,Completo,0.0
RA-734,0,J,Aluno-734,2012.0,10.0,Menina,2022,Escola Pública,6.952,Ágata,505.0,145.0,9.0,2.0,9.5,7.2,5.6,7.3,7.417,5.0,Sem limitações,8.0,6.5,,Não,Não,Fase 2 (5º e 6º ano),-2,Melhorar: Melhorar a sua entrega de lições de casa.,Melhorar: Empenhar-se mais nas aulas e avaliações.,Melhorar: Integrar-se mais aos Princípios Passos Mágicos.,2022,,,,Completo,0.0
RA-735,0,J,Aluno-735,2012.0,10.0,Menina,2021,Escola Pública,7.485,Ametista,316.0,92.0,4.0,2.0,9.0,9.0,5.6,7.3,8.583,5.0,Sem limitações,7.8,6.7,,Não,Sim,Fase 2 (5º e 6º ano),-2,Destaque: A sua boa entrega das lições de casa.,Melhorar: Empenhar-se mais nas aulas e avaliações.,Destaque: A sua boa integração aos Princípios Passos Mágicos.,2022,,,,Completo,0.0
RA-736,0,J,Aluno-736,2012.0,10.0,Menino,2022,Escola Pública,6.707,Ágata,589.0,162.0,12.0,2.0,9.0,8.5,5.6,5.4,7.0,5.0,Sem limitações,4.7,6.2,,Não,Não,Fase 2 (5º e 6º ano),-2,Destaque: A sua boa entrega das lições de casa.,Melhorar: Empenhar-se mais nas aulas e avaliações.,Melhorar: Integrar-se mais aos Princípios Passos Mágicos.,2022,,,,Completo,0.0
RA-737,0,J,Aluno-737,2013.0,9.0,Menina,2022,Escola Pública,8.058,Ametista,131.0,37.0,1.0,2.0,9.5,9.2,5.6,9.0,9.167,5.0,Sem limitações,8.5,9.5,,Não,Sim,Fase 1 (4º ano),-1,Destaque: A sua boa entrega das lições de casa.,Destaque: As suas boas notas na Passos Mágicos.,Destaque: A sua boa integração aos Princípios Passos Mágicos.,2022,,,,Completo,0.0
RA-738,0,J,Aluno-738,2014.0,8.0,Menina,2022,Escola Pública,7.227,Ametista,417.0,124.0,6.0,2.0,8.5,8.1,5.6,5.7,7.5,10.0,Sem limitações,7.7,3.7,,Não,Não,ALFA  (2º e 3º ano),0,Destaque: A sua boa entrega das lições de casa.,Melhorar: Empenhar-se mais nas aulas e avaliações.,Melhorar: Integrar-se mais aos Princípios Passos Mágicos.,2022,,,,Completo,0.0
RA-739,0,J,Aluno-739,2014.0,8.0,Menino,2022,Escola Pública,6.82,Ágata,549.0,156.0,11.0,2.0,6.4,7.3,5.6,5.9,7.083,10.0,Sem limitações,6.0,5.8,,Não,Não,ALFA  (2º e 3º ano),0,Melhorar: Melhorar a sua entrega de lições de casa.,Melhorar: Empenhar-se mais nas aulas e avaliações.,Melhorar: Integrar-se mais aos Princípios Passos Mágicos.,2022,,,,Completo,0.0
RA-740,0,J,Aluno-740,2013.0,9.0,Menina,2022,Escola Pública,7.218,Ametista,420.0,125.0,7.0,2.0,8.5,9.0,5.6,7.2,7.5,5.0,Sem limitações,7.3,7.0,,Não,Não,Fase 1 (4º ano),-1,Destaque: A sua boa entrega das lições de casa.,Melhorar: Empenhar-se mais nas aulas e avaliações.,Melhorar: Integrar-se mais aos Princípios Passos Mágicos.,2022,,,,Completo,0.0
RA-741,0,J,Aluno-741,2012.0,10.0,Menina,2022,Escola Pública,6.896,Ágata,526.0,150.0,10.0,2.0,9.5,8.4,5.6,6.3,7.417,5.0,Sem limitações,7.3,5.2,,Não,Não,Fase 2 (5º e 6º ano),-2,Destaque: A sua boa entrega das lições de casa.,Melhorar: Empenhar-se mais nas aulas e avaliações.,Melhorar: Integrar-se mais aos Princípios Passos Mágicos.,2022,,,,Completo,0.0
RA-742,0,J,Aluno-742,2013.0,9.0,Menina,2022,Escola Pública,7.097,Ametista,456.0,132.0,8.0,2.0,8.5,8.7,5.0,7.3,7.5,5.0,Sem limitações,8.3,6.2,,Não,Não,Fase 1 (4º ano),-1,Destaque: A sua boa entrega das lições de casa.,Melhorar: Empenhar-se mais nas aulas e avaliações.,Melhorar: Integrar-se mais aos Princípios Passos Mágicos.,2022,,,,Completo,0.0
RA-743,0,J,Aluno-743,2013.0,9.0,Menina,2022,Escola Pública,6.672,Ágata,597.0,164.0,14.0,2.0,10.0,7.9,5.6,4.8,7.5,5.0,Sem limitações,4.8,4.8,,Não,Não,Fase 1 (4º ano),-1,Destaque: A sua boa entrega das lições de casa.,Melhorar: Empenhar-se mais nas aulas e avaliações.,Melhorar: Integrar-se mais aos Princípios Passos Mágicos.,2022,,,,Completo,0.0
RA-744,0,J,Aluno-744,2014.0,8.0,Menina,2022,Escola Pública,7.742,Ametista,220.0,58.0,2.0,2.0,9.5,9.7,5.6,6.2,7.5,10.0,Sem limitações,6.0,6.3,,Não,Não,ALFA  (2º e 3º ano),0,Destaque: A sua boa entrega das lições de casa.,Melhorar: Empenhar-se mais nas aulas e avaliações.,Melhorar: Integrar-se mais aos Princípios Passos Mágicos.,2022,,,,Completo,0.0
RA-745,0,J,Aluno-745,2013.0,9.0,Menino,2021,Rede Decisão,7.382,Ametista,367.0,111.0,5.0,2.0,9.0,8.5,5.6,8.1,7.75,5.0,Sem limitações,8.5,7.7,,Não,Não,Fase 1 (4º ano),-1,Destaque: A sua boa entrega das lições de casa.,Destaque: As suas boas notas na Passos Mágicos.,Destaque: A sua boa integração aos Princípios Passos Mágicos.,2022,,,,Completo,0.0
RA-746,0,J,Aluno-746,2014.0,8.0,Menino,2022,Escola Pública,7.656,Ametista,253.0,70.0,3.0,2.0,8.0,9.1,5.6,7.2,7.417,10.0,Sem limitações,7.7,6.7,,Não,Não,ALFA  (2º e 3º ano),0,Destaque: A sua boa entrega das lições de casa.,Melhorar: Empenhar-se mais nas aulas e avaliações.,Melhorar: Integrar-se mais aos Princípios Passos Mágicos.,2022,,,,Completo,0.0
RA-747,0,K,Aluno-747,2011.0,11.0,Menina,2022,Escola Pública,7.676,Ametista,245.0,66.0,6.0,2.0,10.0,7.6,7.5,8.8,7.917,5.0,Não atendido,8.2,9.4,,Sim,Não,Fase 2 (5º e 6º ano),-2,Destaque: A sua boa entrega das lições de casa.,Destaque: As suas boas notas na Passos Mágicos.,Destaque: A sua boa integração aos Princípios Passos Mágicos.,2022,,,,Completo,0.0
RA-748,0,K,Aluno-748,2013.0,9.0,Menino,2022,Escola Pública,8.084,Topázio,122.0,34.0,5.0,2.0,10.0,9.0,7.5,9.1,8.25,5.0,Não atendido,9.6,8.6,,Sim,Não,Fase 1 (4º ano),-1,Destaque: A sua boa entrega das lições de casa.,Destaque: As suas boas notas na Passos Mágicos.,Destaque: A sua boa integração aos Princípios Passos Mágicos.,2022,,,,Completo,0.0
RA-749,0,K,Aluno-749,2013.0,9.0,Menino,2022,Escola Pública,7.484,Ametista,318.0,94.0,7.0,2.0,9.5,7.7,7.5,8.8,7.25,5.0,Não atendido,9.5,8.1,,Não,Não,Fase 1 (4º ano),-1,Destaque: A sua boa entrega das lições de casa.,Destaque: As suas boas notas na Passos Mágicos.,Melhorar: Integrar-se mais aos Princípios Passos Mágicos.,2022,,,,Completo,0.0
RA-750,0,K,Aluno-750,2012.0,10.0,Menino,2019,Escola Pública,6.344,Ágata,670.0,173.0,10.0,2.0,9.5,8.9,4.4,6.8,5.167,5.0,Não indicado,7.1,6.4,,Não,Não,Fase 2 (5º e 6º ano),-2,Destaque: A sua boa entrega das lições de casa.,Melhorar: Empenhar-se mais nas aulas e avaliações.,Melhorar: Integrar-se mais aos Princípios Passos Mágicos.,2022,,,,Completo,0.0
RA-751,0,K,Aluno-751,2011.0,11.0,Menino,2022,Escola Pública,5.246,Quartzo,808.0,187.0,11.0,2.0,8.5,5.8,7.5,3.8,6.167,5.0,Não atendido,2.7,4.9,,Não,Não,Fase 2 (5º e 6º ano),-2,Melhorar: Melhorar a sua entrega de lições de casa.,Melhorar: Empenhar-se mais nas aulas e avaliações.,Melhorar: Integrar-se mais aos Princípios Passos Mágicos.,2022,,,,Completo,0.0
RA-752,0,K,Aluno-752,2011.0,11.0,Menina,2022,Escola Pública,8.197,Topázio,86.0,22.0,4.0,2.0,10.0,9.0,7.5,9.5,8.417,5.0,Não atendido,9.6,9.4,,Sim,Sim,Fase 2 (5º e 6º ano),-2,Destaque: A sua boa entrega das lições de casa.,Destaque: As suas boas notas na Passos Mágicos.,Destaque: A sua boa integração aos Princípios Passos Mágicos.,2022,,,,Completo,0.0
RA-753,0,K,Aluno-753,2014.0,8.0,Menina,2022,Escola Pública,8.481,Topázio,37.0,8.0,2.0,2.0,9.5,8.6,7.5,9.1,8.417,10.0,Não atendido,9.4,8.8,,Sim,Sim,ALFA  (2º e 3º ano),0,Destaque: A sua boa entrega das lições de casa.,Destaque: As suas boas notas na Passos Mágicos.,Destaque: A sua boa integração aos Princípios Passos Mágicos.,2022,,,,Completo,0.0
RA-754,0,K,Aluno-754,2013.0,9.0,Menino,2022,Escola Pública,6.602,Ágata,626.0,169.0,9.0,2.0,10.0,5.8,4.4,7.9,6.917,5.0,Não indicado,7.8,8.1,,Não,Não,Fase 1 (4º ano),-1,Melhorar: Melhorar a sua entrega de lições de casa.,Destaque: As suas boas notas na Passos Mágicos.,Melhorar: Integrar-se mais aos Princípios Passos Mágicos.,2022,,,,Completo,0.0
RA-755,0,K,Aluno-755,2014.0,8.0,Menino,2022,Escola Pública,8.566,Topázio,29.0,4.0,1.0,2.0,9.5,9.2,6.9,9.5,8.083,10.0,Não atendido,9.8,9.3,,Sim,Não,ALFA  (2º e 3º ano),0,Destaque: A sua boa entrega das lições de casa.,Destaque: As suas boas notas na Passos Mágicos.,Destaque: A sua boa integração aos Princípios Passos Mágicos.,2022,,,,Completo,0.0
RA-756,0,K,Aluno-756,2013.0,9.0,Menino,2022,Escola Pública,6.976,Ágata,495.0,142.0,8.0,2.0,10.0,7.9,7.5,5.7,7.25,5.0,Não atendido,5.6,5.8,,Não,Não,Fase 1 (4º ano),-1,Destaque: A sua boa entrega das lições de casa.,Melhorar: Empenhar-se mais nas aulas e avaliações.,Melhorar: Integrar-se mais aos Princípios Passos Mágicos.,2022,,,,Completo,0.0
RA-757,0,K,Aluno-757,2013.0,9.0,Menina,2022,Escola Pública,8.26,Topázio,71.0,18.0,3.0,2.0,9.5,9.3,7.5,9.7,8.5,5.0,Não atendido,9.9,9.6,,Sim,Sim,Fase 1 (4º ano),-1,Destaque: A sua boa entrega das lições de casa.,Destaque: As suas boas notas na Passos Mágicos.,Destaque: A sua boa integração aos Princípios Passos Mágicos.,2022,,,,Completo,0.0
RA-758,0,L,Aluno-758,2013.0,9.0,Menino,2022,Escola Pública,7.911,Ametista,166.0,45.0,5.0,2.0,9.0,9.1,7.5,8.1,8.333,5.0,Não atendido,8.0,8.2,,Não,Não,Fase 1 (4º ano),-1,Destaque: A sua boa entrega das lições de casa.,Destaque: As suas boas notas na Passos Mágicos.,Destaque: A sua boa integração aos Princípios Passos Mágicos.,2022,,,,Completo,0.0
RA-759,0,L,Aluno-759,2012.0,10.0,Menina,2021,Escola Pública,7.563,Ametista,288.0,81.0,7.0,2.0,9.0,8.6,7.5,7.5,7.833,5.0,Não atendido,8.3,6.7,,Não,Não,Fase 2 (5º e 6º ano),-2,Destaque: A sua boa entrega das lições de casa.,Destaque: As suas boas notas na Passos Mágicos.,Destaque: A sua boa integração aos Princípios Passos Mágicos.,2022,,,,Completo,0.0
RA-760,0,L,Aluno-760,2011.0,11.0,Menino,2021,Escola Pública,8.172,Topázio,94.0,25.0,2.0,2.0,9.0,9.2,7.5,8.8,8.917,5.0,Não atendido,9.3,8.2,,Não,Sim,Fase 2 (5º e 6º ano),-2,Destaque: A sua boa entrega das lições de casa.,Destaque: As suas boas notas na Passos Mágicos.,Destaque: A sua boa integração aos Princípios Passos Mágicos.,2022,,,,Completo,0.0
RA-761,0,L,Aluno-761,2013.0,9.0,Menino,2022,Escola Pública,8.06,Topázio,130.0,36.0,3.0,2.0,10.0,9.4,7.5,8.2,8.25,5.0,Não atendido,8.8,7.5,,Não,Não,Fase 1 (4º ano),-1,Destaque: A sua boa entrega das lições de casa.,Destaque: As suas boas notas na Passos Mágicos.,Destaque: A sua boa integração aos Princípios Passos Mágicos.,2022,,,,Completo,0.0
RA-762,0,L,Aluno-762,2010.0,12.0,Menino,2022,Escola Pública,7.28,Ametista,402.0,118.0,10.0,2.0,10.0,9.7,7.5,6.7,7.083,2.5,Não atendido,7.3,6.0,,Não,Não,Fase 3 (7º e 8º ano),-3,Destaque: A sua boa entrega das lições de casa.,Melhorar: Empenhar-se mais nas aulas e avaliações.,Melhorar: Integrar-se mais aos Princípios Passos Mágicos.,2022,,,,Completo,0.0
RA-763,0,L,Aluno-763,2012.0,10.0,Menina,2021,Escola Pública,7.402,Ametista,361.0,109.0,9.0,2.0,9.5,9.7,7.5,6.5,7.167,5.0,Não atendido,6.3,6.7,,Não,Não,Fase 2 (5º e 6º ano),-2,Destaque: A sua boa entrega das lições de casa.,Melhorar: Empenhar-se mais nas aulas e avaliações.,Melhorar: Integrar-se mais aos Princípios Passos Mágicos.,2022,,,,Completo,0.0
RA-764,0,L,Aluno-764,2014.0,8.0,Menino,2022,Escola Pública,8.004,Ametista,141.0,38.0,4.0,2.0,9.0,8.8,7.5,7.5,7.667,10.0,Não atendido,7.2,7.8,,Não,Não,ALFA  (2º e 3º ano),0,Destaque: A sua boa entrega das lições de casa.,Destaque: As suas boas notas na Passos Mágicos.,Destaque: A sua boa integração aos Princípios Passos Mágicos.,2022,,,,Completo,0.0
RA-765,0,L,Aluno-765,2013.0,9.0,Menino,2022,Escola Pública,6.902,Ágata,523.0,149.0,11.0,2.0,8.5,9.3,7.5,4.3,7.417,5.0,Não atendido,5.0,3.7,,Não,Não,Fase 1 (4º ano),-1,Destaque: A sua boa entrega das lições de casa.,Melhorar: Empenhar-se mais nas aulas e avaliações.,Melhorar: Integrar-se mais aos Princípios Passos Mágicos.,2022,,,,Completo,0.0
RA-766,0,L,Aluno-766,2011.0,11.0,Menina,2020,Escola Pública,8.185,Topázio,88.0,23.0,1.0,2.0,10.0,9.5,7.5,8.7,8.333,5.0,Não atendido,8.5,8.8,,Não,Não,Fase 2 (5º e 6º ano),-2,Destaque: A sua boa entrega das lições de casa.,Destaque: As suas boas notas na Passos Mágicos.,Destaque: A sua boa integração aos Princípios Passos Mágicos.,2022,,,,Completo,0.0
RA-767,0,L,Aluno-767,2012.0,10.0,Menino,2021,Escola Pública,7.511,Ametista,304.0,87.0,8.0,2.0,9.5,9.0,7.5,7.0,7.583,5.0,Não atendido,7.3,6.7,,Não,Não,Fase 2 (5º e 6º ano),-2,Destaque: A sua boa entrega das lições de casa.,Melhorar: Empenhar-se mais nas aulas e avaliações.,Destaque: A sua boa integração aos Princípios Passos Mágicos.,2022,,,,Completo,0.0
RA-768,0,L,Aluno-768,2012.0,10.0,Menina,2021,Escola Pública,7.646,Ametista,255.0,71.0,6.0,2.0,9.0,10.0,7.5,7.1,7.583,5.0,Não atendido,7.0,7.2,,Não,Não,Fase 2 (5º e 6º ano),-2,Destaque: A sua boa entrega das lições de casa.,Melhorar: Empenhar-se mais nas aulas e avaliações.,Destaque: A sua boa integração aos Princípios Passos Mágicos.,2022,,,,Completo,0.0
RA-769,0,M,Aluno-769,2013.0,9.0,Menina,2022,Escola Pública,7.598,Ametista,272.0,76.0,3.0,2.0,10.0,7.5,7.5,7.9,8.5,5.0,Não avaliado,9.6,6.2,,Sim,Sim,Fase 1 (4º ano),-1,Destaque: A sua boa entrega das lições de casa.,Destaque: As suas boas notas na Passos Mágicos.,Destaque: A sua boa integração aos Princípios Passos Mágicos.,2022,,,,Completo,0.0
RA-770,0,M,Aluno-770,2015.0,7.0,Menino,2022,Escola Pública,8.143,Topázio,101.0,28.0,1.0,2.0,9.5,8.9,7.5,8.3,7.333,10.0,Não avaliado,8.5,8.1,,Não,Não,ALFA  (2º e 3º ano),0,Destaque: A sua boa entrega das lições de casa.,Destaque: As suas boas notas na Passos Mágicos.,Melhorar: Integrar-se mais aos Princípios Passos Mágicos.,2022,,,,Completo,0.0
RA-771,0,M,Aluno-771,2015.0,7.0,Menina,2022,Escola Pública,7.873,Ametista,179.0,49.0,2.0,2.0,10.0,8.3,7.5,7.0,7.5,10.0,Não avaliado,7.2,6.9,,Não,Não,ALFA  (2º e 3º ano),0,Destaque: A sua boa entrega das lições de casa.,Melhorar: Empenhar-se mais nas aulas e avaliações.,Destaque: A sua boa integração aos Princípios Passos Mágicos.,2022,,,,Completo,0.0
RA-772,0,M,Aluno-772,2011.0,11.0,Menino,2021,Escola Pública,6.994,Ágata,490.0,139.0,5.0,2.0,9.0,5.4,7.5,9.2,7.25,5.0,Não avaliado,9.3,9.2,,Não,Não,Fase 2 (5º e 6º ano),-2,Melhorar: Melhorar a sua entrega de lições de casa.,Destaque: As suas boas notas na Passos Mágicos.,Melhorar: Integrar-se mais aos Princípios Passos Mágicos.,2022,,,,Completo,0.0
RA-773,0,M,Aluno-773,2013.0,9.0,Menina,2022,Escola Pública,6.922,Ágata,520.0,147.0,6.0,2.0,10.0,6.8,5.0,8.1,7.083,5.0,Não indicado,9.3,6.8,,Não,Não,Fase 1 (4º ano),-1,Melhorar: Melhorar a sua entrega de lições de casa.,Destaque: As suas boas notas na Passos Mágicos.,Melhorar: Integrar-se mais aos Princípios Passos Mágicos.,2022,,,,Completo,0.0
RA-774,0,M,Aluno-774,2014.0,8.0,Menina,2022,Escola Pública,7.587,Ametista,280.0,78.0,4.0,2.0,10.0,7.8,7.5,6.1,7.417,10.0,Não avaliado,7.8,4.4,,Não,Não,ALFA  (2º e 3º ano),0,Destaque: A sua boa entrega das lições de casa.,Melhorar: Empenhar-se mais nas aulas e avaliações.,Melhorar: Integrar-se mais aos Princípios Passos Mágicos.,2022,,,,Completo,0.0
RA-775,0,N,Aluno-775,2012.0,10.0,Menino,2021,Escola Pública,5.79,Quartzo,751.0,182.0,7.0,2.0,7.9,5.7,4.4,5.7,6.417,5.0,Não indicado,5.5,5.8,,Não,Não,Fase 2 (5º e 6º ano),-2,Melhorar: Melhorar a sua entrega de lições de casa.,Melhorar: Empenhar-se mais nas aulas e avaliações.,Melhorar: Integrar-se mais aos Princípios Passos Mágicos.,2022,,,,Completo,0.0
RA-776,0,N,Aluno-776,2013.0,9.0,Menina,2022,Escola Pública,3.898,Quartzo,856.0,190.0,9.0,2.0,0.0,4.3,4.4,1.7,6.333,5.0,Requer avaliação,0.0,3.3,,Não,Não,Fase 1 (4º ano),-1,Melhorar: Melhorar a sua entrega de lições de casa.,Melhorar: Empenhar-se mais nas aulas e avaliações.,Melhorar: Integrar-se mais aos Princípios Passos Mágicos.,2022,,,,Completo,0.0
RA-777,0,N,Aluno-777,2014.0,8.0,Menino,2022,Escola Pública,7.096,Ametista,457.0,133.0,4.0,2.0,8.0,7.7,7.5,5.3,7.0,10.0,Não atendido,6.5,4.0,,Não,Não,ALFA  (2º e 3º ano),0,Destaque: A sua boa entrega das lições de casa.,Melhorar: Empenhar-se mais nas aulas e avaliações.,Melhorar: Integrar-se mais aos Princípios Passos Mágicos.,2022,,,,Completo,0.0
RA-778,0,N,Aluno-778,2013.0,9.0,Menina,2021,Escola Pública,7.432,Ametista,342.0,100.0,3.0,2.0,10.0,6.7,7.5,7.1,8.833,5.0,Não atendido,6.0,8.2,,Não,Sim,Fase 1 (4º ano),-1,Melhorar: Melhorar a sua entrega de lições de casa.,Melhorar: Empenhar-se mais nas aulas e avaliações.,Destaque: A sua boa integração aos Princípios Passos Mágicos.,2022,,,,Completo,0.0
RA-779,0,N,Aluno-779,2012.0,10.0,Menino,2022,Escola Pública,5.702,Quartzo,760.0,183.0,8.0,2.0,9.5,5.0,7.5,2.6,7.083,5.0,Não atendido,2.2,3.0,,Não,Não,Fase 2 (5º e 6º ano),-2,Melhorar: Melhorar a sua entrega de lições de casa.,Melhorar: Empenhar-se mais nas aulas e avaliações.,Melhorar: Integrar-se mais aos Princípios Passos Mágicos.,2022,,,,Completo,0.0
RA-780,0,N,Aluno-780,2013.0,9.0,Menina,2022,Escola Pública,6.955,Ágata,502.0,143.0,6.0,2.0,8.0,7.6,7.5,6.9,7.167,5.0,Não atendido,6.3,7.5,,Não,Não,Fase 1 (4º ano),-1,Destaque: A sua boa entrega das lições de casa.,Melhorar: Empenhar-se mais nas aulas e avaliações.,Melhorar: Integrar-se mais aos Princípios Passos Mágicos.,2022,,,,Completo,0.0
RA-781,0,N,Aluno-781,2013.0,9.0,Menina,2021,Escola Pública,7.786,Ametista,205.0,54.0,1.0,2.0,10.0,8.9,7.5,8.3,7.75,5.0,Não atendido,8.0,8.5,,Não,Não,Fase 1 (4º ano),-1,Destaque: A sua boa entrega das lições de casa.,Destaque: As suas boas notas na Passos Mágicos.,Destaque: A sua boa integração aos Princípios Passos Mágicos.,2022,,,,Completo,0.0
RA-782,0,N,Aluno-782,2014.0,8.0,Menino,2022,Escola Pública,7.485,Ametista,317.0,93.0,2.0,2.0,9.5,8.4,7.5,6.0,7.0,10.0,Não atendido,5.7,6.3,,Não,Não,ALFA  (2º e 3º ano),0,Destaque: A sua boa entrega das lições de casa.,Melhorar: Empenhar-se mais nas aulas e avaliações.,Melhorar: Integrar-se mais aos Princípios Passos Mágicos.,2022,,,,Completo,0.0
RA-783,0,N,Aluno-783,2014.0,8.0,Menino,2021,Escola Pública,6.996,Ágata,487.0,138.0,5.0,2.0,9.5,5.8,7.5,6.0,6.917,10.0,Não atendido,4.7,7.3,,Não,Não,ALFA  (2º e 3º ano),0,Melhorar: Melhorar a sua entrega de lições de casa.,Melhorar: Empenhar-se mais nas aulas e avaliações.,Melhorar: Integrar-se mais aos Princípios Passos Mágicos.,2022,,,,Completo,0.0
RA-784,0,O,Aluno-784,2013.0,9.0,Menino,2022,Escola Pública,8.34,Topázio,54.0,14.0,1.0,2.0,9.5,10.0,7.5,8.2,9.25,5.0,Não atendido,7.8,8.5,,Não,Sim,Fase 1 (4º ano),-1,Destaque: A sua boa entrega das lições de casa.,Destaque: As suas boas notas na Passos Mágicos.,Destaque: A sua boa integração aos Princípios Passos Mágicos.,2022,,,,Completo,0.0
RA-785,0,O,Aluno-785,2013.0,9.0,Menina,2022,Escola Pública,7.642,Ametista,256.0,72.0,4.0,2.0,9.0,8.6,7.5,8.4,7.667,5.0,Não atendido,8.8,8.0,,Não,Não,Fase 1 (4º ano),-1,Destaque: A sua boa entrega das lições de casa.,Destaque: As suas boas notas na Passos Mágicos.,Destaque: A sua boa integração aos Princípios Passos Mágicos.,2022,,,,Completo,0.0
RA-786,0,O,Aluno-786,2011.0,11.0,Menino,2019,Escola Pública,7.004,Ágata,485.0,137.0,11.0,2.0,9.0,9.5,5.6,6.1,7.167,5.0,Não indicado,6.3,5.8,,Não,Não,Fase 2 (5º e 6º ano),-2,Destaque: A sua boa entrega das lições de casa.,Melhorar: Empenhar-se mais nas aulas e avaliações.,Melhorar: Integrar-se mais aos Princípios Passos Mágicos.,2022,,,,Completo,0.0
RA-787,0,O,Aluno-787,2014.0,8.0,Menino,2022,Escola Pública,7.205,Ametista,426.0,127.0,9.0,2.0,8.5,9.5,7.5,3.4,7.25,10.0,Não atendido,4.2,2.7,,Não,Não,ALFA  (2º e 3º ano),0,Destaque: A sua boa entrega das lições de casa.,Melhorar: Empenhar-se mais nas aulas e avaliações.,Melhorar: Integrar-se mais aos Princípios Passos Mágicos.,2022,,,,Completo,0.0
RA-788,0,O,Aluno-788,2014.0,8.0,Menino,2021,Rede Decisão,8.264,Topázio,68.0,17.0,2.0,2.0,10.0,9.3,5.6,8.0,8.667,10.0,Requer avaliação,7.8,8.2,,Não,Sim,ALFA  (2º e 3º ano),0,Destaque: A sua boa entrega das lições de casa.,Destaque: As suas boas notas na Passos Mágicos.,Destaque: A sua boa integração aos Princípios Passos Mágicos.,2022,,,,Completo,0.0
RA-789,0,O,Aluno-789,2015.0,7.0,Menina,2022,Escola Pública,7.405,Ametista,359.0,108.0,7.0,2.0,9.0,9.4,7.5,4.2,7.417,10.0,Não atendido,3.7,4.7,,Não,Não,ALFA  (2º e 3º ano),0,Destaque: A sua boa entrega das lições de casa.,Melhorar: Empenhar-se mais nas aulas e avaliações.,Melhorar: Integrar-se mais aos Princípios Passos Mágicos.,2022,,,,Completo,0.0
RA-790,0,O,Aluno-790,2011.0,11.0,Menina,2022,Escola Pública,7.504,Ametista,307.0,89.0,6.0,2.0,9.0,8.9,7.5,7.8,7.417,5.0,Não atendido,8.5,7.2,,Não,Não,Fase 2 (5º e 6º ano),-2,Destaque: A sua boa entrega das lições de casa.,Destaque: As suas boas notas na Passos Mágicos.,Melhorar: Integrar-se mais aos Princípios Passos Mágicos.,2022,,,,Completo,0.0
RA-791,0,O,Aluno-791,2011.0,11.0,Menina,2022,Escola Pública,7.507,Ametista,306.0,88.0,5.0,2.0,9.5,8.7,7.5,6.5,8.5,5.0,Não atendido,6.3,6.7,,Não,Sim,Fase 2 (5º e 6º ano),-2,Destaque: A sua boa entrega das lições de casa.,Melhorar: Empenhar-se mais nas aulas e avaliações.,Destaque: A sua boa integração aos Princípios Passos Mágicos.,2022,,,,Completo,0.0
RA-792,0,O,Aluno-792,2013.0,9.0,Menina,2022,Escola Pública,7.025,Ágata,480.0,136.0,10.0,2.0,9.5,8.0,7.5,6.2,7.167,5.0,Não atendido,6.5,5.8,,Não,Não,Fase 1 (4º ano),-1,Destaque: A sua boa entrega das lições de casa.,Melhorar: Empenhar-se mais nas aulas e avaliações.,Melhorar: Integrar-se mais aos Princípios Passos Mágicos.,2022,,,,Completo,0.0
RA-793,0,O,Aluno-793,2012.0,10.0,Menino,2022,Escola Pública,6.894,Ágata,527.0,151.0,12.0,2.0,9.5,7.6,7.5,6.0,7.333,5.0,Não atendido,6.0,6.0,,Não,Não,Fase 2 (5º e 6º ano),-2,Destaque: A sua boa entrega das lições de casa.,Melhorar: Empenhar-se mais nas aulas e avaliações.,Melhorar: Integrar-se mais aos Princípios Passos Mágicos.,2022,,,,Completo,0.0
RA-794,0,O,Aluno-794,2014.0,8.0,Menina,2022,Escola Pública,7.335,Ametista,381.0,114.0,8.0,2.0,9.5,8.9,7.5,4.1,7.333,10.0,Não atendido,3.7,4.5,,Não,Não,ALFA  (2º e 3º ano),0,Destaque: A sua boa entrega das lições de casa.,Melhorar: Empenhar-se mais nas aulas e avaliações.,Melhorar: Integrar-se mais aos Princípios Passos Mágicos.,2022,,,,Completo,0.0
RA-795,0,O,Aluno-795,2014.0,8.0,Menina,2022,Escola Pública,8.064,Topázio,126.0,35.0,3.0,2.0,9.0,9.7,7.5,7.3,7.333,10.0,Não atendido,8.0,6.5,,Não,Não,ALFA  (2º e 3º ano),0,Destaque: A sua boa entrega das lições de casa.,Melhorar: Empenhar-se mais nas aulas e avaliações.,Melhorar: Integrar-se mais aos Princípios Passos Mágicos.,2022,,,,Completo,0.0
RA-796,0,Q,Aluno-796,2012.0,10.0,Menina,2022,Escola Pública,7.232,Ametista,416.0,123.0,3.0,2.0,9.5,9.3,7.5,5.4,7.667,5.0,Não atendido,5.8,5.0,,Não,Não,Fase 2 (5º e 6º ano),-2,Destaque: A sua boa entrega das lições de casa.,Melhorar: Empenhar-se mais nas aulas e avaliações.,Destaque: A sua boa integração aos Princípios Passos Mágicos.,2022,,,,Completo,0.0
RA-797,0,Q,Aluno-797,2012.0,10.0,Menino,2021,Escola Pública,7.217,Ametista,421.0,126.0,4.0,2.0,9.0,8.5,7.5,7.3,7.5,5.0,Não atendido,8.2,6.5,,Não,Não,Fase 2 (5º e 6º ano),-2,Destaque: A sua boa entrega das lições de casa.,Melhorar: Empenhar-se mais nas aulas e avaliações.,Destaque: A sua boa integração aos Princípios Passos Mágicos.,2022,,,,Completo,0.0
RA-798,0,Q,Aluno-798,2012.0,10.0,Menino,2022,Escola Pública,7.049,Ametista,472.0,135.0,5.0,2.0,8.0,8.3,7.5,6.3,7.667,5.0,Não atendido,7.0,5.7,,Não,Não,Fase 2 (5º e 6º ano),-2,Destaque: A sua boa entrega das lições de casa.,Melhorar: Empenhar-se mais nas aulas e avaliações.,Destaque: A sua boa integração aos Princípios Passos Mágicos.,2022,,,,Completo,0.0
RA-799,0,Q,Aluno-799,2012.0,10.0,Menina,2022,Escola Pública,7.676,Ametista,244.0,65.0,2.0,2.0,8.0,9.6,7.5,7.8,7.917,5.0,Não atendido,8.5,7.2,,Não,Não,Fase 2 (5º e 6º ano),-2,Destaque: A sua boa entrega das lições de casa.,Destaque: As suas boas notas na Passos Mágicos.,Destaque: A sua boa integração aos Princípios Passos Mágicos.,2022,,,,Completo,0.0
RA-800,0,Q,Aluno-800,2014.0,8.0,Menino,2022,Escola Pública,6.818,Ágata,551.0,157.0,8.0,2.0,8.0,5.4,7.5,6.1,7.5,10.0,Não atendido,6.3,5.8,,Não,Não,ALFA  (2º e 3º ano),0,Melhorar: Melhorar a sua entrega de lições de casa.,Melhorar: Empenhar-se mais nas aulas e avaliações.,Melhorar: Integrar-se mais aos Princípios Passos Mágicos.,2022,,,,Completo,0.0
RA-801,0,Q,Aluno-801,2013.0,9.0,Menino,2022,Escola Pública,6.644,Ágata,611.0,167.0,9.0,2.0,7.0,6.6,7.5,6.8,7.5,5.0,Não atendido,7.2,6.3,,Não,Não,Fase 1 (4º ano),-1,Melhorar: Melhorar a sua entrega de lições de casa.,Melhorar: Empenhar-se mais nas aulas e avaliações.,Melhorar: Integrar-se mais aos Princípios Passos Mágicos.,2022,,,,Completo,0.0
RA-802,0,Q,Aluno-802,2013.0,9.0,Menino,2021,Escola Pública,7.831,Ametista,193.0,51.0,1.0,2.0,9.0,9.0,7.5,8.3,8.333,5.0,Não atendido,9.0,7.5,,Não,Não,Fase 1 (4º ano),-1,Destaque: A sua boa entrega das lições de casa.,Destaque: As suas boas notas na Passos Mágicos.,Destaque: A sua boa integração aos Princípios Passos Mágicos.,2022,,,,Completo,0.0
RA-803,0,Q,Aluno-803,2012.0,10.0,Menina,2022,Escola Pública,6.98,Ágata,494.0,141.0,6.0,2.0,10.0,7.2,7.5,6.3,7.417,5.0,Sem limitações,6.5,6.0,,Não,Não,Fase 2 (5º e 6º ano),-2,Melhorar: Melhorar a sua entrega de lições de casa.,Melhorar: Empenhar-se mais nas aulas e avaliações.,Melhorar: Integrar-se mais aos Princípios Passos Mágicos.,2022,,,,Completo,0.0
RA-804,0,Q,Aluno-804,2012.0,10.0,Menino,2022,Escola Pública,6.848,Ágata,540.0,153.0,7.0,2.0,10.0,8.4,6.3,4.8,7.667,5.0,Não atendido,5.5,4.0,,Não,Não,Fase 2 (5º e 6º ano),-2,Destaque: A sua boa entrega das lições de casa.,Melhorar: Empenhar-se mais nas aulas e avaliações.,Destaque: A sua boa integração aos Princípios Passos Mágicos.,2022,,,,Completo,0.0
RA-805,0,R,Aluno-805,2014.0,8.0,Menino,2021,Escola Pública,8.279,Topázio,65.0,16.0,2.0,2.0,9.5,9.0,7.5,8.8,7.333,10.0,Sem limitações,8.7,8.9,,Não,Não,ALFA  (2º e 3º ano),0,Destaque: A sua boa entrega das lições de casa.,Destaque: As suas boas notas na Passos Mágicos.,Melhorar: Integrar-se mais aos Princípios Passos Mágicos.,2022,,,,Completo,0.0
RA-806,0,R,Aluno-806,2014.0,8.0,Menino,2022,Escola Pública,7.561,Ametista,290.0,82.0,5.0,2.0,9.5,7.3,7.5,6.6,7.917,10.0,Sem limitações,5.0,8.2,,Não,Não,ALFA  (2º e 3º ano),0,Melhorar: Melhorar a sua entrega de lições de casa.,Melhorar: Empenhar-se mais nas aulas e avaliações.,Destaque: A sua boa integração aos Princípios Passos Mágicos.,2022,,,,Completo,0.0
RA-807,0,R,Aluno-807,2014.0,8.0,Menino,2022,Escola Pública,8.121,Topázio,109.0,31.0,3.0,2.0,9.5,8.7,6.3,9.0,7.5,10.0,Sem limitações,9.5,8.6,,Não,Não,ALFA  (2º e 3º ano),0,Destaque: A sua boa entrega das lições de casa.,Destaque: As suas boas notas na Passos Mágicos.,Destaque: A sua boa integração aos Princípios Passos Mágicos.,2022,,,,Completo,0.0
RA-808,0,R,Aluno-808,2014.0,8.0,Menino,2022,Escola Pública,8.361,Topázio,51.0,12.0,1.0,2.0,10.0,9.1,6.3,9.3,8.0,10.0,Sem limitações,9.7,8.8,,Não,Não,ALFA  (2º e 3º ano),0,Destaque: A sua boa entrega das lições de casa.,Destaque: As suas boas notas na Passos Mágicos.,Destaque: A sua boa integração aos Princípios Passos Mágicos.,2022,,,,Completo,0.0
RA-809,0,R,Aluno-809,2015.0,7.0,Menino,2022,Escola Pública,7.259,Ametista,410.0,120.0,7.0,2.0,10.0,6.6,6.3,6.3,7.417,10.0,Sem limitações,5.5,7.1,,Não,Não,ALFA  (2º e 3º ano),0,Melhorar: Melhorar a sua entrega de lições de casa.,Melhorar: Empenhar-se mais nas aulas e avaliações.,Melhorar: Integrar-se mais aos Princípios Passos Mágicos.,2022,,,,Completo,0.0
RA-810,0,R,Aluno-810,2014.0,8.0,Menino,2021,Escola Pública,7.887,Ametista,175.0,47.0,4.0,2.0,8.5,9.1,5.0,9.6,7.25,10.0,Não indicado,9.7,9.5,,Não,Não,ALFA  (2º e 3º ano),0,Destaque: A sua boa entrega das lições de casa.,Destaque: As suas boas notas na Passos Mágicos.,Melhorar: Integrar-se mais aos Princípios Passos Mágicos.,2022,,,,Completo,0.0
RA-811,0,R,Aluno-811,2013.0,9.0,Menina,2021,Escola Pública,6.575,Ágata,635.0,170.0,8.0,2.0,8.9,5.7,5.6,7.3,7.667,5.0,Sem limitações,8.9,5.7,,Não,Não,Fase 1 (4º ano),-1,Melhorar: Melhorar a sua entrega de lições de casa.,Melhorar: Empenhar-se mais nas aulas e avaliações.,Destaque: A sua boa integração aos Princípios Passos Mágicos.,2022,,,,Completo,0.0
RA-812,0,R,Aluno-812,2014.0,8.0,Menino,2022,Escola Pública,7.497,Ametista,313.0,90.0,6.0,2.0,9.0,8.1,5.6,7.4,7.333,10.0,Sem limitações,8.3,6.6,,Não,Não,ALFA  (2º e 3º ano),0,Destaque: A sua boa entrega das lições de casa.,Melhorar: Empenhar-se mais nas aulas e avaliações.,Melhorar: Integrar-se mais aos Princípios Passos Mágicos.,2022,,,,Completo,0.0
RA-813,0,S,Aluno-813,2014.0,8.0,Menino,2022,Escola Pública,7.093,Ametista,459.0,134.0,6.0,2.0,9.5,6.5,6.9,6.0,7.417,10.0,Sem limitações,6.7,5.3,,Não,Não,ALFA  (2º e 3º ano),0,Melhorar: Melhorar a sua entrega de lições de casa.,Melhorar: Empenhar-se mais nas aulas e avaliações.,Melhorar: Integrar-se mais aos Princípios Passos Mágicos.,2022,,,,Completo,0.0
RA-814,0,S,Aluno-814,2013.0,9.0,Menino,2022,Escola Pública,7.592,Ametista,275.0,77.0,4.0,2.0,8.9,9.0,6.9,7.5,8.417,5.0,Requer avaliação,7.8,7.2,,Não,Sim,Fase 1 (4º ano),-1,Destaque: A sua boa entrega das lições de casa.,Destaque: As suas boas notas na Passos Mágicos.,Destaque: A sua boa integração aos Princípios Passos Mágicos.,2022,,,,Completo,0.0
RA-815,0,S,Aluno-815,2013.0,9.0,Menino,2022,Escola Pública,6.81,Ágata,552.0,158.0,7.0,2.0,10.0,7.9,5.6,6.5,7.0,5.0,Requer avaliação,7.7,5.3,,Não,Não,Fase 1 (4º ano),-1,Destaque: A sua boa entrega das lições de casa.,Melhorar: Empenhar-se mais nas aulas e avaliações.,Melhorar: Integrar-se mais aos Princípios Passos Mágicos.,2022,,,,Completo,0.0
RA-816,0,S,Aluno-816,2013.0,9.0,Menina,2022,Escola Pública,8.513,Topázio,32.0,6.0,1.0,2.0,10.0,9.3,7.5,9.6,9.417,5.0,Sem limitações,9.5,9.7,,Sim,Sim,Fase 1 (4º ano),-1,Destaque: A sua boa entrega das lições de casa.,Destaque: As suas boas notas na Passos Mágicos.,Destaque: A sua boa integração aos Princípios Passos Mágicos.,2022,,,,Completo,0.0
RA-817,0,S,Aluno-817,2014.0,8.0,Menina,2022,Escola Pública,7.819,Ametista,197.0,52.0,2.0,2.0,10.0,8.7,6.3,7.1,7.417,10.0,Requer avaliação,7.7,6.5,,Não,Não,ALFA  (2º e 3º ano),0,Destaque: A sua boa entrega das lições de casa.,Melhorar: Empenhar-se mais nas aulas e avaliações.,Melhorar: Integrar-se mais aos Princípios Passos Mágicos.,2022,,,,Completo,0.0
RA-818,0,S,Aluno-818,2015.0,7.0,Menino,2022,Escola Pública,7.483,Ametista,320.0,95.0,5.0,2.0,9.5,7.3,7.5,6.2,7.5,10.0,Sem limitações,6.5,5.8,,Não,Não,ALFA  (2º e 3º ano),0,Melhorar: Melhorar a sua entrega de lições de casa.,Melhorar: Empenhar-se mais nas aulas e avaliações.,Melhorar: Integrar-se mais aos Princípios Passos Mágicos.,2022,,,,Completo,0.0
RA-819,0,S,Aluno-819,2014.0,8.0,Menino,2022,Escola Pública,7.741,Ametista,223.0,59.0,3.0,2.0,10.0,7.9,7.5,7.3,7.333,10.0,Sem limitações,8.0,6.5,,Não,Não,ALFA  (2º e 3º ano),0,Destaque: A sua boa entrega das lições de casa.,Melhorar: Empenhar-se mais nas aulas e avaliações.,Melhorar: Integrar-se mais aos Princípios Passos Mágicos.,2022,,,,Completo,0.0
RA-820,0,T,Aluno-820,2013.0,9.0,Menino,2022,Escola Pública,7.417,Ametista,349.0,103.0,1.0,2.0,9.5,10.0,6.9,6.0,7.583,5.0,Sem limitações,7.7,4.3,,Não,Não,Fase 1 (4º ano),-1,Destaque: A sua boa entrega das lições de casa.,Melhorar: Empenhar-se mais nas aulas e avaliações.,Destaque: A sua boa integração aos Princípios Passos Mágicos.,2022,,,,Completo,0.0
RA-821,0,T,Aluno-821,2012.0,10.0,Menino,2022,Escola Pública,6.342,Ágata,671.0,174.0,5.0,2.0,9.0,7.0,7.5,4.6,6.917,5.0,Não atendido,5.2,4.0,,Não,Não,Fase 2 (5º e 6º ano),-2,Melhorar: Melhorar a sua entrega de lições de casa.,Melhorar: Empenhar-se mais nas aulas e avaliações.,Melhorar: Integrar-se mais aos Princípios Passos Mágicos.,2022,,,,Completo,0.0
RA-822,0,T,Aluno-822,2012.0,10.0,Menino,2022,Escola Pública,6.922,Ágata,521.0,148.0,3.0,2.0,8.0,8.4,7.5,6.1,7.083,5.0,Não atendido,6.5,5.7,,Não,Não,Fase 2 (5º e 6º ano),-2,Destaque: A sua boa entrega das lições de casa.,Melhorar: Empenhar-se mais nas aulas e avaliações.,Melhorar: Integrar-se mais aos Princípios Passos Mágicos.,2022,,,,Completo,0.0
RA-823,0,T,Aluno-823,2012.0,10.0,Menina,2021,Escola Pública,5.989,Quartzo,729.0,181.0,6.0,2.0,10.0,6.0,7.5,2.8,7.167,5.0,Não atendido,4.0,1.7,,Não,Não,Fase 2 (5º e 6º ano),-2,Melhorar: Melhorar a sua entrega de lições de casa.,Melhorar: Empenhar-se mais nas aulas e avaliações.,Melhorar: Integrar-se mais aos Princípios Passos Mágicos.,2022,,,,Completo,0.0
RA-824,0,T,Aluno-824,2014.0,8.0,Menino,2022,Escola Pública,6.799,Ágata,555.0,159.0,4.0,2.0,10.0,4.4,6.9,6.0,7.333,10.0,Sem limitações,7.0,5.0,,Não,Não,ALFA  (2º e 3º ano),0,Melhorar: Melhorar a sua entrega de lições de casa.,Melhorar: Empenhar-se mais nas aulas e avaliações.,Melhorar: Integrar-se mais aos Princípios Passos Mágicos.,2022,,,,Completo,0.0
RA-825,0,T,Aluno-825,2013.0,9.0,Menina,2021,Escola Pública,7.25,Ametista,412.0,121.0,2.0,2.0,7.5,8.2,6.9,7.6,7.917,5.0,Sem limitações,8.3,6.8,,Não,Não,Fase 1 (4º ano),-1,Destaque: A sua boa entrega das lições de casa.,Destaque: As suas boas notas na Passos Mágicos.,Destaque: A sua boa integração aos Princípios Passos Mágicos.,2022,,,,Completo,0.0
RA-826,0,U,Aluno-826,2014.0,8.0,Menino,2022,Escola Pública,7.776,Ametista,211.0,55.0,5.0,2.0,9.5,9.6,7.5,5.4,7.5,10.0,Não atendido,4.3,6.5,,Não,Não,ALFA  (2º e 3º ano),0,Destaque: A sua boa entrega das lições de casa.,Melhorar: Empenhar-se mais nas aulas e avaliações.,Melhorar: Integrar-se mais aos Princípios Passos Mágicos.,2022,,,,Completo,0.0
RA-827,0,U,Aluno-827,2012.0,10.0,Menina,2022,Escola Pública,7.412,Ametista,352.0,104.0,6.0,2.0,9.5,7.0,7.5,7.6,8.667,5.0,Não atendido,7.7,7.5,,Não,Sim,Fase 2 (5º e 6º ano),-2,Melhorar: Melhorar a sua entrega de lições de casa.,Destaque: As suas boas notas na Passos Mágicos.,Destaque: A sua boa integração aos Princípios Passos Mágicos.,2022,,,,Completo,0.0
RA-828,0,U,Aluno-828,2013.0,9.0,Menina,2022,Escola Pública,7.139,Ametista,444.0,131.0,9.0,2.0,9.5,7.1,7.5,6.9,7.833,5.0,Não atendido,7.3,6.5,,Não,Não,Fase 1 (4º ano),-1,Melhorar: Melhorar a sua entrega de lições de casa.,Melhorar: Empenhar-se mais nas aulas e avaliações.,Destaque: A sua boa integração aos Princípios Passos Mágicos.,2022,,,,Completo,0.0
RA-829,0,U,Aluno-829,2014.0,8.0,Menina,2022,Escola Pública,8.003,Ametista,142.0,39.0,3.0,2.0,9.0,8.6,7.5,7.8,7.5,10.0,Não atendido,8.2,7.5,,Não,Não,ALFA  (2º e 3º ano),0,Destaque: A sua boa entrega das lições de casa.,Destaque: As suas boas notas na Passos Mágicos.,Melhorar: Integrar-se mais aos Princípios Passos Mágicos.,2022,,,,Completo,0.0
RA-830,0,U,Aluno-830,2013.0,9.0,Menina,2022,Escola Pública,7.234,Ametista,414.0,122.0,8.0,2.0,10.0,8.6,7.5,6.0,7.5,5.0,Não atendido,5.8,6.2,,Não,Não,Fase 1 (4º ano),-1,Destaque: A sua boa entrega das lições de casa.,Melhorar: Empenhar-se mais nas aulas e avaliações.,Melhorar: Integrar-se mais aos Princípios Passos Mágicos.,2022,,,,Completo,0.0
RA-831,0,U,Aluno-831,2013.0,9.0,Menino,2022,Escola Pública,7.41,Ametista,356.0,107.0,7.0,2.0,9.5,9.2,7.5,7.2,7.167,5.0,Não atendido,7.3,7.0,,Não,Não,Fase 1 (4º ano),-1,Destaque: A sua boa entrega das lições de casa.,Melhorar: Empenhar-se mais nas aulas e avaliações.,Melhorar: Integrar-se mais aos Princípios Passos Mágicos.,2022,,,,Completo,0.0
RA-832,0,U,Aluno-832,2013.0,9.0,Menino,2022,Escola Pública,8.179,Topázio,92.0,24.0,1.0,2.0,10.0,9.2,7.5,8.8,8.833,5.0,Não atendido,8.8,8.8,,Não,Sim,Fase 1 (4º ano),-1,Destaque: A sua boa entrega das lições de casa.,Destaque: As suas boas notas na Passos Mágicos.,Destaque: A sua boa integração aos Princípios Passos Mágicos.,2022,,,,Completo,0.0
RA-833,0,U,Aluno-833,2013.0,9.0,Menino,2022,Escola Pública,7.791,Ametista,204.0,53.0,4.0,2.0,10.0,9.5,7.5,7.8,7.583,5.0,Não atendido,8.2,7.5,,Não,Não,Fase 1 (4º ano),-1,Destaque: A sua boa entrega das lições de casa.,Destaque: As suas boas notas na Passos Mágicos.,Destaque: A sua boa integração aos Princípios Passos Mágicos.,2022,,,,Completo,0.0
RA-834,0,U,Aluno-834,2013.0,9.0,Menino,2022,Escola Pública,8.136,Topázio,105.0,30.0,2.0,2.0,9.0,9.0,7.5,9.0,9.083,5.0,Não atendido,9.2,8.8,,Não,Sim,Fase 1 (4º ano),-1,Destaque: A sua boa entrega das lições de casa.,Destaque: As suas boas notas na Passos Mágicos.,Destaque: A sua boa integração aos Princípios Passos Mágicos.,2022,,,,Completo,0.0
RA-835,0,V,Aluno-835,2014.0,8.0,Menino,2022,Escola Pública,7.263,Ametista,408.0,119.0,6.0,2.0,6.9,7.3,7.5,7.5,6.667,10.0,Não atendido,7.6,7.3,,Não,Não,ALFA  (2º e 3º ano),0,Melhorar: Melhorar a sua entrega de lições de casa.,Melhorar: Empenhar-se mais nas aulas e avaliações.,Melhorar: Integrar-se mais aos Princípios Passos Mágicos.,2022,,,,Completo,0.0
RA-836,0,V,Aluno-836,2013.0,9.0,Menino,2022,Escola Pública,7.665,Ametista,250.0,68.0,3.0,2.0,8.5,8.3,7.5,9.2,7.583,5.0,Não atendido,9.0,9.3,,Não,Não,Fase 1 (4º ano),-1,Destaque: A sua boa entrega das lições de casa.,Destaque: As suas boas notas na Passos Mágicos.,Destaque: A sua boa integração aos Princípios Passos Mágicos.,2022,,,,Completo,0.0
RA-837,0,V,Aluno-837,2014.0,8.0,Menino,2022,Escola Pública,8.207,Topázio,83.0,21.0,1.0,2.0,8.5,9.0,7.5,8.8,7.5,10.0,Não atendido,9.2,8.3,,Não,Não,ALFA  (2º e 3º ano),0,Destaque: A sua boa entrega das lições de casa.,Destaque: As suas boas notas na Passos Mágicos.,Destaque: A sua boa integração aos Princípios Passos Mágicos.,2022,,,,Completo,0.0
RA-838,0,V,Aluno-838,2013.0,9.0,Menino,2022,Escola Pública,7.461,Ametista,330.0,97.0,4.0,2.0,10.0,7.4,7.5,6.3,9.417,5.0,Não atendido,6.6,5.9,,Sim,Sim,Fase 1 (4º ano),-1,Melhorar: Melhorar a sua entrega de lições de casa.,Melhorar: Empenhar-se mais nas aulas e avaliações.,Destaque: A sua boa integração aos Princípios Passos Mágicos.,2022,,,,Completo,0.0
RA-839,0,V,Aluno-839,2013.0,9.0,Menina,2022,Escola Pública,5.198,Quartzo,811.0,188.0,7.0,2.0,0.0,5.1,7.5,5.4,6.583,5.0,Não atendido,5.8,5.0,,Não,Não,Fase 1 (4º ano),-1,Melhorar: Melhorar a sua entrega de lições de casa.,Melhorar: Empenhar-se mais nas aulas e avaliações.,Melhorar: Integrar-se mais aos Princípios Passos Mágicos.,2022,,,,Completo,0.0
RA-840,0,V,Aluno-840,2014.0,8.0,Menino,2022,Escola Pública,7.875,Ametista,178.0,48.0,2.0,2.0,9.0,8.2,7.5,7.8,7.5,10.0,Não atendido,9.6,5.9,,Não,Não,ALFA  (2º e 3º ano),0,Destaque: A sua boa entrega das lições de casa.,Destaque: As suas boas notas na Passos Mágicos.,Destaque: A sua boa integração aos Princípios Passos Mágicos.,2022,,,,Completo,0.0
RA-841,0,V,Aluno-841,2011.0,11.0,Menino,2022,Escola Pública,7.3,Ametista,395.0,115.0,5.0,2.0,8.5,8.5,7.5,7.2,7.5,5.0,Não atendido,8.6,5.8,,Não,Não,Fase 2 (5º e 6º ano),-2,Destaque: A sua boa entrega das lições de casa.,Melhorar: Empenhar-se mais nas aulas e avaliações.,Destaque: A sua boa integração aos Princípios Passos Mágicos.,2022,,,,Completo,0.0
RA-842,0,Y,Aluno-842,2014.0,8.0,Menina,2022,Escola Pública,7.952,Ametista,154.0,42.0,3.0,2.0,7.5,8.3,7.5,9.1,8.25,10.0,Não atendido,9.1,9.1,,Não,Não,ALFA  (2º e 3º ano),0,Destaque: A sua boa entrega das lições de casa.,Destaque: As suas boas notas na Passos Mágicos.,Destaque: A sua boa integração aos Princípios Passos Mágicos.,2022,,,,Completo,0.0
RA-843,0,Y,Aluno-843,2014.0,8.0,Menina,2022,Escola Pública,8.538,Topázio,30.0,5.0,1.0,2.0,8.5,9.0,7.5,9.2,8.417,10.0,Não atendido,9.8,8.5,,Sim,Sim,ALFA  (2º e 3º ano),0,Destaque: A sua boa entrega das lições de casa.,Destaque: As suas boas notas na Passos Mágicos.,Destaque: A sua boa integração aos Princípios Passos Mágicos.,2022,,,,Completo,0.0
RA-844,0,Y,Aluno-844,2014.0,8.0,Menino,2022,Escola Pública,6.253,Ágata,695.0,176.0,10.0,2.0,0.0,5.0,8.1,5.9,8.333,10.0,Não atendido,6.0,5.8,,Sim,Não,ALFA  (2º e 3º ano),0,Melhorar: Melhorar a sua entrega de lições de casa.,Melhorar: Empenhar-se mais nas aulas e avaliações.,Destaque: A sua boa integração aos Princípios Passos Mágicos.,2022,,,,Completo,0.0
RA-845,0,Y,Aluno-845,2014.0,8.0,Menina,2022,Escola Pública,8.491,Topázio,35.0,7.0,2.0,2.0,10.0,8.8,7.5,8.7,8.417,10.0,Não atendido,9.1,8.3,,Não,Sim,ALFA  (2º e 3º ano),0,Destaque: A sua boa entrega das lições de casa.,Destaque: As suas boas notas na Passos Mágicos.,Destaque: A sua boa integração aos Princípios Passos Mágicos.,2022,,,,Completo,0.0
RA-846,0,Y,Aluno-846,2015.0,7.0,Menina,2022,Escola Pública,7.412,Ametista,353.0,105.0,7.0,2.0,9.0,7.2,7.5,5.9,7.917,10.0,Não atendido,7.7,4.0,,Não,Não,ALFA  (2º e 3º ano),0,Melhorar: Melhorar a sua entrega de lições de casa.,Melhorar: Empenhar-se mais nas aulas e avaliações.,Destaque: A sua boa integração aos Princípios Passos Mágicos.,2022,,,,Completo,0.0
RA-847,0,Y,Aluno-847,2013.0,9.0,Menino,2022,Escola Pública,6.839,Ágata,543.0,154.0,9.0,2.0,7.9,8.2,4.4,7.7,7.417,5.0,Sem limitações,7.8,7.6,,Não,Não,Fase 1 (4º ano),-1,Destaque: A sua boa entrega das lições de casa.,Destaque: As suas boas notas na Passos Mágicos.,Melhorar: Integrar-se mais aos Princípios Passos Mágicos.,2022,,,,Completo,0.0
RA-848,0,Y,Aluno-848,2013.0,9.0,Menino,2022,Escola Pública,7.488,Ametista,315.0,91.0,6.0,2.0,9.5,7.0,7.5,9.0,7.833,5.0,Não atendido,9.8,8.1,,Não,Não,Fase 1 (4º ano),-1,Melhorar: Melhorar a sua entrega de lições de casa.,Destaque: As suas boas notas na Passos Mágicos.,Destaque: A sua boa integração aos Princípios Passos Mágicos.,2022,,,,Completo,0.0
RA-849,0,Y,Aluno-849,2013.0,9.0,Menino,2022,Escola Pública,7.369,Ametista,371.0,112.0,8.0,2.0,8.5,8.3,7.5,9.1,7.417,5.0,Não atendido,9.8,8.3,,Não,Não,Fase 1 (4º ano),-1,Destaque: A sua boa entrega das lições de casa.,Destaque: As suas boas notas na Passos Mágicos.,Melhorar: Integrar-se mais aos Princípios Passos Mágicos.,2022,,,,Completo,0.0
RA-850,0,Y,Aluno-850,2014.0,8.0,Menino,2022,Escola Pública,7.641,Ametista,258.0,73.0,4.0,2.0,10.0,7.3,7.5,8.5,7.167,10.0,Não atendido,8.1,8.8,,Não,Não,ALFA  (2º e 3º ano),0,Melhorar: Melhorar a sua entrega de lições de casa.,Destaque: As suas boas notas na Passos Mágicos.,Melhorar: Integrar-se mais aos Princípios Passos Mágicos.,2022,,,,Completo,0.0
RA-851,0,Y,Aluno-851,2014.0,8.0,Menino,2022,Escola Pública,7.515,Ametista,303.0,86.0,5.0,2.0,9.0,7.9,7.5,8.3,6.583,10.0,Não atendido,7.9,8.7,,Não,Não,ALFA  (2º e 3º ano),0,Destaque: A sua boa entrega das lições de casa.,Destaque: As suas boas notas na Passos Mágicos.,Melhorar: Integrar-se mais aos Princípios Passos Mágicos.,2022,,,,Completo,0.0
RA-852,0,Z,Aluno-852,2015.0,7.0,Menina,2022,Escola Pública,5.666,Quartzo,767.0,184.0,9.0,2.0,9.0,6.8,5.0,2.1,5.5,10.0,Não indicado,2.5,1.8,,Não,Não,ALFA  (2º e 3º ano),0,Melhorar: Melhorar a sua entrega de lições de casa.,Melhorar: Empenhar-se mais nas aulas e avaliações.,Melhorar: Integrar-se mais aos Princípios Passos Mágicos.,2022,,,,Completo,0.0
RA-853,0,Z,Aluno-853,2014.0,8.0,Menina,2022,Escola Pública,8.616,Topázio,28.0,3.0,1.0,2.0,10.0,9.6,7.5,8.5,8.5,10.0,Não atendido,8.8,8.2,,Não,Sim,ALFA  (2º e 3º ano),0,Destaque: A sua boa entrega das lições de casa.,Destaque: As suas boas notas na Passos Mágicos.,Destaque: A sua boa integração aos Princípios Passos Mágicos.,2022,,,,Completo,0.0
RA-854,0,Z,Aluno-854,2014.0,8.0,Menina,2022,Escola Pública,8.098,Topázio,116.0,32.0,7.0,2.0,8.0,9.0,7.5,9.3,7.167,10.0,Não atendido,9.5,9.0,,Não,Não,ALFA  (2º e 3º ano),0,Destaque: A sua boa entrega das lições de casa.,Destaque: As suas boas notas na Passos Mágicos.,Melhorar: Integrar-se mais aos Princípios Passos Mágicos.,2022,,,,Completo,0.0
RA-855,0,Z,Aluno-855,2013.0,9.0,Menina,2022,Escola Pública,8.453,Topázio,41.0,9.0,2.0,2.0,10.0,9.6,7.5,9.7,9.0,5.0,Não atendido,9.7,9.6,,Não,Sim,Fase 1 (4º ano),-1,Destaque: A sua boa entrega das lições de casa.,Destaque: As suas boas notas na Passos Mágicos.,Destaque: A sua boa integração aos Princípios Passos Mágicos.,2022,,,,Completo,0.0
RA-856,0,Z,Aluno-856,2015.0,7.0,Menino,2022,Escola Pública,8.398,Topázio,48.0,10.0,3.0,2.0,10.0,9.1,7.5,8.4,8.0,10.0,Não atendido,8.5,8.2,,Não,Não,ALFA  (2º e 3º ano),0,Destaque: A sua boa entrega das lições de casa.,Destaque: As suas boas notas na Passos Mágicos.,Destaque: A sua boa integração aos Princípios Passos Mágicos.,2022,,,,Completo,0.0
RA-857,0,Z,Aluno-857,2013.0,9.0,Menina,2022,Escola Pública,8.154,Topázio,97.0,27.0,5.0,2.0,8.5,8.9,7.5,9.5,9.083,5.0,Não atendido,9.6,9.3,,Não,Sim,Fase 1 (4º ano),-1,Destaque: A sua boa entrega das lições de casa.,Destaque: As suas boas notas na Passos Mágicos.,Destaque: A sua boa integração aos Princípios Passos Mágicos.,2022,,,,Completo,0.0
RA-858,0,Z,Aluno-858,2015.0,7.0,Menino,2022,Escola Pública,7.523,Ametista,301.0,84.0,8.0,2.0,10.0,7.1,5.6,7.7,7.333,10.0,Requer avaliação,8.4,6.9,,Não,Não,ALFA  (2º e 3º ano),0,Melhorar: Melhorar a sua entrega de lições de casa.,Destaque: As suas boas notas na Passos Mágicos.,Melhorar: Integrar-se mais aos Princípios Passos Mágicos.,2022,,,,Completo,0.0
RA-859,0,Z,Aluno-859,2015.0,7.0,Menina,2022,Escola Pública,8.325,Topázio,58.0,15.0,4.0,2.0,8.5,8.7,7.5,8.9,8.25,10.0,Não atendido,9.4,8.4,,Não,Não,ALFA  (2º e 3º ano),0,Destaque: A sua boa entrega das lições de casa.,Destaque: As suas boas notas na Passos Mágicos.,Destaque: A sua boa integração aos Princípios Passos Mágicos.,2022,,,,Completo,0.0
RA-860,0,Z,Aluno-860,2015.0,7.0,Menino,2022,Escola Pública,8.136,Topázio,104.0,29.0,6.0,2.0,9.5,8.5,7.5,8.1,7.75,10.0,Não atendido,8.9,7.2,,Não,Não,ALFA  (2º e 3º ano),0,Destaque: A sua boa entrega das lições de casa.,Destaque: As suas boas notas na Passos Mágicos.,Destaque: A sua boa integração aos Princípios Passos Mágicos.,2022,,,,Completo,0.0
RA-861,ALFA,ALFA A - G0/G1,Aluno-861,,8.0,Feminino,2023,Pública,9.31095,Topázio,,,,2.0,9.5,10.0,8.13,9.6,8.92,10.0,,9.8,9.4,,,,ALFA (1° e 2° ano),0,,,,2023,8.4375,,,Completo,0.0
RA-862,ALFA,ALFA A - G0/G1,Aluno-862,,9.0,Masculino,2023,Pública,8.2212,Topázio,,,,2.0,8.5,9.1,8.14,8.9,8.585,5.0,,8.5,9.2,,,,Fase 1 (3° e 4° ano),-1,,,,2023,7.5,,,Completo,0.0
RA-863,ALFA,ALFA A - G0/G1,Aluno-863,,7.0,Masculino,2023,Pública,5.92975,Quartzo,,,,2.0,0.0,7.6,3.14,6.3,6.26,10.0,,7.0,5.5,,,,ALFA (1° e 2° ano),0,,,,2023,5.9375,,,Completo,0.0
RA-864,ALFA,ALFA A - G0/G1,Aluno-864,,,Feminino,2023,Pública,7.034,Ametista,,,,2.0,0.0,7.6,8.14,6.3,8.5,10.0,,7.0,5.5,,,,ALFA (1° e 2° ano),0,,,,2023,7.5,,,Completo,0.0
RA-865,ALFA,ALFA A - G0/G1,Aluno-865,,8.0,Masculino,2023,Pública,8.1552,Topázio,,,,2.0,8.5,8.7,7.52,7.4,7.915,10.0,,7.3,7.5,,,,ALFA (1° e 2° ano),0,,,,2023,7.5,,,Completo,0.0
RA-866,ALFA,ALFA A - G0/G1,Aluno-866,,,Feminino,2023,Pública,7.679,Ametista,,,,2.0,0.0,8.3,8.76,8.6,8.415,10.0,,8.2,8.9,,,,ALFA (1° e 2° ano),0,,,,2023,7.5,,,Completo,0.0
RA-867,ALFA,ALFA A - G0/G1,Aluno-867,,8.0,Masculino,2023,Pública,8.6992,Topázio,,,,2.0,9.0,8.6,8.76,8.9,8.415,10.0,,8.7,9.0,,,,ALFA (1° e 2° ano),0,,,,2023,7.5,,,Completo,0.0
RA-868,ALFA,ALFA A - G0/G1,Aluno-868,,,Masculino,2023,Pública,8.63895,Topázio,,,,2.0,10.0,9.5,8.76,7.1,8.67,10.0,,7.8,6.3,,,,ALFA (1° e 2° ano),0,,,,2023,7.1875,,,Completo,0.0
RA-869,ALFA,ALFA A - G0/G1,Aluno-869,,8.0,Feminino,2023,Pública,9.2587,Topázio,,,,2.0,9.0,10.0,8.76,9.6,8.75,10.0,,9.8,9.4,,,,ALFA (1° e 2° ano),0,,,,2023,8.125,,,Completo,0.0
RA-870,ALFA,ALFA A - G0/G1,Aluno-870,,9.0,Feminino,2023,Pública,4.909,Quartzo,,,,2.0,0.0,8.5,8.76,1.5,5.165,5.0,,2.0,1.0,,,,Fase 1 (3° e 4° ano),-1,,,,2023,5.0,,,Completo,0.0
RA-871,ALFA,ALFA B - G2/G3,Aluno-871,,9.0,Masculino,2023,Pública,6.8617,Agata,,,,2.0,9.0,9.5,3.76,6.9,6.84,5.0,,6.8,7.0,,,,Fase 1 (3° e 4° ano),-1,,,,2023,4.375,,,Completo,0.0
RA-872,ALFA,ALFA B - G2/G3,Aluno-872,,10.0,Feminino,2023,Pública,5.267,Quartzo,,,,2.0,0.0,6.7,2.52,4.3,8.5,5.0,,5.5,3.0,,,,Fase 2 (5° e 6° ano),-2,,,,2023,6.25,,,Completo,0.0
RA-873,ALFA,ALFA B - G2/G3,Aluno-873,,,Feminino,2023,Pública,7.8012,Ametista,,,,2.0,8.5,9.7,7.52,7.0,8.67,5.0,,7.2,6.8,,,,Fase 2 (5° e 6° ano),-2,,,,2023,6.25,,,Completo,0.0
RA-874,ALFA,ALFA B - G2/G3,Aluno-874,,9.0,Masculino,2023,Pública,5.811,Quartzo,,,,2.0,0.0,8.2,7.52,4.8,6.67,5.0,,6.3,3.3,,,,Fase 1 (3° e 4° ano),-1,,,,2023,6.25,,,Completo,0.0
RA-875,ALFA,ALFA B - G2/G3,Aluno-875,,9.0,Masculino,2023,Pública,8.2712,Topázio,,,,2.0,9.5,9.5,7.52,7.3,9.845,5.0,,7.0,7.5,,,,Fase 1 (3° e 4° ano),-1,,,,2023,7.5,,,Completo,0.0
RA-876,ALFA,ALFA B - G2/G3,Aluno-876,,,Masculino,2023,Pública,8.6492,Topázio,,,,2.0,10.0,9.4,7.52,7.5,8.835,10.0,,7.3,7.7,,,,ALFA (1° e 2° ano),0,,,,2023,7.5,,,Completo,0.0
RA-877,ALFA,ALFA B - G2/G3,Aluno-877,,9.0,Masculino,2023,Pública,7.4722,Ametista,,,,2.0,9.5,9.5,7.52,6.9,7.5,5.0,,7.5,6.2,,,,Fase 1 (3° e 4° ano),-1,,,,2023,5.0,,,Completo,0.0
RA-878,ALFA,ALFA B - G2/G3,Aluno-878,,10.0,Masculino,2023,Pública,6.24,Agata,,,,2.0,0.0,9.5,2.52,8.1,7.34,5.0,,8.0,8.2,,,,Fase 2 (5° e 6° ano),-2,,,,2023,5.0,,,Completo,0.0
RA-879,ALFA,ALFA B - G2/G3,Aluno-879,,,Feminino,2023,Pública,6.8225,Agata,,,,2.0,0.0,9.8,2.52,8.2,8.915,5.0,,8.2,8.2,,,,Fase 1 (3° e 4° ano),-1,,,,2023,6.875,,,Completo,0.0
RA-880,ALFA,ALFA B - G2/G3,Aluno-880,,7.0,Feminino,2023,Pública,6.724,Agata,,,,2.0,0.0,9.4,2.52,6.3,8.585,10.0,,6.3,6.2,,,,ALFA (1° e 2° ano),0,,,,2023,6.25,,,Completo,0.0
RA-881,ALFA,ALFA B - G2/G3,Aluno-881,,8.0,Masculino,2023,Pública,7.7322,Ametista,,,,2.0,10.0,8.9,7.52,7.3,6.25,10.0,,7.5,7.0,,,,ALFA (1° e 2° ano),0,,,,2023,5.0,,,Completo,0.0
RA-882,ALFA,ALFA C - G0/G1,Aluno-882,,8.0,Feminino,2023,Pública,6.0092,Agata,,,,2.0,9.0,8.6,2.52,4.7,4.16,10.0,,4.8,4.5,,,,ALFA (1° e 2° ano),0,,,,2023,3.75,,,Completo,0.0
RA-883,ALFA,ALFA C - G0/G1,Aluno-883,,,Feminino,2023,Pública,8.5082,Topázio,,,,2.0,9.5,9.7,6.89,8.4,8.17,10.0,,8.0,8.7,,,,ALFA (1° e 2° ano),0,,,,2023,6.25,,,Completo,0.0
RA-884,ALFA,ALFA C - G0/G1,Aluno-884,,,Feminino,2023,Pública,8.4587,Topázio,,,,2.0,9.0,9.7,4.39,8.8,8.66,10.0,,8.4,9.2,,,,ALFA (1° e 2° ano),0,,,,2023,6.875,,,Completo,0.0
RA-885,ALFA,ALFA C - G0/G1,Aluno-885,,7.0,Masculino,2023,Pública,8.8252,Topázio,,,,2.0,9.0,9.8,7.52,8.7,8.665,10.0,,8.5,8.8,,,,ALFA (1° e 2° ano),0,,,,2023,7.5,,,Completo,0.0
RA-886,ALFA,ALFA C - G0/G1,Aluno-886,,,Feminino,2023,Pública,8.6422,Topázio,,,,2.0,8.5,9.4,7.52,8.1,9.0,10.0,,7.6,8.5,,,,ALFA (1° e 2° ano),0,,,,2023,7.5,,,Completo,0.0
RA-887,ALFA,ALFA C - G0/G1,Aluno-887,,8.0,Masculino,2023,Pública,8.6718,Topázio,,,,2.0,8.9,8.9,7.52,8.4,9.09,10.0,,7.8,9.0,,,,ALFA (1° e 2° ano),0,,,,2023,7.5,,,Completo,0.0
RA-888,ALFA,ALFA C - G0/G1,Aluno-888,,,Masculino,2023,Pública,8.9182,Topázio,,,,2.0,9.0,10.0,7.52,8.8,8.83,10.0,,8.2,9.3,,,,ALFA (1° e 2° ano),0,,,,2023,7.5,,,Completo,0.0
RA-889,ALFA,ALFA C - G0/G1,Aluno-889,,,Masculino,2023,Pública,8.8092,Topázio,,,,2.0,8.5,9.5,6.89,9.1,9.0,10.0,,8.7,9.5,,,,ALFA (1° e 2° ano),0,,,,2023,7.5,,,Completo,0.0
RA-890,ALFA,ALFA C - G0/G1,Aluno-890,,8.0,Masculino,2023,Pública,6.989,Agata,,,,2.0,0.0,9.1,2.52,8.3,8.16,10.0,,8.0,8.6,,,,ALFA (1° e 2° ano),0,,,,2023,6.25,,,Completo,0.0
RA-891,ALFA,ALFA C - G0/G1,Aluno-891,,,Feminino,2023,Pública,7.8882,Ametista,,,,2.0,9.5,9.5,6.89,7.5,7.995,5.0,,6.2,8.8,,,,Fase 1 (3° e 4° ano),-1,,,,2023,7.5,,,Completo,0.0
RA-684,ALFA,ALFA D - G2/G3,Aluno-684,,8.0,Masculino,2022,Privada,7.4277,Ametista,,,,2.0,9.0,8.1,7.52,6.5,5.84,10.0,,8.3,4.7,,,,ALFA (1° e 2° ano),0,,,,2023,6.875,,,Completo,0.0
RA-892,ALFA,ALFA D - G2/G3,Aluno-892,,8.0,Masculino,2023,Pública,8.8112,Topázio,,,,2.0,8.0,9.6,6.89,8.3,10.01,10.0,,8.5,8.0,,,,ALFA (1° e 2° ano),0,,,,2023,7.5,,,Completo,0.0
RA-857,ALFA,ALFA D - G2/G3,Aluno-857,,9.0,Feminino,2022,Pública,8.1442,Topázio,,,,2.0,8.5,9.0,7.52,8.5,9.01,5.0,,8.7,8.2,,,,Fase 1 (3° e 4° ano),-1,,,,2023,7.5,,,Completo,0.0
RA-893,ALFA,ALFA D - G2/G3,Aluno-893,,,Masculino,2023,Pública,8.8042,Topázio,,,,2.0,9.5,10.0,7.52,9.3,10.01,5.0,,9.5,9.0,,,,Fase 1 (3° e 4° ano),-1,,,,2023,7.5,,,Completo,0.0
RA-894,ALFA,ALFA D - G2/G3,Aluno-894,,9.0,Feminino,2023,Pública,8.8142,Topázio,,,,2.0,9.5,9.9,7.52,9.4,10.01,5.0,,9.3,9.5,,,,Fase 1 (3° e 4° ano),-1,,,,2023,7.5,,,Completo,0.0
RA-690,ALFA,ALFA D - G2/G3,Aluno-690,,,Feminino,2022,Pública,8.6112,Topázio,,,,2.0,9.0,9.8,6.89,9.1,10.01,5.0,,9.3,8.8,,,,Fase 2 (5° e 6° ano),-2,,,,2023,7.5,,,Completo,0.0
RA-895,ALFA,ALFA D - G2/G3,Aluno-895,,8.0,Feminino,2023,Pública,8.5397,Topázio,,,,2.0,9.5,9.5,7.52,6.8,9.5,10.0,,6.8,6.7,,,,ALFA (1° e 2° ano),0,,,,2023,6.875,,,Completo,0.0
RA-896,ALFA,ALFA D - G2/G3,Aluno-896,,7.0,Masculino,2023,Pública,9.0912,Topázio,,,,2.0,9.5,10.0,6.89,8.5,10.01,10.0,,9.0,8.0,,,,ALFA (1° e 2° ano),0,,,,2023,7.5,,,Completo,0.0
RA-693,ALFA,ALFA D - G2/G3,Aluno-693,,,Feminino,2022,Pública,9.0112,Topázio,,,,2.0,10.0,9.4,6.89,8.5,10.01,10.0,,8.2,8.7,,,,ALFA (1° e 2° ano),0,,,,2023,7.5,,,Completo,0.0
RA-675,ALFA,ALFA D - G2/G3,Aluno-675,,,Masculino,2022,Pública,8.3577,Topázio,,,,2.0,10.0,8.0,7.52,8.3,8.34,10.0,,8.5,8.0,,,,ALFA (1° e 2° ano),0,,,,2023,6.875,,,Completo,0.0
RA-850,ALFA,ALFA D - G2/G3,Aluno-850,,9.0,Masculino,2022,Pública,6.06525,Agata,,,,2.0,0.0,7.9,6.26,7.3,6.265,5.0,,6.8,7.7,,,,Fase 1 (3° e 4° ano),-1,,,,2023,6.5625,,,Completo,0.0
RA-897,ALFA,ALFA D - G2/G3,Aluno-897,,,Masculino,2023,Pública,5.48225,Quartzo,,,,2.0,0.0,8.1,7.52,6.5,3.32,5.0,,7.2,5.7,,,,Fase 1 (3° e 4° ano),-1,,,,2023,6.5625,,,Completo,0.0
RA-842,ALFA,ALFA E - G2/G3,Aluno-842,,9.0,Feminino,2022,Pública,7.2117,Ametista,,,,2.0,9.0,8.5,3.77,7.9,8.01,5.0,,8.2,7.5,,,,Fase 1 (3° e 4° ano),-1,,,,2023,5.625,,,Completo,0.0
RA-898,ALFA,ALFA E - G2/G3,Aluno-898,,,Masculino,2023,Pública,8.4217,Topázio,,,,2.0,9.0,9.8,3.77,9.4,10.01,5.0,,9.7,9.0,,,,Fase 1 (3° e 4° ano),-1,,,,2023,8.125,,,Completo,0.0
RA-899,ALFA,ALFA E - G2/G3,Aluno-899,,8.0,Masculino,2023,Pública,8.8452,Topázio,,,,2.0,10.0,9.8,3.77,9.5,9.34,10.0,,9.3,9.6,,,,ALFA (1° e 2° ano),0,,,,2023,7.5,,,Completo,0.0
RA-900,ALFA,ALFA E - G2/G3,Aluno-900,,8.0,Feminino,2023,Pública,8.8947,Topázio,,,,2.0,9.0,9.8,9.38,7.8,8.67,10.0,,8.0,7.5,,,,ALFA (1° e 2° ano),0,,,,2023,8.125,,,Completo,0.0
RA-846,ALFA,ALFA E - G2/G3,Aluno-846,,8.0,Feminino,2022,Pública,7.4637,Ametista,,,,2.0,9.5,8.2,3.77,6.0,8.67,10.0,,6.3,5.7,,,,ALFA (1° e 2° ano),0,,,,2023,5.625,,,Completo,0.0
RA-901,ALFA,ALFA E - G2/G3,Aluno-901,,10.0,Masculino,2023,Pública,7.3112,Ametista,,,,2.0,8.5,8.7,3.77,7.5,8.595,5.0,,7.7,7.3,,,,Fase 2 (5° e 6° ano),-2,,,,2023,6.25,,,Completo,0.0
RA-743,ALFA,ALFA E - G2/G3,Aluno-743,,10.0,Feminino,2022,Pública,6.659,Agata,,,,2.0,0.0,9.1,3.77,7.1,9.01,5.0,,7.3,6.8,,,,Fase 2 (5° e 6° ano),-2,,,,2023,7.5,,,Completo,0.0
RA-681,ALFA,ALFA E - G2/G3,Aluno-681,,10.0,Masculino,2022,Pública,6.2955,Agata,,,,2.0,0.0,7.8,3.77,8.3,8.18,5.0,,8.8,7.8,,,,Fase 2 (5° e 6° ano),-2,,,,2023,5.625,,,Completo,0.0
RA-902,ALFA,ALFA E - G2/G3,Aluno-902,,12.0,Masculino,2023,Pública,5.97345,Quartzo,,,,2.0,10.0,9.3,2.52,3.9,6.5,2.5,,4.5,3.3,,,,Fase 3 (7° e 8° ano),-3,,,,2023,5.3125,,,Completo,0.0
RA-903,ALFA,ALFA E - G2/G3,Aluno-903,,,Feminino,2023,Pública,8.5242,Topázio,,,,2.0,10.0,9.6,5.02,7.8,9.01,10.0,,7.7,7.8,,,,ALFA (1° e 2° ano),0,,,,2023,7.5,,,Completo,0.0
RA-851,ALFA,ALFA E - G2/G3,Aluno-851,,,Masculino,2022,Pública,6.1683,Agata,,,,2.0,8.4,7.5,2.52,6.6,6.01,5.0,,6.8,6.3,,,,Fase 1 (3° e 4° ano),-1,,,,2023,5.625,,,Completo,0.0
RA-847,ALFA,ALFA E - G2/G3,Aluno-847,,10.0,Masculino,2022,Pública,6.5418,Agata,,,,2.0,7.9,9.1,2.52,7.6,5.84,5.0,,7.5,7.6,,,,Fase 2 (5° e 6° ano),-2,,,,2023,5.0,,,Completo,0.0
RA-904,ALFA,ALFA F - G0/G1,Aluno-904,,,Feminino,2023,Pública,8.140783333,Topázio,,,,2.0,9.0,9.3,7.52,6.4,7.836666667,10.0,,6.0,6.8,,,,ALFA (1° e 2° ano),0,,,,2023,7.8125,,,Completo,0.0
RA-858,ALFA,ALFA F - G0/G1,Aluno-858,,,Masculino,2022,Pública,7.248833333,Ametista,,,,2.0,0.0,8.1,3.77,9.3,7.946666667,10.0,,9.3,9.2,,,,ALFA (1° e 2° ano),0,,,,2023,8.125,,,Completo,0.0
RA-905,ALFA,ALFA F - G0/G1,Aluno-905,,9.0,Masculino,2023,Pública,7.831033333,Ametista,,,,2.0,9.5,9.4,7.52,8.3,7.056666667,5.0,,7.5,9.0,,,,Fase 1 (3° e 4° ano),-1,,,,2023,6.875,,,Completo,0.0
RA-702,ALFA,ALFA F - G0/G1,Aluno-702,,,Feminino,2022,Pública,8.239866667,Topázio,,,,2.0,10.0,10.0,5.63,9.3,7.833333333,5.0,,9.3,9.3,,,,Fase 1 (3° e 4° ano),-1,,,,2023,7.5,,,Completo,0.0
RA-725,ALFA,ALFA F - G0/G1,Aluno-725,,9.0,Masculino,2022,Pública,8.117366667,Topázio,,,,2.0,9.5,9.0,7.52,8.4,8.113333333,5.0,,8.1,8.7,,,,Fase 1 (3° e 4° ano),-1,,,,2023,8.125,,,Completo,0.0
RA-906,ALFA,ALFA F - G0/G1,Aluno-906,,,Masculino,2023,Pública,8.1922,Topázio,,,,2.0,7.5,9.2,7.52,8.6,6.95,10.0,,7.7,9.4,,,,ALFA (1° e 2° ano),0,,,,2023,7.5,,,Completo,0.0
RA-907,ALFA,ALFA F - G0/G1,Aluno-907,,8.0,Feminino,2023,Privada,8.962033333,Topázio,,,,2.0,9.5,9.6,7.52,9.3,8.336666667,10.0,,9.2,9.4,,,,ALFA (1° e 2° ano),0,,,,2023,8.125,,,Completo,0.0
RA-908,ALFA,ALFA F - G0/G1,Aluno-908,,,Feminino,2023,Pública,8.479366667,Topázio,,,,2.0,9.0,9.0,7.52,7.9,8.223333333,10.0,,6.7,9.0,,,,ALFA (1° e 2° ano),0,,,,2023,8.125,,,Completo,0.0
RA-909,ALFA,ALFA F - G0/G1,Aluno-909,,10.0,Feminino,2023,Pública,8.486033333,Topázio,,,,2.0,10.0,9.9,7.52,9.2,8.056666667,5.0,,9.1,9.2,,,,Fase 2 (5° e 6° ano),-2,,,,2023,8.125,,,Completo,0.0
RA-708,ALFA,ALFA F - G0/G1,Aluno-708,,9.0,Masculino,2022,Pública,7.5105,Ametista,,,,2.0,0.0,9.8,7.52,9.2,8.28,5.0,,8.8,9.5,,,,Fase 1 (3° e 4° ano),-1,,,,2023,8.125,,,Completo,0.0
RA-910,ALFA,ALFA F - G0/G1,Aluno-910,,8.0,Masculino,2023,Pública,7.801,Ametista,,,,2.0,0.0,8.8,7.52,8.9,8.17,10.0,,8.8,9.0,,,,ALFA (1° e 2° ano),0,,,,2023,8.75,,,Completo,0.0
RA-671,ALFA,ALFA G - G2/G3,Aluno-671,,,Masculino,2021,Pública,6.5143,Agata,,,,2.0,7.9,8.3,3.14,7.8,5.68,5.0,,8.0,7.5,,,,Fase 2 (5° e 6° ano),-2,,,,2023,5.625,,,Completo,0.0
RA-836,ALFA,ALFA G - G2/G3,Aluno-836,,,Masculino,2022,Pública,7.6417,Ametista,,,,2.0,9.5,9.6,6.27,6.7,8.085,5.0,,6.7,6.7,,,,Fase 2 (5° e 6° ano),-2,,,,2023,6.875,,,Completo,0.0
RA-911,ALFA,ALFA G - G2/G3,Aluno-911,,11.0,Masculino,2023,Pública,5.59545,Quartzo,,,,2.0,9.0,6.7,2.52,3.4,7.01,5.0,,3.7,3.0,,,,Fase 2 (5° e 6° ano),-2,,,,2023,5.3125,,,Completo,0.0
RA-860,ALFA,ALFA G - G2/G3,Aluno-860,,,Masculino,2022,Pública,8.2372,Topázio,,,,2.0,7.0,9.8,6.89,7.4,8.34,10.0,,7.2,7.5,,,,ALFA (1° e 2° ano),0,,,,2023,7.5,,,Completo,0.0
RA-727,ALFA,ALFA G - G2/G3,Aluno-727,,,Masculino,2022,Pública,7.6802,Ametista,,,,2.0,9.5,8.8,2.52,8.0,9.34,5.0,,8.3,7.7,,,,Fase 1 (3° e 4° ano),-1,,,,2023,7.5,,,Completo,0.0
RA-739,ALFA,ALFA G - G2/G3,Aluno-739,,9.0,Masculino,2022,Pública,7.5972,Ametista,,,,2.0,9.0,8.3,7.52,7.6,8.25,5.0,,7.3,7.8,,,,Fase 1 (3° e 4° ano),-1,,,,2023,6.25,,,Completo,0.0
RA-740,ALFA,ALFA G - G2/G3,Aluno-740,,10.0,Feminino,2022,Privada,7.2845,Ametista,,,,2.0,0.0,8.7,7.52,9.1,8.925,5.0,,9.0,9.2,,,,Fase 2 (5° e 6° ano),-2,,,,2023,6.875,,,Completo,0.0
RA-912,ALFA,ALFA G - G2/G3,Aluno-912,,9.0,Feminino,2023,Pública,7.0797,Ametista,,,,2.0,7.0,9.4,7.52,6.3,7.175,5.0,,6.2,6.3,,,,Fase 1 (3° e 4° ano),-1,,,,2023,5.625,,,Completo,0.0
RA-706,ALFA,ALFA G - G2/G3,Aluno-706,,,Feminino,2021,Pública,7.1527,Ametista,,,,2.0,9.0,7.8,4.39,7.3,8.08,5.0,,6.7,7.8,,,,Fase 2 (5° e 6° ano),-2,,,,2023,6.875,,,Completo,0.0
RA-840,ALFA,ALFA G - G2/G3,Aluno-840,,,Masculino,2022,Pública,7.7862,Ametista,,,,2.0,9.5,9.0,4.38,8.2,8.59,5.0,,8.3,8.0,,,,Fase 1 (3° e 4° ano),-1,,,,2023,7.5,,,Completo,0.0
RA-841,ALFA,ALFA G - G2/G3,Aluno-841,,11.0,Masculino,2022,Pública,6.78,Agata,,,,2.0,0.0,7.2,7.52,6.9,9.84,5.0,,6.7,7.0,,,,Fase 2 (5° e 6° ano),-2,,,,2023,7.5,,,Completo,0.0
RA-709,ALFA,ALFA G - G2/G3,Aluno-709,,11.0,Feminino,2022,Pública,6.6927,Agata,,,,2.0,10.0,7.9,7.52,4.9,6.59,5.0,,5.5,4.3,,,,Fase 2 (5° e 6° ano),-2,,,,2023,5.625,,,Completo,0.0
RA-913,ALFA,ALFA H - G0/G1,Aluno-913,,,Feminino,2023,Pública,7.7432,Ametista,,,,2.0,8.0,8.5,6.89,7.9,9.245,5.0,,9.5,6.3,,,,Fase 2 (5° e 6° ano),-2,,,,2023,6.25,,,Completo,0.0
RA-726,ALFA,ALFA H - G0/G1,Aluno-726,,8.0,Feminino,2022,Pública,7.3687,Ametista,,,,2.0,10.0,6.1,7.52,6.0,8.17,10.0,,6.2,5.8,,,,ALFA (1° e 2° ano),0,,,,2023,5.625,,,Completo,0.0
RA-914,ALFA,ALFA H - G0/G1,Aluno-914,,8.0,Feminino,2023,Pública,8.6912,Topázio,,,,2.0,10.0,9.2,7.52,8.7,8.67,10.0,,9.0,8.4,,,,ALFA (1° e 2° ano),0,,,,2023,6.25,,,Completo,0.0
RA-915,ALFA,ALFA H - G0/G1,Aluno-915,,,Feminino,2023,Pública,8.5962,Topázio,,,,2.0,10.0,8.4,7.52,8.4,8.67,10.0,,8.1,8.7,,,,ALFA (1° e 2° ano),0,,,,2023,7.5,,,Completo,0.0
RA-916,ALFA,ALFA H - G0/G1,Aluno-916,,9.0,Feminino,2023,Pública,7.3882,Ametista,,,,2.0,9.5,9.7,2.52,6.6,9.005,5.0,,7.7,5.5,,,,Fase 1 (3° e 4° ano),-1,,,,2023,6.25,,,Completo,0.0
RA-917,ALFA,ALFA H - G0/G1,Aluno-917,,7.0,Feminino,2023,Pública,5.987,Quartzo,,,,2.0,0.0,7.2,2.52,7.0,6.35,10.0,,5.3,8.7,,,,ALFA (1° e 2° ano),0,,,,2023,6.25,,,Completo,0.0
RA-918,ALFA,ALFA H - G0/G1,Aluno-918,,7.0,Feminino,2023,Pública,7.4967,Ametista,,,,2.0,10.0,8.7,2.52,7.7,7.01,10.0,,7.1,8.3,,,,ALFA (1° e 2° ano),0,,,,2023,5.625,,,Completo,0.0
RA-919,ALFA,ALFA H - G0/G1,Aluno-919,,9.0,Masculino,2023,Pública,6.225,Agata,,,,2.0,0.0,8.4,7.52,5.3,8.09,5.0,,5.5,5.0,,,,Fase 1 (3° e 4° ano),-1,,,,2023,6.25,,,Completo,0.0
RA-920,ALFA,ALFA H - G0/G1,Aluno-920,,8.0,Feminino,2023,Pública,6.9647,Agata,,,,2.0,9.0,6.3,7.52,6.1,6.35,10.0,,6.0,6.2,,,,ALFA (1° e 2° ano),0,,,,2023,5.625,,,Completo,0.0
RA-921,ALFA,ALFA I - G2/G3,Aluno-921,,7.0,Feminino,2023,Pública,7.7407,Ametista,,,,2.0,9.0,9.7,7.52,6.3,6.68,10.0,,6.5,6.0,,,,ALFA (1° e 2° ano),0,,,,2023,5.625,,,Completo,0.0
RA-922,ALFA,ALFA I - G2/G3,Aluno-922,,,Feminino,2023,Pública,8.5262,Topázio,,,,2.0,8.5,9.7,3.14,8.4,10.01,10.0,,8.5,8.2,,,,ALFA (1° e 2° ano),0,,,,2023,7.5,,,Completo,0.0
RA-715,ALFA,ALFA I - G2/G3,Aluno-715,,,Feminino,2022,Pública,5.8915,Quartzo,,,,2.0,0.0,9.5,3.14,5.4,7.675,5.0,,4.5,6.3,,,,Fase 2 (5° e 6° ano),-2,,,,2023,5.625,,,Completo,0.0
RA-822,ALFA,ALFA I - G2/G3,Aluno-822,,,Masculino,2022,Pública,6.4497,Agata,,,,2.0,8.5,8.4,2.52,7.1,5.925,5.0,,8.0,6.2,,,,Fase 2 (5° e 6° ano),-2,,,,2023,5.625,,,Completo,0.0
RA-923,ALFA,ALFA I - G2/G3,Aluno-923,,,Feminino,2023,Pública,8.8842,Topázio,,,,2.0,9.5,9.9,7.52,7.3,10.01,10.0,,7.5,7.0,,,,ALFA (1° e 2° ano),0,,,,2023,7.5,,,Completo,0.0
RA-742,ALFA,ALFA I - G2/G3,Aluno-742,,10.0,Feminino,2022,Pública,7.024,Ametista,,,,2.0,0.0,7.6,7.52,7.5,10.01,5.0,,6.2,8.8,,,,Fase 2 (5° e 6° ano),-2,,,,2023,7.5,,,Completo,0.0
RA-924,ALFA,ALFA I - G2/G3,Aluno-924,,,Masculino,2023,Pública,6.5207,Agata,,,,2.0,9.0,5.6,7.52,5.0,5.93,10.0,,5.0,5.0,,,,ALFA (1° e 2° ano),0,,,,2023,5.625,,,Completo,0.0
RA-925,ALFA,ALFA I - G2/G3,Aluno-925,,,Masculino,2023,Pública,7.1837,Ametista,,,,2.0,9.0,8.9,7.52,5.4,5.595,10.0,,5.2,5.5,,,,ALFA (1° e 2° ano),0,,,,2023,5.625,,,Completo,0.0
RA-853,ALFA,ALFA J - G2/G3,Aluno-853,,9.0,Feminino,2022,Pública,7.8402,Ametista,,,,2.0,10.0,9.5,3.77,7.4,9.84,5.0,,7.2,7.5,,,,Fase 1 (3° e 4° ano),-1,,,,2023,6.25,,,Completo,0.0
RA-854,ALFA,ALFA J - G2/G3,Aluno-854,,,Feminino,2022,Pública,6.6415,Agata,,,,2.0,0.0,9.5,3.77,6.0,8.01,10.0,,7.5,4.5,,,,ALFA (1° e 2° ano),0,,,,2023,5.625,,,Completo,0.0
RA-700,ALFA,ALFA J - G2/G3,Aluno-700,,9.0,Feminino,2022,Pública,8.2852,Topázio,,,,2.0,9.5,9.7,7.52,7.8,9.84,5.0,,7.5,8.0,,,,Fase 1 (3° e 4° ano),-1,,,,2023,6.25,,,Completo,0.0
RA-701,ALFA,ALFA J - G2/G3,Aluno-701,,,Masculino,2021,Pública,7.3982,Ametista,,,,2.0,9.5,9.9,3.77,7.2,7.68,5.0,,7.3,7.0,,,,Fase 2 (5° e 6° ano),-2,,,,2023,6.25,,,Completo,0.0
RA-856,ALFA,ALFA J - G2/G3,Aluno-856,,,Masculino,2022,Pública,7.3355,Ametista,,,,2.0,0.0,9.6,7.52,7.3,8.255,10.0,,7.5,7.0,,,,ALFA (1° e 2° ano),0,,,,2023,5.625,,,Completo,0.0
RA-672,ALFA,ALFA J - G2/G3,Aluno-672,,10.0,Feminino,2021,Pública,6.5623,Agata,,,,2.0,7.9,9.5,2.52,6.4,6.43,5.0,,6.0,6.7,,,,Fase 2 (5° e 6° ano),-2,,,,2023,5.625,,,Completo,0.0
RA-859,ALFA,ALFA J - G2/G3,Aluno-859,,8.0,Feminino,2022,Pública,8.6042,Topázio,,,,2.0,8.0,9.2,7.52,7.3,10.01,10.0,,6.8,7.8,,,,ALFA (1° e 2° ano),0,,,,2023,7.5,,,Completo,0.0
RA-704,ALFA,ALFA J - G2/G3,Aluno-704,,,Masculino,2022,Pública,6.8297,Agata,,,,2.0,10.0,9.9,3.14,6.1,6.265,5.0,,6.5,5.7,,,,Fase 2 (5° e 6° ano),-2,,,,2023,5.625,,,Completo,0.0
RA-741,ALFA,ALFA J - G2/G3,Aluno-741,,11.0,Feminino,2022,Pública,6.2707,Agata,,,,2.0,9.5,6.9,4.39,5.1,7.095,5.0,,4.2,6.0,,,,Fase 2 (5° e 6° ano),-2,,,,2023,5.625,,,Completo,0.0
RA-719,ALFA,ALFA J - G2/G3,Aluno-719,,,Masculino,2021,Pública,6.4137,Agata,,,,2.0,9.5,5.3,7.52,5.9,7.095,5.0,,7.0,4.7,,,,Fase 2 (5° e 6° ano),-2,,,,2023,5.625,,,Completo,0.0
RA-926,ALFA,ALFA J - G2/G3,Aluno-926,,9.0,Feminino,2023,Pública,7.7792,Ametista,,,,2.0,9.0,10.0,3.77,6.8,9.51,5.0,,6.5,7.0,,,,Fase 1 (3° e 4° ano),-1,,,,2023,7.5,,,Completo,0.0
RA-927,ALFA,ALFA J - G2/G3,Aluno-927,,,Feminino,2023,Pública,7.5982,Ametista,,,,2.0,9.0,9.7,3.77,6.4,9.255,5.0,,7.0,5.8,,,,Fase 1 (3° e 4° ano),-1,,,,2023,7.5,,,Completo,0.0
RA-928,ALFA,ALFA K - G0/G1,Aluno-928,,8.0,Feminino,2023,Pública,9.3712,Topázio,,,,2.0,8.5,10.0,7.52,9.8,9.67,10.0,,9.8,9.8,,,,ALFA (1° e 2° ano),0,,,,2023,8.75,,,Completo,0.0
RA-929,ALFA,ALFA K - G0/G1,Aluno-929,,8.0,Feminino,2023,Pública,9.1312,Topázio,,,,2.0,8.5,9.8,7.52,8.8,9.67,10.0,,8.7,8.9,,,,ALFA (1° e 2° ano),0,,,,2023,8.75,,,Completo,0.0
RA-930,ALFA,ALFA K - G0/G1,Aluno-930,,8.0,Masculino,2023,Pública,8.8872,Topázio,,,,2.0,9.0,8.8,7.52,9.0,9.0,10.0,,8.7,9.3,,,,ALFA (1° e 2° ano),0,,,,2023,8.75,,,Completo,0.0
RA-931,ALFA,ALFA K - G0/G1,Aluno-931,,,Masculino,2023,Pública,7.3747,Ametista,,,,2.0,8.5,8.2,2.52,7.8,7.6,10.0,,7.0,8.5,,,,ALFA (1° e 2° ano),0,,,,2023,5.625,,,Completo,0.0
RA-932,ALFA,ALFA K - G0/G1,Aluno-932,,7.0,Feminino,2023,Pública,8.3847,Topázio,,,,2.0,9.5,7.9,7.52,7.5,9.0,10.0,,6.5,8.4,,,,ALFA (1° e 2° ano),0,,,,2023,8.125,,,Completo,0.0
RA-933,ALFA,ALFA K - G0/G1,Aluno-933,,8.0,Feminino,2023,Pública,8.6712,Topázio,,,,2.0,9.0,8.4,7.52,7.7,9.67,10.0,,8.0,7.3,,,,ALFA (1° e 2° ano),0,,,,2023,8.75,,,Completo,0.0
RA-934,ALFA,ALFA K - G0/G1,Aluno-934,,8.0,Feminino,2023,Pública,9.1737,Topázio,,,,2.0,9.0,9.6,7.52,8.7,9.67,10.0,,8.3,9.0,,,,ALFA (1° e 2° ano),0,,,,2023,9.375,,,Completo,0.0
RA-935,ALFA,ALFA K - G0/G1,Aluno-935,,9.0,Masculino,2023,Pública,7.9535,Ametista,,,,2.0,0.0,9.8,7.52,9.4,9.67,5.0,,9.2,9.5,,,,Fase 1 (3° e 4° ano),-1,,,,2023,9.375,,,Completo,0.0
RA-936,ALFA,ALFA K - G0/G1,Aluno-936,,,Feminino,2023,Pública,8.5477,Topázio,,,,2.0,9.0,10.0,7.52,6.5,8.915,10.0,,5.0,8.0,,,,ALFA (1° e 2° ano),0,,,,2023,8.125,,,Completo,0.0
RA-937,ALFA,ALFA K - G0/G1,Aluno-937,,,Feminino,2023,Pública,9.3237,Topázio,,,,2.0,9.5,9.6,7.52,9.2,9.67,10.0,,9.0,9.3,,,,ALFA (1° e 2° ano),0,,,,2023,9.375,,,Completo,0.0
RA-756,ALFA,ALFA K - G0/G1,Aluno-756,,,Masculino,2022,Pública,7.0927,Ametista,,,,2.0,10.0,8.7,7.52,6.1,6.59,5.0,,5.4,6.8,,,,Fase 2 (5° e 6° ano),-2,,,,2023,5.625,,,Completo,0.0
RA-938,ALFA,ALFA K - G0/G1,Aluno-938,,,Masculino,2023,Pública,6.7372,Agata,,,,2.0,8.5,8.4,7.52,4.2,7.5,5.0,,0.0,8.3,,,,Fase 1 (3° e 4° ano),-1,,,,2023,6.25,,,Completo,0.0
RA-939,ALFA,ALFA L - G2/G3,Aluno-939,,,Feminino,2023,Pública,7.9742,Ametista,,,,2.0,9.0,10.0,7.52,5.4,10.01,5.0,,5.0,5.7,,,,Fase 2 (5° e 6° ano),-2,,,,2023,7.5,,,Completo,0.0
RA-789,ALFA,ALFA L - G2/G3,Aluno-789,,8.0,Feminino,2022,Pública,7.974,Ametista,,,,2.0,0.0,9.5,7.52,7.9,10.01,10.0,,8.5,7.2,,,,ALFA (1° e 2° ano),0,,,,2023,7.5,,,Completo,0.0
RA-792,ALFA,ALFA L - G2/G3,Aluno-792,,10.0,Feminino,2022,Pública,7.6267,Ametista,,,,2.0,9.0,7.7,7.52,7.2,9.085,5.0,,6.8,7.5,,,,Fase 2 (5° e 6° ano),-2,,,,2023,6.875,,,Completo,0.0
RA-940,ALFA,ALFA L - G2/G3,Aluno-940,,,Masculino,2023,Pública,6.6112,Agata,,,,2.0,9.0,8.4,2.52,6.3,7.02,5.0,,6.8,5.7,,,,Fase 2 (5° e 6° ano),-2,,,,2023,6.25,,,Completo,0.0
RA-941,ALFA,ALFA L - G2/G3,Aluno-941,,,Feminino,2023,Pública,7.6872,Ametista,,,,2.0,8.0,10.0,7.52,5.0,8.175,10.0,,5.0,5.0,,,,ALFA (1° e 2° ano),0,,,,2023,5.0,,,Completo,0.0
RA-942,ALFA,ALFA L - G2/G3,Aluno-942,,10.0,Feminino,2023,Pública,6.8547,Agata,,,,2.0,9.5,8.9,2.52,7.1,7.0,5.0,,7.3,6.8,,,,Fase 2 (5° e 6° ano),-2,,,,2023,5.625,,,Completo,0.0
RA-943,ALFA,ALFA L - G2/G3,Aluno-943,,,Feminino,2023,Pública,8.9172,Topázio,,,,2.0,9.5,9.4,7.52,8.0,9.925,10.0,,8.0,8.0,,,,ALFA (1° e 2° ano),0,,,,2023,7.5,,,Completo,0.0
RA-782,ALFA,ALFA L - G2/G3,Aluno-782,,9.0,Masculino,2022,Pública,7.6812,Ametista,,,,2.0,8.5,9.8,2.52,7.5,9.345,5.0,,8.3,6.7,,,,Fase 1 (3° e 4° ano),-1,,,,2023,7.5,,,Completo,0.0
RA-768,ALFA,ALFA L - G2/G3,Aluno-768,,,Feminino,2021,Pública,8.4042,Topázio,,,,2.0,10.0,9.1,7.52,7.9,10.01,5.0,,8.0,7.8,,,,Fase 2 (5° e 6° ano),-2,,,,2023,7.5,,,Completo,0.0
RA-794,ALFA,ALFA L - G2/G3,Aluno-794,,,Feminino,2022,Pública,7.9842,Ametista,,,,2.0,9.0,9.2,7.52,6.2,10.01,5.0,,5.2,7.2,,,,Fase 1 (3° e 4° ano),-1,,,,2023,7.5,,,Completo,0.0
RA-795,ALFA,ALFA L - G2/G3,Aluno-795,,9.0,Feminino,2022,Pública,8.4642,Topázio,,,,2.0,9.0,9.6,7.52,8.2,10.01,5.0,,8.7,7.7,,,,Fase 1 (3° e 4° ano),-1,,,,2023,7.5,,,Completo,0.0
RA-944,ALFA,ALFA M - G0/G1,Aluno-944,,9.0,Feminino,2023,Pública,7.0687,Ametista,,,,2.0,9.0,7.6,7.52,7.5,6.67,5.0,,9.2,5.8,,,,Fase 1 (3° e 4° ano),-1,,,,2023,5.625,,,Completo,0.0
RA-945,ALFA,ALFA M - G0/G1,Aluno-945,,,Masculino,2023,Pública,8.0777,Topázio,,,,2.0,8.5,9.2,7.52,7.9,6.84,10.0,,8.0,7.8,,,,ALFA (1° e 2° ano),0,,,,2023,6.875,,,Completo,0.0
RA-946,ALFA,ALFA M - G0/G1,Aluno-946,,,Masculino,2023,Pública,8.5822,Topázio,,,,2.0,9.5,9.4,7.52,9.3,7.0,10.0,,9.0,9.5,,,,ALFA (1° e 2° ano),0,,,,2023,7.5,,,Completo,0.0
RA-754,ALFA,ALFA M - G0/G1,Aluno-754,,,Masculino,2022,Pública,6.0537,Agata,,,,2.0,9.5,6.1,2.52,5.6,6.67,5.0,,5.7,5.4,,,,Fase 2 (5° e 6° ano),-2,,,,2023,6.875,,,Completo,0.0
RA-947,ALFA,ALFA M - G0/G1,Aluno-947,,,Masculino,2023,Pública,6.3457,Agata,,,,2.0,9.0,7.9,7.52,3.3,5.08,10.0,,1.7,4.9,,,,ALFA (1° e 2° ano),0,,,,2023,4.375,,,Completo,0.0
RA-948,ALFA,ALFA M - G0/G1,Aluno-948,,8.0,Feminino,2023,Pública,6.5277,Agata,,,,2.0,9.0,7.6,7.52,0.0,8.34,10.0,,0.0,0.0,,,,ALFA (1° e 2° ano),0,,,,2023,6.875,,,Completo,0.0
RA-949,ALFA,ALFA M - G0/G1,Aluno-949,,,Feminino,2023,Pública,8.0172,Topázio,,,,2.0,9.5,8.1,7.52,8.9,6.5,10.0,,9.1,8.6,,,,ALFA (1° e 2° ano),0,,,,2023,6.25,,,Completo,0.0
RA-950,ALFA,ALFA M - G0/G1,Aluno-950,,8.0,Feminino,2023,Pública,8.8862,Topázio,,,,2.0,9.0,10.0,7.52,9.3,8.17,10.0,,9.5,9.0,,,,ALFA (1° e 2° ano),0,,,,2023,7.5,,,Completo,0.0
RA-773,ALFA,ALFA M - G0/G1,Aluno-773,,9.0,Feminino,2022,Pública,6.9287,Agata,,,,2.0,10.0,7.5,2.52,7.9,7.67,5.0,,8.0,7.8,,,,Fase 1 (3° e 4° ano),-1,,,,2023,5.625,,,Completo,0.0
RA-951,ALFA,ALFA M - G0/G1,Aluno-951,,7.0,Feminino,2023,Pública,8.8902,Topázio,,,,2.0,9.5,9.7,7.52,8.4,9.09,10.0,,8.5,8.3,,,,ALFA (1° e 2° ano),0,,,,2023,7.5,,,Completo,0.0
RA-769,ALFA,ALFA N - G2/G3,Aluno-769,,10.0,Feminino,2022,Pública,7.85345,Ametista,,,,2.0,10.0,9.3,3.77,8.0,8.675,5.0,,8.2,7.8,,,,Fase 2 (5° e 6° ano),-2,,,,2023,7.8125,,,Completo,0.0
RA-952,ALFA,ALFA N - G2/G3,Aluno-952,,8.0,Masculino,2023,Pública,8.37095,Topázio,,,,2.0,9.5,9.2,3.77,9.0,8.425,10.0,,8.8,9.2,,,,ALFA (1° e 2° ano),0,,,,2023,7.1875,,,Completo,0.0
RA-826,ALFA,ALFA N - G2/G3,Aluno-826,,,Masculino,2022,Pública,7.77645,Ametista,,,,2.0,10.0,10.0,3.77,7.3,8.34,5.0,,7.0,7.5,,,,Fase 1 (3° e 4° ano),-1,,,,2023,7.8125,,,Completo,0.0
RA-953,ALFA,ALFA N - G2/G3,Aluno-953,,,Feminino,2023,Pública,7.54005,Ametista,,,,2.0,7.4,8.8,3.14,8.3,7.09,10.0,,8.5,8.0,,,,ALFA (1° e 2° ano),0,,,,2023,6.5625,,,Completo,0.0
RA-954,ALFA,ALFA N - G2/G3,Aluno-954,,8.0,Feminino,2023,Pública,6.82375,Agata,,,,2.0,0.0,8.3,3.14,7.7,8.005,10.0,,7.8,7.5,,,,ALFA (1° e 2° ano),0,,,,2023,7.1875,,,Completo,0.0
RA-780,ALFA,ALFA N - G2/G3,Aluno-780,,10.0,Feminino,2022,Pública,7.7842,Ametista,,,,2.0,9.5,8.8,3.14,8.3,8.675,5.0,,8.0,8.5,,,,Fase 2 (5° e 6° ano),-2,,,,2023,8.75,,,Completo,0.0
RA-955,ALFA,ALFA N - G2/G3,Aluno-955,,10.0,Feminino,2023,Pública,7.1297,Ametista,,,,2.0,9.0,8.8,3.14,7.8,7.09,5.0,,8.0,7.5,,,,Fase 2 (5° e 6° ano),-2,,,,2023,6.875,,,Completo,0.0
RA-831,ALFA,ALFA N - G2/G3,Aluno-831,,9.0,Masculino,2022,Pública,7.71645,Ametista,,,,2.0,8.0,9.4,3.77,8.3,8.59,5.0,,8.8,7.8,,,,Fase 1 (3° e 4° ano),-1,,,,2023,7.8125,,,Completo,0.0
RA-783,ALFA,ALFA N - G2/G3,Aluno-783,,,Masculino,2021,Pública,7.2922,Ametista,,,,2.0,9.5,6.8,3.77,8.9,7.925,5.0,,9.0,8.7,,,,Fase 1 (3° e 4° ano),-1,,,,2023,7.5,,,Completo,0.0
RA-774,ALFA,ALFA N - G2/G3,Aluno-774,,,Feminino,2022,Pública,5.852,Quartzo,,,,2.0,0.0,9.5,3.14,6.9,6.34,5.0,,7.7,6.0,,,,Fase 1 (3° e 4° ano),-1,,,,2023,5.0,,,Completo,0.0
RA-748,ALFA,ALFA O - G2/G3,Aluno-748,,,Masculino,2022,Pública,8.7142,Topázio,,,,2.0,9.5,9.7,7.52,9.1,10.01,5.0,,9.0,9.2,,,,Fase 2 (5° e 6° ano),-2,,,,2023,7.5,,,Completo,0.0
RA-749,ALFA,ALFA O - G2/G3,Aluno-749,,9.0,Masculino,2022,Pública,7.7597,Ametista,,,,2.0,10.0,9.0,7.52,7.3,8.425,5.0,,7.3,7.3,,,,Fase 1 (3° e 4° ano),-1,,,,2023,5.625,,,Completo,0.0
RA-956,ALFA,ALFA O - G2/G3,Aluno-956,,11.0,Masculino,2023,Pública,7.7312,Ametista,,,,2.0,8.0,7.5,7.52,7.8,9.345,5.0,,7.8,7.8,,,,Fase 2 (5° e 6° ano),-2,,,,2023,7.5,,,Completo,0.0
RA-787,ALFA,ALFA O - G2/G3,Aluno-787,,,Masculino,2022,Pública,7.5227,Ametista,,,,2.0,9.0,9.8,7.52,5.9,8.34,5.0,,6.0,5.8,,,,Fase 1 (3° e 4° ano),-1,,,,2023,5.625,,,Completo,0.0
RA-957,ALFA,ALFA O - G2/G3,Aluno-957,,,Feminino,2023,Pública,9.1672,Topázio,,,,2.0,10.0,9.3,7.52,9.1,9.925,10.0,,9.0,9.2,,,,ALFA (1° e 2° ano),0,,,,2023,7.5,,,Completo,0.0
RA-753,ALFA,ALFA O - G2/G3,Aluno-753,,,Feminino,2022,Pública,8.6672,Topázio,,,,2.0,9.0,9.9,7.52,9.0,9.925,5.0,,9.0,9.0,,,,Fase 1 (3° e 4° ano),-1,,,,2023,7.5,,,Completo,0.0
RA-958,ALFA,ALFA O - G2/G3,Aluno-958,,,Feminino,2023,Pública,9.2902,Topázio,,,,2.0,10.0,9.8,7.52,9.3,9.84,10.0,,9.3,9.3,,,,ALFA (1° e 2° ano),0,,,,2023,7.5,,,Completo,0.0
RA-755,ALFA,ALFA O - G2/G3,Aluno-755,,9.0,Masculino,2022,Pública,8.7442,Topázio,,,,2.0,10.0,9.5,7.52,9.2,10.01,5.0,,9.2,9.2,,,,Fase 1 (3° e 4° ano),-1,,,,2023,7.5,,,Completo,0.0
RA-763,ALFA,ALFA O - G2/G3,Aluno-763,,10.0,Feminino,2021,Pública,6.7215,Agata,,,,2.0,0.0,9.2,3.14,7.9,9.0,5.0,,7.8,8.0,,,,Fase 2 (5° e 6° ano),-2,,,,2023,6.875,,,Completo,0.0
RA-757,ALFA,ALFA O - G2/G3,Aluno-757,,10.0,Feminino,2022,Pública,8.6742,Topázio,,,,2.0,9.0,9.6,7.52,9.3,10.01,5.0,,9.5,9.0,,,,Fase 2 (5° e 6° ano),-2,,,,2023,7.5,,,Completo,0.0
RA-959,ALFA,ALFA O - G2/G3,Aluno-959,,8.0,Masculino,2023,Pública,8.6677,Topázio,,,,2.0,10.0,9.6,7.52,7.7,8.84,10.0,,7.7,7.7,,,,ALFA (1° e 2° ano),0,,,,2023,6.875,,,Completo,0.0
RA-960,ALFA,ALFA O - G2/G3,Aluno-960,,10.0,Masculino,2023,Pública,7.0847,Ametista,,,,2.0,8.5,10.0,7.52,6.3,5.85,5.0,,6.5,6.0,,,,Fase 2 (5° e 6° ano),-2,,,,2023,5.625,,,Completo,0.0
RA-961,ALFA,ALFA O - G2/G3,Aluno-961,,9.0,Masculino,2023,Pública,5.99625,Quartzo,,,,2.0,0.0,8.7,2.52,6.2,8.665,5.0,,6.2,6.2,,,,Fase 1 (3° e 4° ano),-1,,,,2023,5.3125,,,Completo,0.0
RA-962,ALFA,ALFA Q - G2/G3,Aluno-962,,,Feminino,2023,Pública,8.4742,Topázio,,,,2.0,9.0,9.2,7.52,8.7,10.01,5.0,,9.5,7.8,,,,Fase 1 (3° e 4° ano),-1,,,,2023,7.5,,,Completo,0.0
RA-805,ALFA,ALFA Q - G2/G3,Aluno-805,,9.0,Masculino,2021,Pública,6.492,Agata,,,,2.0,0.0,9.1,7.52,6.8,7.175,5.0,,6.8,6.8,,,,Fase 1 (3° e 4° ano),-1,,,,2023,6.25,,,Completo,0.0
RA-806,ALFA,ALFA Q - G2/G3,Aluno-806,,9.0,Masculino,2022,Pública,7.2937,Ametista,,,,2.0,8.5,8.3,6.27,7.8,7.095,5.0,,7.8,7.7,,,,Fase 1 (3° e 4° ano),-1,,,,2023,6.875,,,Completo,0.0
RA-807,ALFA,ALFA Q - G2/G3,Aluno-807,,9.0,Masculino,2022,Pública,7.8632,Ametista,,,,2.0,9.5,9.1,7.52,8.0,8.08,5.0,,8.3,7.7,,,,Fase 1 (3° e 4° ano),-1,,,,2023,6.25,,,Completo,0.0
RA-963,ALFA,ALFA Q - G2/G3,Aluno-963,,,Feminino,2023,Pública,8.6142,Topázio,,,,2.0,9.5,9.8,7.52,8.5,10.01,5.0,,8.3,8.7,,,,Fase 1 (3° e 4° ano),-1,,,,2023,7.5,,,Completo,0.0
RA-964,ALFA,ALFA Q - G2/G3,Aluno-964,,9.0,Masculino,2023,Pública,7.7997,Ametista,,,,2.0,8.5,9.4,7.52,7.2,8.5,5.0,,7.3,7.0,,,,Fase 1 (3° e 4° ano),-1,,,,2023,6.875,,,Completo,0.0
RA-965,ALFA,ALFA Q - G2/G3,Aluno-965,,9.0,Feminino,2023,Pública,6.4832,Agata,,,,2.0,8.5,8.2,6.27,4.7,7.18,5.0,,5.3,4.0,,,,Fase 1 (3° e 4° ano),-1,,,,2023,5.0,,,Completo,0.0
RA-966,ALFA,ALFA Q - G2/G3,Aluno-966,,,Masculino,2023,Pública,7.44345,Ametista,,,,2.0,10.0,10.0,7.52,5.0,7.675,5.0,,5.0,5.0,,,,Fase 1 (3° e 4° ano),-1,,,,2023,6.5625,,,Completo,0.0
RA-967,ALFA,ALFA Q - G2/G3,Aluno-967,,,Masculino,2023,Pública,7.1347,Ametista,,,,2.0,9.5,8.0,7.52,6.5,7.35,5.0,,6.5,6.5,,,,Fase 2 (5° e 6° ano),-2,,,,2023,5.625,,,Completo,0.0
RA-968,ALFA,ALFA Q - G2/G3,Aluno-968,,,Feminino,2023,Pública,8.4942,Topázio,,,,2.0,9.0,9.7,7.52,8.3,10.01,5.0,,8.0,8.5,,,,Fase 1 (3° e 4° ano),-1,,,,2023,7.5,,,Completo,0.0
RA-812,ALFA,ALFA Q - G2/G3,Aluno-812,,8.0,Masculino,2022,Pública,8.0357,Topázio,,,,2.0,9.5,9.1,7.52,5.8,8.33,10.0,,6.3,5.3,,,,ALFA (1° e 2° ano),0,,,,2023,6.875,,,Completo,0.0
RA-969,ALFA,ALFA Q - G2/G3,Aluno-969,,8.0,Masculino,2023,Pública,7.7692,Ametista,,,,2.0,8.5,9.7,7.52,5.5,7.51,10.0,,6.0,5.0,,,,ALFA (1° e 2° ano),0,,,,2023,6.25,,,Completo,0.0
RA-970,ALFA,ALFA R - G0/G1,Aluno-970,,,Feminino,2023,Pública,8.9977,Topázio,,,,2.0,8.5,8.1,7.52,9.4,9.84,10.0,,9.2,9.5,,,,ALFA (1° e 2° ano),0,,,,2023,9.375,,,Completo,0.0
RA-971,ALFA,ALFA R - G0/G1,Aluno-971,,,Masculino,2023,Pública,7.0169,Ametista,,,,2.0,7.8,6.4,3.77,6.9,8.17,10.0,,5.5,8.3,,,,ALFA (1° e 2° ano),0,,,,2023,5.625,,,Completo,0.0
RA-972,ALFA,ALFA R - G0/G1,Aluno-972,,8.0,Masculino,2023,Pública,7.5427,Ametista,,,,2.0,9.0,9.1,3.77,6.0,7.84,10.0,,6.2,5.7,,,,ALFA (1° e 2° ano),0,,,,2023,6.875,,,Completo,0.0
RA-973,ALFA,ALFA R - G0/G1,Aluno-973,,,Masculino,2023,Pública,5.82875,Quartzo,,,,2.0,0.0,8.6,3.77,5.2,7.415,5.0,,6.2,4.1,,,,Fase 1 (3° e 4° ano),-1,,,,2023,7.1875,,,Completo,0.0
RA-974,ALFA,ALFA R - G0/G1,Aluno-974,,,Masculino,2023,Pública,8.4752,Topázio,,,,2.0,9.0,9.1,3.77,8.8,9.34,10.0,,8.8,8.8,,,,ALFA (1° e 2° ano),0,,,,2023,7.5,,,Completo,0.0
RA-975,ALFA,ALFA R - G0/G1,Aluno-975,,,Feminino,2023,Pública,7.7803,Ametista,,,,2.0,7.9,9.2,7.52,6.5,7.67,10.0,,7.2,5.8,,,,ALFA (1° e 2° ano),0,,,,2023,5.625,,,Completo,0.0
RA-976,ALFA,ALFA R - G0/G1,Aluno-976,,,Masculino,2023,Pública,8.39895,Topázio,,,,2.0,9.5,9.2,6.27,8.6,8.34,10.0,,9.0,8.2,,,,ALFA (1° e 2° ano),0,,,,2023,5.9375,,,Completo,0.0
RA-977,ALFA,ALFA R - G0/G1,Aluno-977,,7.0,Feminino,2023,Pública,7.1717,Ametista,,,,2.0,8.5,7.4,5.02,5.8,8.085,10.0,,5.7,5.9,,,,ALFA (1° e 2° ano),0,,,,2023,5.625,,,Completo,0.0
RA-978,ALFA,ALFA R - G0/G1,Aluno-978,,,Feminino,2023,Pública,8.3877,Topázio,,,,2.0,9.0,9.8,3.77,8.6,9.34,10.0,,8.7,8.5,,,,ALFA (1° e 2° ano),0,,,,2023,5.625,,,Completo,0.0
RA-979,ALFA,ALFA S - G2/G3,Aluno-979,,8.0,Masculino,2023,Pública,8.1617,Topázio,,,,2.0,9.5,9.6,6.27,6.0,9.51,10.0,,6.0,6.0,,,,ALFA (1° e 2° ano),0,,,,2023,5.625,,,Completo,0.0
RA-980,ALFA,ALFA S - G2/G3,Aluno-980,,8.0,Feminino,2023,Pública,7.1425,Ametista,,,,2.0,0.0,9.8,5.02,6.3,9.34,10.0,,6.5,6.0,,,,ALFA (1° e 2° ano),0,,,,2023,5.625,,,Completo,0.0
RA-808,ALFA,ALFA S - G2/G3,Aluno-808,,9.0,Masculino,2022,Pública,8.1932,Topázio,,,,2.0,10.0,10.0,2.52,8.7,9.755,5.0,,8.7,8.7,,,,Fase 1 (3° e 4° ano),-1,,,,2023,7.5,,,Completo,0.0
RA-981,ALFA,ALFA S - G2/G3,Aluno-981,,7.0,Feminino,2023,Pública,7.5367,Ametista,,,,2.0,9.5,9.1,2.52,5.8,9.01,10.0,,5.7,5.8,,,,ALFA (1° e 2° ano),0,,,,2023,5.625,,,Completo,0.0
RA-982,ALFA,ALFA S - G2/G3,Aluno-982,,7.0,Masculino,2023,Pública,7.1215,Ametista,,,,2.0,0.0,9.1,2.52,8.6,8.835,10.0,,8.7,8.5,,,,ALFA (1° e 2° ano),0,,,,2023,5.625,,,Completo,0.0
RA-983,ALFA,ALFA S - G2/G3,Aluno-983,,8.0,Masculino,2023,Pública,8.3502,Topázio,,,,2.0,8.5,9.9,2.52,8.8,9.415,10.0,,8.8,8.8,,,,ALFA (1° e 2° ano),0,,,,2023,6.25,,,Completo,0.0
RA-984,ALFA,ALFA S - G2/G3,Aluno-984,,8.0,Feminino,2023,Pública,8.8177,Topázio,,,,2.0,8.0,9.8,7.52,8.3,9.84,10.0,,8.3,8.2,,,,ALFA (1° e 2° ano),0,,,,2023,6.875,,,Completo,0.0
RA-985,ALFA,ALFA S - G2/G3,Aluno-985,,8.0,Masculino,2023,Pública,7.6247,Ametista,,,,2.0,9.0,9.3,2.52,6.8,8.5,10.0,,7.3,6.2,,,,ALFA (1° e 2° ano),0,,,,2023,5.625,,,Completo,0.0
RA-986,ALFA,ALFA S - G2/G3,Aluno-986,,8.0,Feminino,2023,Pública,8.0107,Topázio,,,,2.0,9.5,9.1,2.52,8.3,8.83,10.0,,8.3,8.3,,,,ALFA (1° e 2° ano),0,,,,2023,5.625,,,Completo,0.0
RA-987,ALFA,ALFA S - G2/G3,Aluno-987,,8.0,Masculino,2023,Pública,7.6765,Ametista,,,,2.0,0.0,9.8,6.27,7.3,9.76,10.0,,7.5,7.0,,,,ALFA (1° e 2° ano),0,,,,2023,6.875,,,Completo,0.0
RA-988,ALFA,ALFA S - G2/G3,Aluno-988,,,Feminino,2023,Pública,7.9568,Ametista,,,,2.0,7.9,8.1,7.52,8.5,9.84,5.0,,8.5,8.5,,,,Fase 1 (3° e 4° ano),-1,,,,2023,6.25,,,Completo,0.0
RA-989,ALFA,ALFA S - G2/G3,Aluno-989,,9.0,Masculino,2023,Pública,7.7242,Ametista,,,,2.0,9.5,8.1,2.52,8.3,10.01,5.0,,8.7,7.8,,,,Fase 1 (3° e 4° ano),-1,,,,2023,7.5,,,Completo,0.0
RA-677,ALFA,ALFA T - G2/G3,Aluno-677,,9.0,Feminino,2021,Pública,8.5257,Topázio,,,,2.0,10.0,8.2,10.0,8.7,9.84,5.0,,9.0,8.3,,,,Fase 1 (3° e 4° ano),-1,,,,2023,6.875,,,Completo,0.0
RA-990,ALFA,ALFA T - G2/G3,Aluno-990,,,Masculino,2023,Pública,7.254,Ametista,,,,2.0,0.0,8.5,7.52,7.8,10.01,5.0,,8.3,7.2,,,,Fase 1 (3° e 4° ano),-1,,,,2023,7.5,,,Completo,0.0
RA-991,ALFA,ALFA T - G2/G3,Aluno-991,,9.0,Feminino,2023,Pública,7.7687,Ametista,,,,2.0,10.0,9.1,3.14,7.7,9.585,5.0,,8.0,7.3,,,,Fase 1 (3° e 4° ano),-1,,,,2023,6.875,,,Completo,0.0
RA-992,ALFA,ALFA T - G2/G3,Aluno-992,,10.0,Masculino,2023,Pública,7.2722,Ametista,,,,2.0,9.5,8.2,3.14,8.0,8.84,5.0,,8.2,7.8,,,,Fase 2 (5° e 6° ano),-2,,,,2023,5.0,,,Completo,0.0
RA-703,ALFA,ALFA T - G2/G3,Aluno-703,,11.0,Masculino,2021,Pública,6.2737,Agata,,,,2.0,9.5,8.4,3.14,4.6,6.16,5.0,,4.8,4.3,,,,Fase 2 (5° e 6° ano),-2,,,,2023,6.875,,,Completo,0.0
RA-993,ALFA,ALFA T - G2/G3,Aluno-993,,8.0,Feminino,2023,Pública,8.7592,Topázio,,,,2.0,9.5,9.8,3.77,8.6,10.01,10.0,,8.5,8.7,,,,ALFA (1° e 2° ano),0,,,,2023,7.5,,,Completo,0.0
RA-674,ALFA,ALFA T - G2/G3,Aluno-674,,9.0,Masculino,2022,Pública,6.6328,Agata,,,,2.0,7.9,8.5,3.77,5.2,8.67,5.0,,5.3,5.0,,,,Fase 1 (3° e 4° ano),-1,,,,2023,5.0,,,Completo,0.0
RA-994,ALFA,ALFA T - G2/G3,Aluno-994,,8.0,Feminino,2023,Pública,7.4127,Ametista,,,,2.0,9.5,9.4,3.77,6.0,7.265,10.0,,6.2,5.7,,,,ALFA (1° e 2° ano),0,,,,2023,5.625,,,Completo,0.0
RA-995,ALFA,ALFA T - G2/G3,Aluno-995,,,Feminino,2023,Pública,6.4782,Agata,,,,2.0,9.5,7.9,3.77,5.1,7.18,5.0,,5.3,4.8,,,,Fase 2 (5° e 6° ano),-2,,,,2023,6.25,,,Completo,0.0
RA-996,ALFA,ALFA T - G2/G3,Aluno-996,,9.0,Masculino,2023,Pública,8.1892,Topázio,,,,2.0,10.0,9.2,3.77,8.6,10.01,5.0,,8.7,8.5,,,,Fase 1 (3° e 4° ano),-1,,,,2023,7.5,,,Completo,0.0
RA-997,ALFA,ALFA T - G2/G3,Aluno-997,,8.0,Masculino,2023,Pública,7.5687,Ametista,,,,2.0,7.5,8.7,3.77,7.1,8.595,10.0,,7.2,7.0,,,,ALFA (1° e 2° ano),0,,,,2023,5.625,,,Completo,0.0
RA-998,ALFA,ALFA U - G2/G3,Aluno-998,,11.0,Feminino,2023,Pública,7.9752,Ametista,,,,2.0,9.5,9.3,3.77,7.9,9.84,5.0,,8.0,7.7,,,,Fase 2 (5° e 6° ano),-2,,,,2023,7.5,,,Completo,0.0
RA-999,ALFA,ALFA U - G2/G3,Aluno-999,,,Masculino,2023,Pública,8.0352,Topázio,,,,2.0,9.0,9.4,3.77,8.3,9.84,5.0,,8.3,8.3,,,,Fase 1 (3° e 4° ano),-1,,,,2023,7.5,,,Completo,0.0
RA-750,ALFA,ALFA U - G2/G3,Aluno-750,,,Masculino,2019,Pública,5.6857,Quartzo,,,,2.0,9.5,7.7,3.14,3.4,6.32,5.0,,3.3,3.5,,,,Fase 2 (5° e 6° ano),-2,,,,2023,4.375,,,Completo,0.0
RA-770,ALFA,ALFA U - G2/G3,Aluno-770,,,Masculino,2022,Pública,6.6785,Agata,,,,2.0,0.0,8.3,3.77,5.9,8.92,10.0,,6.0,5.7,,,,ALFA (1° e 2° ano),0,,,,2023,6.875,,,Completo,0.0
RA-771,ALFA,ALFA U - G2/G3,Aluno-771,,,Feminino,2022,Pública,7.056,Ametista,,,,2.0,0.0,8.8,3.14,8.2,8.585,10.0,,8.2,8.2,,,,ALFA (1° e 2° ano),0,,,,2023,6.25,,,Completo,0.0
RA-1000,ALFA,ALFA U - G2/G3,Aluno-1000,,8.0,Feminino,2023,Pública,7.9162,Ametista,,,,2.0,8.5,9.4,3.77,7.0,8.92,10.0,,7.0,7.0,,,,ALFA (1° e 2° ano),0,,,,2023,6.25,,,Completo,0.0
RA-830,ALFA,ALFA U - G2/G3,Aluno-830,,9.0,Feminino,2022,Pública,6.78,Agata,,,,2.0,0.0,8.9,3.14,8.3,9.505,5.0,,8.3,8.3,,,,Fase 1 (3° e 4° ano),-1,,,,2023,6.25,,,Completo,0.0
RA-1001,ALFA,ALFA U - G2/G3,Aluno-1001,,9.0,Feminino,2023,Pública,8.1162,Topázio,,,,2.0,9.0,9.1,7.52,7.8,9.17,5.0,,8.3,7.3,,,,Fase 1 (3° e 4° ano),-1,,,,2023,7.5,,,Completo,0.0
RA-1002,ALFA,ALFA U - G2/G3,Aluno-1002,,9.0,Feminino,2023,Pública,7.9012,Ametista,,,,2.0,9.0,9.7,7.52,7.0,8.92,5.0,,7.0,7.0,,,,Fase 1 (3° e 4° ano),-1,,,,2023,6.25,,,Completo,0.0
RA-1003,ALFA,ALFA V - G0/G1,Aluno-1003,,8.0,Masculino,2023,Pública,7.6522,Ametista,,,,2.0,9.0,8.5,7.52,4.0,8.75,10.0,,8.0,0.0,,,,ALFA (1° e 2° ano),0,,,,2023,7.5,,,Completo,0.0
RA-835,ALFA,ALFA V - G0/G1,Aluno-835,,8.0,Masculino,2022,Pública,8.2467,Topázio,,,,2.0,8.0,8.5,7.52,8.7,7.835,10.0,,8.5,8.9,,,,ALFA (1° e 2° ano),0,,,,2023,6.875,,,Completo,0.0
RA-1004,ALFA,ALFA V - G0/G1,Aluno-1004,,8.0,Feminino,2023,Pública,8.3137,Topázio,,,,2.0,9.0,9.6,7.52,7.9,7.42,10.0,,6.5,9.2,,,,ALFA (1° e 2° ano),0,,,,2023,6.875,,,Completo,0.0
RA-1005,ALFA,ALFA V - G0/G1,Aluno-1005,,8.0,Masculino,2023,Pública,8.4252,Topázio,,,,2.0,9.5,7.9,7.52,8.8,8.165,10.0,,8.4,9.2,,,,ALFA (1° e 2° ano),0,,,,2023,7.5,,,Completo,0.0
RA-1006,ALFA,ALFA V - G0/G1,Aluno-1006,,8.0,Feminino,2023,Pública,8.5922,Topázio,,,,2.0,9.0,9.3,7.52,8.7,8.0,10.0,,8.7,8.6,,,,ALFA (1° e 2° ano),0,,,,2023,7.5,,,Completo,0.0
RA-705,ALFA,ALFA V - G0/G1,Aluno-705,,10.0,Masculino,2022,Pública,6.982,Agata,,,,2.0,0.0,8.3,6.89,8.8,8.165,5.0,,8.9,8.6,,,,Fase 2 (5° e 6° ano),-2,,,,2023,7.5,,,Completo,0.0
RA-1007,ALFA,ALFA V - G0/G1,Aluno-1007,,,Masculino,2023,Pública,8.0782,Topázio,,,,2.0,9.0,7.4,7.52,8.3,7.68,10.0,,8.1,8.5,,,,ALFA (1° e 2° ano),0,,,,2023,7.5,,,Completo,0.0
RA-1008,ALFA,ALFA V - G0/G1,Aluno-1008,,8.0,Masculino,2023,Pública,8.13595,Topázio,,,,2.0,9.0,8.6,7.52,8.4,7.5,10.0,,7.5,9.2,,,,ALFA (1° e 2° ano),0,,,,2023,5.9375,,,Completo,0.0
RA-729,ALFA,ALFA V - G0/G1,Aluno-729,,,Feminino,2022,Pública,7.26545,Ametista,,,,2.0,8.0,9.1,3.77,8.6,7.01,5.0,,8.2,8.9,,,,Fase 1 (3° e 4° ano),-1,,,,2023,6.5625,,,Completo,0.0
RA-1009,ALFA,ALFA Y - G0/G1,Aluno-1009,,8.0,Masculino,2023,Pública,7.245,Ametista,,,,2.0,0.0,9.0,3.77,8.8,7.84,10.0,,8.3,9.2,,,,ALFA (1° e 2° ano),0,,,,2023,7.5,,,Completo,0.0
RA-1010,ALFA,ALFA Y - G0/G1,Aluno-1010,,8.0,Masculino,2023,Pública,8.70645,Topázio,,,,2.0,9.5,10.0,3.77,9.4,8.59,10.0,,9.0,9.8,,,,ALFA (1° e 2° ano),0,,,,2023,7.8125,,,Completo,0.0
RA-1011,ALFA,ALFA Y - G0/G1,Aluno-1011,,,Masculino,2023,Pública,7.33095,Ametista,,,,2.0,9.5,8.6,3.77,5.2,7.675,10.0,,5.5,4.8,,,,ALFA (1° e 2° ano),0,,,,2023,7.1875,,,Completo,0.0
RA-1012,ALFA,ALFA Y - G0/G1,Aluno-1012,,8.0,Feminino,2023,Pública,7.96495,Ametista,,,,2.0,10.0,9.9,3.77,6.6,7.845,10.0,,7.0,6.2,,,,ALFA (1° e 2° ano),0,,,,2023,7.1875,,,Completo,0.0
RA-1013,ALFA,ALFA Y - G0/G1,Aluno-1013,,7.0,Masculino,2023,Pública,7.6237,Ametista,,,,2.0,9.0,9.6,4.39,8.3,5.76,10.0,,7.0,9.5,,,,ALFA (1° e 2° ano),0,,,,2023,5.625,,,Completo,0.0
RA-1014,ALFA,ALFA Y - G0/G1,Aluno-1014,,,Feminino,2023,Pública,8.2582,Topázio,,,,2.0,9.0,9.7,3.77,8.2,8.255,10.0,,7.7,8.7,,,,ALFA (1° e 2° ano),0,,,,2023,7.5,,,Completo,0.0
RA-1015,FASE 1,1A,Aluno-1015,,10.0,Feminino,2023,Pública,7.538908333,Ametista,,,,3.0,10.0,9.3,6.27,6.3,7.786666667,5.0,,5.0,7.6,,,,Fase 2 (5° e 6° ano),-1,,,,2023,7.34375,,,Completo,1.0
RA-734,FASE 1,1A,Aluno-734,,11.0,Feminino,2022,Pública,7.305908333,Ametista,,,,3.0,8.5,8.0,7.52,6.9,7.446666667,5.0,,6.8,7.0,,,,Fase 2 (5° e 6° ano),-1,,,,2023,7.34375,,,Completo,1.0
RA-687,FASE 1,1A,Aluno-687,,10.0,Masculino,2022,Pública,7.617533333,Ametista,,,,3.0,8.0,9.0,7.52,6.9,8.226666667,5.0,,6.7,7.0,,,,Fase 2 (5° e 6° ano),-1,,,,2023,7.5,,,Completo,1.0
RA-1016,FASE 1,1A,Aluno-1016,,10.0,Feminino,2023,Pública,7.762575,Ametista,,,,3.0,10.0,9.5,7.52,6.7,7.73,5.0,,5.8,7.5,,,,Fase 2 (5° e 6° ano),-1,,,,2023,7.34375,,,Completo,1.0
RA-1017,FASE 1,1A,Aluno-1017,,,Masculino,2023,Pública,6.505333333,Agata,,,,3.0,0.0,8.0,5.02,7.7,8.116666667,5.0,,7.0,8.3,,,,Fase 2 (5° e 6° ano),-1,,,,2023,7.5,,,Completo,1.0
RA-688,FASE 1,1A,Aluno-688,,10.0,Masculino,2022,Pública,8.0442,Topázio,,,,3.0,8.5,9.3,7.52,8.6,8.06,5.0,,8.2,9.0,,,,Fase 2 (5° e 6° ano),-1,,,,2023,7.5,,,Completo,1.0
RA-1018,FASE 1,1A,Aluno-1018,,,Masculino,2023,Pública,6.824,Agata,,,,3.0,0.0,8.5,5.02,6.3,8.06,10.0,,5.8,6.8,,,,Fase 1 (3° e 4° ano),0,,,,2023,7.5,,,Completo,1.0
RA-696,FASE 1,1A,Aluno-696,,,Feminino,2021,Pública,7.172666667,Ametista,,,,3.0,0.0,9.4,5.02,6.7,8.503333333,10.0,,5.2,8.2,,,,Fase 1 (3° e 4° ano),0,,,,2023,7.5,,,Completo,1.0
RA-1019,FASE 1,1A,Aluno-1019,,8.0,Feminino,2023,Pública,7.177033333,Ametista,,,,3.0,7.5,9.1,5.02,4.3,7.836666667,10.0,,0.5,8.0,,,,ALFA (1° e 2° ano),1,,,,2023,6.875,,,Completo,1.0
RA-514,FASE 1,1A,Aluno-514,,,Feminino,2022,Pública,5.823133333,Quartzo,,,,3.0,7.9,7.5,2.52,5.5,5.896666667,5.0,,4.2,6.8,,,,Fase 2 (5° e 6° ano),-1,,,,2023,5.0,,,Completo,1.0
RA-1020,FASE 1,1A,Aluno-1020,,9.0,Feminino,2023,Pública,7.612283333,Ametista,,,,3.0,10.0,9.1,2.52,6.1,8.056666667,10.0,,4.3,7.8,,,,Fase 1 (3° e 4° ano),0,,,,2023,7.1875,,,Completo,1.0
RA-1021,FASE 1,1A,Aluno-1021,,,Masculino,2023,Pública,6.964616667,Agata,,,,3.0,8.0,9.2,3.77,3.3,7.893333333,10.0,,2.5,4.0,,,,Fase 1 (3° e 4° ano),0,,,,2023,7.1875,,,Completo,1.0
RA-1022,FASE 1,1A,Aluno-1022,,9.0,Masculino,2023,Pública,7.164616667,Ametista,,,,3.0,8.5,8.5,3.77,4.7,7.893333333,10.0,,4.7,4.7,,,,Fase 1 (3° e 4° ano),0,,,,2023,7.1875,,,Completo,1.0
RA-1023,FASE 1,1A,Aluno-1023,,,Feminino,2023,Pública,9.1342,Topázio,,,,3.0,10.0,10.0,6.27,9.1,9.06,10.0,,8.5,9.7,,,,Fase 1 (3° e 4° ano),0,,,,2023,8.75,,,Completo,1.0
RA-699,FASE 1,1A,Aluno-699,,10.0,Masculino,2022,Pública,6.389991667,Agata,,,,3.0,8.5,8.3,3.77,6.0,6.173333333,5.0,,5.7,6.2,,,,Fase 2 (5° e 6° ano),-1,,,,2023,5.78125,,,Completo,1.0
RA-480,FASE 1,1B,Aluno-480,,11.0,Feminino,2021,Pública,8.226408333,Topázio,,,,3.0,10.0,9.7,7.52,7.9,8.336666667,5.0,,7.2,8.5,,,,Fase 2 (5° e 6° ano),-1,,,,2023,7.96875,,,Completo,1.0
RA-678,FASE 1,1B,Aluno-678,,10.0,Masculino,2022,Pública,7.570158333,Ametista,,,,3.0,8.0,8.8,6.27,7.3,8.336666667,5.0,,6.8,7.7,,,,Fase 2 (5° e 6° ano),-1,,,,2023,7.65625,,,Completo,1.0
RA-1024,FASE 1,1B,Aluno-1024,,10.0,Feminino,2023,Pública,7.788875,Ametista,,,,3.0,0.0,10.0,6.27,9.8,8.95,5.0,,10.0,9.5,,,,Fase 2 (5° e 6° ano),-1,,,,2023,9.21875,,,Completo,1.0
RA-502,FASE 1,1B,Aluno-502,,9.0,Feminino,2021,Privada - Programa de Apadrinhamento,8.749075,Topázio,,,,3.0,8.5,9.8,7.52,8.0,8.95,10.0,,6.7,9.3,,,,Fase 1 (3° e 4° ano),0,,,,2023,7.96875,,,Completo,1.0
RA-1025,FASE 1,1B,Aluno-1025,,9.0,Masculino,2023,Pública,8.215158333,Topázio,,,,3.0,8.5,8.9,7.52,7.5,7.836666667,10.0,,7.5,7.5,,,,Fase 1 (3° e 4° ano),0,,,,2023,7.65625,,,Completo,1.0
RA-680,FASE 1,1B,Aluno-680,,,Feminino,2019,Pública,6.5855,Agata,,,,3.0,0.0,9.1,7.52,6.4,7.78,5.0,,5.2,7.5,,,,Fase 2 (5° e 6° ano),-1,,,,2023,6.875,,,Completo,1.0
RA-1026,FASE 1,1B,Aluno-1026,,,Feminino,2023,Pública,6.494825,Agata,,,,3.0,8.5,9.8,7.52,3.2,7.06,2.5,,2.3,4.0,,,,Fase 4 (9° ano),-3,,,,2023,6.40625,,,Completo,1.0
RA-698,FASE 1,1B,Aluno-698,,9.0,Masculino,2021,Pública,7.553616667,Ametista,,,,3.0,8.5,9.9,2.52,5.7,8.113333333,10.0,,4.3,7.0,,,,Fase 1 (3° e 4° ano),0,,,,2023,7.1875,,,Completo,1.0
RA-533,FASE 1,1B,Aluno-533,,,Masculino,2022,Pública,7.434866667,Ametista,,,,3.0,9.0,9.3,7.52,5.8,7.613333333,5.0,,4.8,6.7,,,,Fase 2 (5° e 6° ano),-1,,,,2023,7.5,,,Completo,1.0
RA-504,FASE 1,1B,Aluno-504,,9.0,Feminino,2021,Pública,8.299533333,Topázio,,,,3.0,8.0,8.3,7.52,7.9,8.836666667,10.0,,6.5,9.2,,,,Fase 1 (3° e 4° ano),0,,,,2023,7.5,,,Completo,1.0
RA-1027,FASE 1,1B,Aluno-1027,,10.0,Feminino,2023,Pública,7.748866667,Ametista,,,,3.0,9.5,9.7,7.52,6.0,8.333333333,5.0,,4.2,7.7,,,,Fase 2 (5° e 6° ano),-1,,,,2023,7.5,,,Completo,1.0
RA-529,FASE 1,1B,Aluno-529,,,Masculino,2020,Pública,7.278991667,Ametista,,,,3.0,8.0,9.6,7.52,6.8,6.893333333,5.0,,4.8,8.7,,,,Fase 3 (7° e 8° ano),-2,,,,2023,5.78125,,,Completo,1.0
RA-1028,FASE 1,1B,Aluno-1028,,11.0,Masculino,2023,Pública,6.415708333,Agata,,,,3.0,0.0,9.2,7.52,5.0,7.946666667,5.0,,5.0,5.0,,,,Fase 2 (5° e 6° ano),-1,,,,2023,7.34375,,,Completo,1.0
RA-686,FASE 1,1C,Aluno-686,,10.0,Feminino,2022,Pública,7.9642,Ametista,,,,3.0,8.5,9.0,7.52,8.0,8.56,5.0,,7.3,8.7,,,,Fase 2 (5° e 6° ano),-1,,,,2023,7.5,,,Completo,1.0
RA-1029,FASE 1,1C,Aluno-1029,,9.0,Feminino,2023,Pública,7.058533333,Ametista,,,,3.0,10.0,6.3,3.77,5.4,8.006666667,10.0,,3.5,7.2,,,,Fase 1 (3° e 4° ano),0,,,,2023,7.5,,,Completo,1.0
RA-1030,FASE 1,1C,Aluno-1030,,,Masculino,2023,Pública,7.4027,Ametista,,,,3.0,8.5,9.7,3.77,6.9,8.39,5.0,,6.2,7.5,,,,Fase 2 (5° e 6° ano),-1,,,,2023,6.875,,,Completo,1.0
RA-522,FASE 1,1C,Aluno-522,,,Masculino,2021,Pública,7.890533333,Ametista,,,,3.0,7.5,9.2,7.52,8.3,8.45,5.0,,8.3,8.2,,,,Fase 2 (5° e 6° ano),-1,,,,2023,7.083333333,,,Completo,1.0
RA-501,FASE 1,1C,Aluno-501,,10.0,Masculino,2021,Pública,8.1357,Topázio,,,,3.0,7.0,8.4,7.52,8.9,9.396666667,5.0,,9.2,8.5,,,,Fase 2 (5° e 6° ano),-1,,,,2023,8.541666667,,,Completo,1.0
RA-692,FASE 1,1C,Aluno-692,,10.0,Feminino,2021,Privada,6.588466667,Agata,,,,3.0,7.4,7.7,7.52,4.6,7.39,5.0,,2.8,6.3,,,,Fase 2 (5° e 6° ano),-1,,,,2023,6.666666667,,,Completo,1.0
RA-527,FASE 1,1C,Aluno-527,,,Feminino,2022,Pública,7.5682,Ametista,,,,3.0,9.0,9.1,7.52,6.5,7.78,5.0,,5.7,7.2,,,,Fase 2 (5° e 6° ano),-1,,,,2023,7.5,,,Completo,1.0
RA-1031,FASE 1,1D,Aluno-1031,,10.0,Masculino,2023,Pública,7.0602,Ametista,,,,3.0,8.0,8.8,7.52,5.9,7.006666667,5.0,,4.8,7.0,,,,Fase 2 (5° e 6° ano),-1,,,,2023,6.666666667,,,Completo,1.0
RA-1032,FASE 1,1D,Aluno-1032,,,Masculino,2023,Pública,7.434033333,Ametista,,,,3.0,8.5,9.5,7.52,6.0,7.563333333,5.0,,5.7,6.2,,,,Fase 2 (5° e 6° ano),-1,,,,2023,7.291666667,,,Completo,1.0
RA-1033,FASE 1,1D,Aluno-1033,,,Feminino,2023,Pública,8.126033333,Topázio,,,,3.0,9.0,8.9,7.52,7.9,9.006666667,5.0,,7.0,8.8,,,,Fase 2 (5° e 6° ano),-1,,,,2023,8.125,,,Completo,1.0
RA-1034,FASE 1,1D,Aluno-1034,,10.0,Masculino,2023,Pública,7.9642,Ametista,,,,3.0,7.5,9.0,7.52,8.3,8.393333333,5.0,,7.8,8.7,,,,Fase 2 (5° e 6° ano),-1,,,,2023,8.333333333,,,Completo,1.0
RA-1035,FASE 1,1D,Aluno-1035,,9.0,Masculino,2023,Pública,6.888833333,Agata,,,,3.0,0.0,8.3,7.52,5.8,7.78,10.0,,4.0,7.5,,,,Fase 1 (3° e 4° ano),0,,,,2023,7.708333333,,,Completo,1.0
RA-730,FASE 1,1F,Aluno-730,,10.0,Feminino,2021,Privada,7.979325,Ametista,,,,3.0,10.0,8.7,5.02,7.8,8.67,5.0,,7.8,7.7,,,,Fase 2 (5° e 6° ano),-1,,,,2023,9.53125,,,Completo,1.0
RA-855,FASE 1,1F,Aluno-855,,9.0,Feminino,2022,Pública,8.62995,Topázio,,,,3.0,9.5,10.0,7.52,6.8,8.67,10.0,,5.2,8.3,,,,Fase 1 (3° e 4° ano),0,,,,2023,8.4375,,,Completo,1.0
RA-820,FASE 1,1F,Aluno-820,,10.0,Masculino,2022,Pública,7.85605,Ametista,,,,3.0,7.9,7.4,7.52,8.9,8.28,5.0,,9.2,8.5,,,,Fase 2 (5° e 6° ano),-1,,,,2023,9.0625,,,Completo,1.0
RA-738,FASE 1,1F,Aluno-738,,,Feminino,2022,Pública,8.123283333,Topázio,,,,3.0,8.0,9.3,7.52,6.0,8.336666667,10.0,,4.2,7.8,,,,Fase 1 (3° e 4° ano),0,,,,2023,8.4375,,,Completo,1.0
RA-1036,FASE 1,1F,Aluno-1036,,11.0,Feminino,2023,Pública,6.970583333,Agata,,,,3.0,0.0,9.6,3.77,8.0,8.336666667,5.0,,9.0,7.0,,,,Fase 2 (5° e 6° ano),-1,,,,2023,9.0625,,,Completo,1.0
RA-1037,FASE 1,1F,Aluno-1037,,10.0,Masculino,2023,Pública,7.655575,Ametista,,,,3.0,9.0,8.4,7.52,6.7,8.17,5.0,,5.0,8.3,,,,Fase 2 (5° e 6° ano),-1,,,,2023,8.59375,,,Completo,1.0
RA-576,FASE 1,1F,Aluno-576,,11.0,Feminino,2022,Pública,7.984741667,Ametista,,,,3.0,9.0,9.3,5.02,8.0,8.503333333,5.0,,6.5,9.5,,,,Fase 2 (5° e 6° ano),-1,,,,2023,9.21875,,,Completo,1.0
RA-1038,FASE 1,1F,Aluno-1038,,10.0,Feminino,2023,Privada,7.736825,Ametista,,,,3.0,8.0,9.3,7.52,6.5,8.17,5.0,,7.5,5.5,,,,Fase 2 (5° e 6° ano),-1,,,,2023,8.90625,,,Completo,1.0
RA-1039,FASE 1,1F,Aluno-1039,,,Masculino,2023,Pública,7.686033333,Ametista,,,,3.0,8.0,9.9,7.52,6.2,8.056666667,5.0,,6.0,6.3,,,,Fase 3 (7° e 8° ano),-2,,,,2023,8.125,,,Completo,1.0
RA-1040,FASE 1,1F,Aluno-1040,,,Masculino,2023,Pública,7.81545,Ametista,,,,3.0,10.0,9.3,7.52,6.6,8.06,5.0,,5.8,7.3,,,,Fase 2 (5° e 6° ano),-1,,,,2023,7.8125,,,Completo,1.0
RA-1041,FASE 1,1F,Aluno-1041,,10.0,Feminino,2023,Pública,6.724116667,Agata,,,,3.0,10.0,7.2,7.52,3.3,8.003333333,5.0,,1.8,4.7,,,,Fase 2 (5° e 6° ano),-1,,,,2023,7.8125,,,Completo,1.0
RA-733,FASE 1,1G,Aluno-733,,9.0,Feminino,2022,Pública,8.3342,Topázio,,,,3.0,10.0,8.7,7.52,6.2,8.893333333,10.0,,4.3,8.0,,,,Fase 1 (3° e 4° ano),0,,,,2023,8.333333333,,,Completo,1.0
RA-837,FASE 1,1G,Aluno-837,,,Masculino,2022,Pública,8.2712,Topázio,,,,3.0,9.0,9.3,7.52,7.0,7.836666667,10.0,,6.3,7.7,,,,Fase 1 (3° e 4° ano),0,,,,2023,7.916666667,,,Completo,1.0
RA-519,FASE 1,1G,Aluno-519,,10.0,Masculino,2022,Pública,8.0177,Topázio,,,,3.0,9.0,9.9,7.52,7.4,8.223333333,5.0,,7.5,7.2,,,,Fase 2 (5° e 6° ano),-1,,,,2023,7.708333333,,,Completo,1.0
RA-521,FASE 1,1G,Aluno-521,,,Masculino,2022,Pública,6.768666667,Agata,,,,3.0,0.0,9.9,3.77,7.9,8.166666667,5.0,,7.0,8.7,,,,Fase 2 (5° e 6° ano),-1,,,,2023,7.083333333,,,Completo,1.0
RA-1042,FASE 1,1G,Aluno-1042,,,Masculino,2023,Pública,5.331166667,Quartzo,,,,3.0,0.0,6.5,3.77,4.3,7.666666667,5.0,,4.0,4.5,,,,Fase 2 (5° e 6° ano),-1,,,,2023,7.708333333,,,Completo,1.0
RA-713,FASE 1,1G,Aluno-713,,10.0,Masculino,2021,Pública,7.408033333,Ametista,,,,3.0,8.0,9.6,3.77,7.5,8.166666667,5.0,,6.7,8.2,,,,Fase 2 (5° e 6° ano),-1,,,,2023,6.875,,,Completo,1.0
RA-736,FASE 1,1G,Aluno-736,,10.0,Masculino,2022,Pública,7.600033333,Ametista,,,,3.0,8.5,9.5,6.27,6.7,8.11,5.0,,4.8,8.5,,,,Fase 2 (5° e 6° ano),-1,,,,2023,7.708333333,,,Completo,1.0
RA-1043,FASE 1,1G,Aluno-1043,,10.0,Masculino,2023,Pública,6.5447,Agata,,,,3.0,10.0,7.9,6.27,2.5,7.833333333,5.0,,2.0,3.0,,,,Fase 2 (5° e 6° ano),-1,,,,2023,7.708333333,,,Completo,1.0
RA-716,FASE 1,1G,Aluno-716,,10.0,Masculino,2022,Pública,6.813366667,Agata,,,,3.0,9.0,8.7,3.77,5.6,7.443333333,5.0,,5.0,6.2,,,,Fase 2 (5° e 6° ano),-1,,,,2023,6.875,,,Completo,1.0
RA-1044,FASE 1,1G,Aluno-1044,,10.0,Feminino,2023,Pública,7.629533333,Ametista,,,,3.0,8.0,9.7,7.52,6.1,8.336666667,5.0,,4.5,7.7,,,,Fase 2 (5° e 6° ano),-1,,,,2023,7.5,,,Completo,1.0
RA-745,FASE 1,1G,Aluno-745,,,Masculino,2021,Privada - Programa de Apadrinhamento,7.668366667,Ametista,,,,3.0,9.5,9.3,3.77,7.0,8.893333333,5.0,,5.7,8.2,,,,Fase 2 (5° e 6° ano),-1,,,,2023,8.125,,,Completo,1.0
RA-717,FASE 1,1G,Aluno-717,,11.0,Feminino,2021,Pública,6.633833333,Agata,,,,3.0,0.0,8.5,7.52,5.9,8.446666667,5.0,,5.5,6.3,,,,Fase 2 (5° e 6° ano),-1,,,,2023,8.125,,,Completo,1.0
RA-718,FASE 1,1G,Aluno-718,,,Feminino,2022,Pública,8.166866667,Topázio,,,,3.0,9.5,9.1,3.77,7.8,8.39,10.0,,6.3,9.2,,,,Fase 1 (3° e 4° ano),0,,,,2023,7.916666667,,,Completo,1.0
RA-721,FASE 1,1G,Aluno-721,,9.0,Feminino,2021,Pública,8.683366667,Topázio,,,,3.0,8.5,9.5,7.52,8.4,8.443333333,10.0,,7.5,9.3,,,,Fase 1 (3° e 4° ano),0,,,,2023,8.125,,,Completo,1.0
RA-746,FASE 1,1G,Aluno-746,,,Masculino,2022,Pública,6.517166667,Agata,,,,3.0,0.0,8.0,3.77,7.2,7.113333333,10.0,,6.0,8.3,,,,Fase 1 (3° e 4° ano),0,,,,2023,6.875,,,Completo,1.0
RA-1045,FASE 1,1H,Aluno-1045,,11.0,Feminino,2023,Pública,8.089033333,Topázio,,,,3.0,9.5,9.4,7.52,7.9,8.28,5.0,,6.8,9.0,,,,Fase 2 (5° e 6° ano),-1,,,,2023,7.708333333,,,Completo,1.0
RA-483,FASE 1,1H,Aluno-483,,12.0,Feminino,2019,Pública,6.3972,Agata,,,,3.0,9.0,6.0,2.52,5.6,8.166666667,5.0,,5.0,6.2,,,,Fase 3 (7° e 8° ano),-2,,,,2023,7.916666667,,,Completo,1.0
RA-1046,FASE 1,1H,Aluno-1046,,9.0,Masculino,2023,Pública,6.835833333,Agata,,,,3.0,0.0,8.5,3.77,6.3,8.223333333,10.0,,6.3,6.3,,,,Fase 1 (3° e 4° ano),0,,,,2023,8.541666667,,,Completo,1.0
RA-1047,FASE 1,1H,Aluno-1047,,9.0,Masculino,2023,Pública,7.848366667,Ametista,,,,3.0,10.0,8.5,3.77,6.9,7.893333333,10.0,,5.8,8.0,,,,Fase 1 (3° e 4° ano),0,,,,2023,8.125,,,Completo,1.0
RA-570,FASE 1,1H,Aluno-570,,,Feminino,2019,Pública,6.781033333,Agata,,,,3.0,8.5,7.3,3.77,5.9,8.056666667,5.0,,5.7,6.0,,,,Fase 2 (5° e 6° ano),-1,,,,2023,8.125,,,Completo,1.0
RA-1048,FASE 1,1H,Aluno-1048,,10.0,Feminino,2023,Privada,7.811366667,Ametista,,,,3.0,8.5,9.5,3.77,8.2,8.5,5.0,,7.5,8.8,,,,Fase 2 (5° e 6° ano),-1,,,,2023,8.541666667,,,Completo,1.0
RA-1049,FASE 1,1H,Aluno-1049,,10.0,Masculino,2023,Pública,7.443366667,Ametista,,,,3.0,10.0,7.7,7.52,6.3,7.943333333,5.0,,5.5,7.0,,,,Fase 2 (5° e 6° ano),-1,,,,2023,8.125,,,Completo,1.0
RA-1050,FASE 1,1H,Aluno-1050,,11.0,Masculino,2023,Pública,7.764366667,Ametista,,,,3.0,9.0,9.2,6.27,7.2,8.223333333,5.0,,6.2,8.2,,,,Fase 2 (5° e 6° ano),-1,,,,2023,8.125,,,Completo,1.0
RA-1051,FASE 1,1H,Aluno-1051,,9.0,Feminino,2023,Pública,8.534866667,Topázio,,,,3.0,8.5,8.9,6.27,8.4,8.613333333,10.0,,7.0,9.8,,,,Fase 1 (3° e 4° ano),0,,,,2023,8.75,,,Completo,1.0
RA-707,FASE 1,1H,Aluno-707,,,Feminino,2020,Pública,6.518,Agata,,,,3.0,0.0,9.8,3.77,6.5,7.946666667,5.0,,5.5,7.5,,,,Fase 2 (5° e 6° ano),-1,,,,2023,7.916666667,,,Completo,1.0
RA-1052,FASE 1,1H,Aluno-1052,,,Masculino,2023,Pública,6.960333333,Agata,,,,3.0,0.0,9.0,7.52,5.3,7.833333333,10.0,,5.0,5.5,,,,Fase 1 (3° e 4° ano),0,,,,2023,7.916666667,,,Completo,1.0
RA-580,FASE 1,1H,Aluno-580,,11.0,Feminino,2020,Pública,8.4712,Topázio,,,,3.0,8.5,9.8,7.52,9.0,8.67,5.0,,8.7,9.3,,,,Fase 2 (5° e 6° ano),-1,,,,2023,8.75,,,Completo,1.0
RA-581,FASE 1,1H,Aluno-581,,11.0,Masculino,2019,Pública,7.7167,Ametista,,,,3.0,8.0,9.8,7.52,7.9,7.393333333,5.0,,7.0,8.8,,,,Fase 2 (5° e 6° ano),-1,,,,2023,6.458333333,,,Completo,1.0
RA-735,FASE 1,1J,Aluno-735,,11.0,Feminino,2021,Pública,7.184,Ametista,,,,3.0,0.0,9.0,7.52,8.1,8.393333333,5.0,,7.7,8.5,,,,Fase 2 (5° e 6° ano),-1,,,,2023,8.333333333,,,Completo,1.0
RA-710,FASE 1,1J,Aluno-710,,,Masculino,2020,Pública,7.0582,Ametista,,,,3.0,9.5,9.0,3.77,6.5,7.113333333,5.0,,5.7,7.3,,,,Fase 2 (5° e 6° ano),-1,,,,2023,7.083333333,,,Completo,1.0
RA-712,FASE 1,1J,Aluno-712,,12.0,Masculino,2019,Pública,6.331533333,Agata,,,,3.0,9.5,5.6,3.14,6.7,6.836666667,5.0,,5.5,7.8,,,,Fase 3 (7° e 8° ano),-2,,,,2023,7.5,,,Completo,1.0
RA-549,FASE 1,1J,Aluno-549,,,Masculino,2021,Pública,7.0297,Ametista,,,,3.0,9.5,8.1,5.02,6.4,7.5,5.0,,5.5,7.2,,,,Fase 2 (5° e 6° ano),-1,,,,2023,6.875,,,Completo,1.0
RA-679,FASE 1,1J,Aluno-679,,11.0,Masculino,2020,Pública,6.138366667,Agata,,,,3.0,7.5,7.5,5.02,3.6,7.393333333,5.0,,2.0,5.2,,,,Fase 2 (5° e 6° ano),-1,,,,2023,6.875,,,Completo,1.0
RA-571,FASE 1,1J,Aluno-571,,12.0,Feminino,2019,Privada,6.6097,Agata,,,,3.0,9.0,7.9,3.77,5.0,7.616666667,5.0,,3.8,6.2,,,,Fase 3 (7° e 8° ano),-2,,,,2023,7.291666667,,,Completo,1.0
RA-714,FASE 1,1J,Aluno-714,,12.0,Masculino,2019,Pública,6.078666667,Agata,,,,3.0,0.0,8.0,3.14,7.4,7.223333333,5.0,,6.7,8.0,,,,Fase 3 (7° e 8° ano),-2,,,,2023,7.5,,,Completo,1.0
RA-737,FASE 1,1J,Aluno-737,,9.0,Feminino,2022,Pública,8.048033333,Topázio,,,,3.0,9.5,7.8,7.52,7.5,7.783333333,10.0,,7.0,8.0,,,,Fase 1 (3° e 4° ano),0,,,,2023,7.291666667,,,Completo,1.0
RA-577,FASE 1,1J,Aluno-577,,11.0,Feminino,2022,Pública,7.219366667,Ametista,,,,3.0,10.0,8.2,3.77,7.4,7.673333333,5.0,,6.5,8.3,,,,Fase 2 (5° e 6° ano),-1,,,,2023,6.875,,,Completo,1.0
RA-1053,FASE 1,1J,Aluno-1053,,9.0,Masculino,2023,Pública,7.776166667,Ametista,,,,3.0,0.0,9.1,6.27,8.6,8.616666667,10.0,,7.8,9.3,,,,Fase 1 (3° e 4° ano),0,,,,2023,8.958333333,,,Completo,1.0
RA-731,FASE 1,1J,Aluno-731,,11.0,Feminino,2019,Pública,6.7742,Agata,,,,3.0,8.5,7.6,3.14,6.8,7.45,5.0,,6.2,7.3,,,,Fase 2 (5° e 6° ano),-1,,,,2023,7.5,,,Completo,1.0
RA-552,FASE 1,1J,Aluno-552,,,Masculino,2022,Pública,5.248666667,Quartzo,,,,3.0,0.0,5.6,3.14,6.4,6.89,5.0,,6.5,6.2,,,,Fase 3 (7° e 8° ano),-2,,,,2023,6.666666667,,,Completo,1.0
RA-1054,FASE 1,1J,Aluno-1054,,,Masculino,2023,Pública,7.459533333,Ametista,,,,3.0,8.5,8.6,7.52,6.6,7.836666667,5.0,,5.0,8.2,,,,Fase 3 (7° e 8° ano),-2,,,,2023,7.5,,,Completo,1.0
RA-1055,FASE 1,1J,Aluno-1055,,11.0,Masculino,2023,Pública,5.9765,Quartzo,,,,3.0,0.0,7.2,7.52,5.5,7.276666667,5.0,,6.0,5.0,,,,Fase 2 (5° e 6° ano),-1,,,,2023,7.291666667,,,Completo,1.0
RA-597,FASE 1,1K,Aluno-597,,10.0,Masculino,2022,Pública,8.49045,Topázio,,,,3.0,10.0,9.6,7.52,8.5,8.56,5.0,,7.8,9.2,,,,Fase 2 (5° e 6° ano),-1,,,,2023,9.0625,,,Completo,1.0
RA-624,FASE 1,1K,Aluno-624,,,Masculino,2022,Pública,8.270825,Topázio,,,,3.0,9.0,9.2,7.52,8.6,8.39,5.0,,8.3,8.8,,,,Fase 2 (5° e 6° ano),-1,,,,2023,8.90625,,,Completo,1.0
RA-776,FASE 1,1K,Aluno-776,,,Feminino,2022,Privada - Programa de Apadrinhamento,5.567916667,Quartzo,,,,3.0,0.0,7.0,7.52,3.5,7.223333333,5.0,,4.2,2.7,,,,Fase 2 (5° e 6° ano),-1,,,,2023,7.8125,,,Completo,1.0
RA-600,FASE 1,1K,Aluno-600,,10.0,Feminino,2021,Pública,7.651658333,Ametista,,,,3.0,8.5,8.4,7.52,7.2,8.056666667,5.0,,6.5,7.8,,,,Fase 2 (5° e 6° ano),-1,,,,2023,8.28125,,,Completo,1.0
RA-1056,FASE 1,1K,Aluno-1056,,9.0,Masculino,2023,Pública,8.551741667,Topázio,,,,3.0,8.5,9.6,7.52,8.1,8.113333333,10.0,,7.8,8.3,,,,Fase 1 (3° e 4° ano),0,,,,2023,7.96875,,,Completo,1.0
RA-791,FASE 1,1K,Aluno-791,,,Feminino,2022,Pública,6.247916667,Agata,,,,3.0,0.0,8.1,7.52,5.3,7.723333333,5.0,,6.0,4.5,,,,Fase 3 (7° e 8° ano),-2,,,,2023,7.8125,,,Completo,1.0
RA-601,FASE 1,1K,Aluno-601,,9.0,Masculino,2021,Pública,8.955783333,Topázio,,,,3.0,9.0,10.0,7.52,8.7,8.336666667,10.0,,8.0,9.3,,,,Fase 1 (3° e 4° ano),0,,,,2023,9.0625,,,Completo,1.0
RA-762,FASE 1,1K,Aluno-762,,13.0,Masculino,2022,Pública,7.09945,Ametista,,,,3.0,10.0,9.1,3.14,5.8,7.67,5.0,,6.2,5.3,,,,Fase 3 (7° e 8° ano),-2,,,,2023,7.8125,,,Completo,1.0
RA-778,FASE 1,1K,Aluno-778,,,Feminino,2021,Pública,7.926825,Ametista,,,,3.0,8.5,7.9,7.52,8.2,8.62,5.0,,7.3,9.0,,,,Fase 2 (5° e 6° ano),-1,,,,2023,8.90625,,,Completo,1.0
RA-628,FASE 1,1K,Aluno-628,,12.0,Masculino,2022,Pública,8.370325,Topázio,,,,3.0,9.5,8.9,7.52,9.4,8.45,5.0,,9.0,9.7,,,,Fase 3 (7° e 8° ano),-2,,,,2023,8.28125,,,Completo,1.0
RA-606,FASE 1,1K,Aluno-606,,10.0,Masculino,2022,Pública,7.402491667,Ametista,,,,3.0,8.5,8.5,7.52,6.0,8.223333333,5.0,,4.7,7.2,,,,Fase 2 (5° e 6° ano),-1,,,,2023,7.65625,,,Completo,1.0
RA-766,FASE 1,1K,Aluno-766,,11.0,Feminino,2020,Pública,8.008408333,Topázio,,,,3.0,10.0,8.7,4.39,8.7,8.336666667,5.0,,9.2,8.2,,,,Fase 2 (5° e 6° ano),-1,,,,2023,9.21875,,,Completo,1.0
RA-607,FASE 1,1K,Aluno-607,,11.0,Masculino,2022,Pública,7.333075,Ametista,,,,3.0,8.0,7.5,7.52,6.8,8.17,5.0,,4.8,8.7,,,,Fase 2 (5° e 6° ano),-1,,,,2023,7.96875,,,Completo,1.0
RA-608,FASE 1,1K,Aluno-608,,10.0,Masculino,2022,Pública,7.401741667,Ametista,,,,3.0,10.0,7.5,7.52,6.2,8.113333333,5.0,,6.0,6.3,,,,Fase 2 (5° e 6° ano),-1,,,,2023,7.96875,,,Completo,1.0
RA-788,FASE 1,1K,Aluno-788,,,Masculino,2021,Pública,7.806091667,Ametista,,,,3.0,7.9,9.8,2.52,6.9,8.283333333,10.0,,6.0,7.8,,,,Fase 1 (3° e 4° ano),0,,,,2023,7.65625,,,Completo,1.0
RA-784,FASE 1,1L,Aluno-784,,10.0,Feminino,2022,Pública,8.171366667,Topázio,,,,3.0,10.0,9.5,7.52,7.3,8.783333333,5.0,,6.5,8.0,,,,Fase 2 (5° e 6° ano),-1,,,,2023,8.125,,,Completo,1.0
RA-785,FASE 1,1L,Aluno-785,,10.0,Feminino,2022,Pública,8.137866667,Topázio,,,,3.0,9.0,8.5,7.52,8.8,8.67,5.0,,8.2,9.4,,,,Fase 2 (5° e 6° ano),-1,,,,2023,7.916666667,,,Completo,1.0
RA-587,FASE 1,1L,Aluno-587,,,Masculino,2022,Pública,6.032033333,Agata,,,,3.0,8.5,7.0,7.52,2.7,6.72,5.0,,2.2,3.2,,,,Fase 2 (5° e 6° ano),-1,,,,2023,6.458333333,,,Completo,1.0
RA-790,FASE 1,1L,Aluno-790,,,Masculino,2022,Pública,6.707666667,Agata,,,,3.0,0.0,8.1,7.52,7.4,8.286666667,5.0,,7.2,7.5,,,,Fase 3 (7° e 8° ano),-2,,,,2023,7.083333333,,,Completo,1.0
RA-663,FASE 1,1L,Aluno-663,,11.0,Masculino,2022,Pública,6.969133333,Agata,,,,3.0,6.9,7.4,7.52,7.0,7.393333333,5.0,,6.7,7.3,,,,Fase 2 (5° e 6° ano),-1,,,,2023,6.666666667,,,Completo,1.0
RA-664,FASE 1,1L,Aluno-664,,11.0,Feminino,2022,Pública,8.0872,Topázio,,,,3.0,9.0,9.6,7.52,8.0,8.116666667,5.0,,8.0,8.0,,,,Fase 2 (5° e 6° ano),-1,,,,2023,7.916666667,,,Completo,1.0
RA-761,FASE 1,1L,Aluno-761,,10.0,Masculino,2022,Pública,8.219533333,Topázio,,,,3.0,9.0,9.7,7.52,8.4,8.12,5.0,,8.7,8.0,,,,Fase 2 (5° e 6° ano),-1,,,,2023,8.333333333,,,Completo,1.0
RA-1057,FASE 1,1L,Aluno-1057,,9.0,Feminino,2023,Pública,8.4827,Topázio,,,,3.0,10.0,10.0,7.52,6.3,8.34,10.0,,6.5,6.0,,,,Fase 1 (3° e 4° ano),0,,,,2023,8.125,,,Completo,1.0
RA-629,FASE 1,1L,Aluno-629,,10.0,Feminino,2022,Pública,8.013866667,Topázio,,,,3.0,10.0,9.4,7.52,7.5,7.95,5.0,,7.0,8.0,,,,Fase 2 (5° e 6° ano),-1,,,,2023,7.916666667,,,Completo,1.0
RA-832,FASE 1,1L,Aluno-832,,10.0,Masculino,2022,Pública,8.2697,Topázio,,,,3.0,10.0,9.5,7.52,8.5,8.283333333,5.0,,9.2,7.7,,,,Fase 2 (5° e 6° ano),-1,,,,2023,7.708333333,,,Completo,1.0
RA-594,FASE 1,1L,Aluno-594,,11.0,Masculino,2022,Pública,6.702033333,Agata,,,,3.0,8.5,7.1,6.27,5.8,7.336666667,5.0,,6.2,5.3,,,,Fase 2 (5° e 6° ano),-1,,,,2023,6.875,,,Completo,1.0
RA-617,FASE 1,1L,Aluno-617,,11.0,Feminino,2021,Pública,6.816166667,Agata,,,,3.0,0.0,9.0,7.52,6.9,8.116666667,5.0,,5.5,8.2,,,,Fase 2 (5° e 6° ano),-1,,,,2023,7.708333333,,,Completo,1.0
RA-767,FASE 1,1L,Aluno-767,,11.0,Masculino,2021,Pública,7.3807,Ametista,,,,3.0,10.0,8.3,7.52,6.3,7.446666667,5.0,,6.5,6.0,,,,Fase 2 (5° e 6° ano),-1,,,,2023,7.291666667,,,Completo,1.0
RA-1058,FASE 1,1L,Aluno-1058,,,Feminino,2023,Pública,7.356533333,Ametista,,,,3.0,10.0,8.7,3.14,5.4,7.62,10.0,,4.0,6.7,,,,Fase 1 (3° e 4° ano),0,,,,2023,7.083333333,,,Completo,1.0
RA-747,FASE 1,1L,Aluno-747,,11.0,Feminino,2022,Pública,6.026366667,Agata,,,,3.0,10.0,8.0,3.14,3.1,6.94,5.0,,1.2,5.0,,,,Fase 2 (5° e 6° ano),-1,,,,2023,6.041666667,,,Completo,1.0
RA-827,FASE 1,1M,Aluno-827,,,Feminino,2022,Pública,7.419925,Ametista,,,,3.0,7.9,8.1,3.14,8.1,8.73,5.0,,7.7,8.5,,,,Fase 2 (5° e 6° ano),-1,,,,2023,8.28125,,,Completo,1.0
RA-1059,FASE 1,1M,Aluno-1059,,,Masculino,2023,Pública,7.763741667,Ametista,,,,3.0,10.0,9.8,2.52,7.6,8.673333333,5.0,,6.2,9.0,,,,Fase 2 (5° e 6° ano),-1,,,,2023,7.96875,,,Completo,1.0
RA-612,FASE 1,1M,Aluno-612,,11.0,Feminino,2021,Privada - Programa de Apadrinhamento,8.410783333,Topázio,,,,3.0,9.0,9.7,3.77,9.7,9.286666667,5.0,,9.3,10.0,,,,Fase 2 (5° e 6° ano),-1,,,,2023,9.0625,,,Completo,1.0
RA-1060,FASE 1,1M,Aluno-1060,,,Masculino,2023,Pública,7.095741667,Ametista,,,,3.0,9.0,8.6,3.14,5.7,8.673333333,5.0,,4.3,7.0,,,,Fase 2 (5° e 6° ano),-1,,,,2023,7.96875,,,Completo,1.0
RA-665,FASE 1,1M,Aluno-665,,,Feminino,2022,Pública,6.185658333,Agata,,,,3.0,9.5,4.9,2.52,5.2,8.226666667,5.0,,5.0,5.3,,,,Fase 2 (5° e 6° ano),-1,,,,2023,8.28125,,,Completo,1.0
RA-829,FASE 1,1M,Aluno-829,,9.0,Feminino,2022,Pública,8.532075,Topázio,,,,3.0,9.0,9.4,3.14,8.4,9.23,10.0,,7.5,9.2,,,,Fase 1 (3° e 4° ano),0,,,,2023,9.21875,,,Completo,1.0
RA-1061,FASE 1,1M,Aluno-1061,,10.0,Masculino,2023,Pública,8.196533333,Topázio,,,,3.0,9.5,9.7,3.14,9.3,8.836666667,5.0,,8.8,9.7,,,,Fase 2 (5° e 6° ano),-1,,,,2023,8.75,,,Completo,1.0
RA-1062,FASE 1,1M,Aluno-1062,,,Masculino,2023,Pública,7.448841667,Ametista,,,,3.0,7.4,7.7,3.77,6.2,8.503333333,10.0,,4.8,7.5,,,,Fase 1 (3° e 4° ano),0,,,,2023,8.59375,,,Completo,1.0
RA-615,FASE 1,1M,Aluno-615,,,Feminino,2020,Pública,7.815658333,Ametista,,,,3.0,10.0,9.7,3.14,7.6,8.616666667,5.0,,6.8,8.3,,,,Fase 2 (5° e 6° ano),-1,,,,2023,8.28125,,,Completo,1.0
RA-833,FASE 1,1M,Aluno-833,,,Masculino,2022,Pública,7.81295,Ametista,,,,3.0,10.0,9.5,3.77,7.4,8.56,5.0,,7.3,7.5,,,,Fase 2 (5° e 6° ano),-1,,,,2023,8.4375,,,Completo,1.0
RA-630,FASE 1,1M,Aluno-630,,10.0,Masculino,2022,Pública,7.199991667,Ametista,,,,3.0,9.0,8.6,3.77,5.7,8.673333333,5.0,,4.2,7.2,,,,Fase 2 (5° e 6° ano),-1,,,,2023,8.28125,,,Completo,1.0
RA-752,FASE 1,1N,Aluno-752,,11.0,Feminino,2022,Pública,8.073825,Topázio,,,,3.0,9.5,9.9,7.52,6.4,9.23,5.0,,4.8,8.0,,,,Fase 2 (5° e 6° ano),-1,,,,2023,7.65625,,,Completo,1.0
RA-777,FASE 1,1N,Aluno-777,,,Feminino,2022,Pública,7.468125,Ametista,,,,3.0,0.0,9.3,7.52,6.3,8.84,10.0,,5.3,7.3,,,,Fase 1 (3° e 4° ano),0,,,,2023,8.28125,,,Completo,1.0
RA-1063,FASE 1,1N,Aluno-1063,,,Masculino,2023,Privada - Programa de Apadrinhamento,7.490825,Ametista,,,,3.0,9.5,9.5,7.52,5.9,7.89,5.0,,4.7,7.0,,,,Fase 2 (5° e 6° ano),-1,,,,2023,6.40625,,,Completo,1.0
RA-764,FASE 1,1N,Aluno-764,,,Masculino,2022,Pública,7.682125,Ametista,,,,3.0,0.0,9.2,7.52,7.8,8.56,10.0,,6.0,9.5,,,,Fase 1 (3° e 4° ano),0,,,,2023,8.28125,,,Completo,1.0
RA-1064,FASE 1,1N,Aluno-1064,,10.0,Masculino,2023,Pública,8.4777,Topázio,,,,3.0,8.5,9.8,7.52,8.6,8.84,5.0,,8.3,8.8,,,,Fase 2 (5° e 6° ano),-1,,,,2023,9.375,,,Completo,1.0
RA-1065,FASE 1,1N,Aluno-1065,,,Feminino,2023,Pública,8.03395,Topázio,,,,3.0,8.5,9.6,7.52,7.0,8.84,5.0,,7.7,6.3,,,,Fase 2 (5° e 6° ano),-1,,,,2023,8.4375,,,Completo,1.0
RA-772,FASE 1,1N,Aluno-772,,12.0,Masculino,2021,Pública,5.930166667,Quartzo,,,,3.0,0.0,7.2,7.52,4.8,8.003333333,5.0,,5.2,4.3,,,,Fase 3 (7° e 8° ano),-2,,,,2023,6.875,,,Completo,1.0
RA-781,FASE 1,1N,Aluno-781,,10.0,Feminino,2021,Pública,8.209283333,Topázio,,,,3.0,7.5,9.8,7.52,7.9,9.116666667,5.0,,7.0,8.8,,,,Fase 2 (5° e 6° ano),-1,,,,2023,8.4375,,,Completo,1.0
RA-1066,FASE 1,1N,Aluno-1066,,10.0,Feminino,2023,Pública,7.262616667,Ametista,,,,3.0,8.5,6.6,7.52,6.2,8.783333333,5.0,,4.2,8.2,,,,Fase 2 (5° e 6° ano),-1,,,,2023,8.4375,,,Completo,1.0
RA-1067,FASE 1,1N,Aluno-1067,,10.0,Masculino,2023,Pública,6.541458333,Agata,,,,3.0,0.0,7.9,7.52,5.4,9.006666667,5.0,,4.5,6.3,,,,Fase 2 (5° e 6° ano),-1,,,,2023,8.28125,,,Completo,1.0
RA-834,FASE 1,1N,Aluno-834,,,Masculino,2022,Pública,8.662616667,Topázio,,,,3.0,9.0,9.9,6.27,9.2,9.283333333,5.0,,9.0,9.3,,,,Fase 2 (5° e 6° ano),-1,,,,2023,9.6875,,,Completo,1.0
RA-722,FASE 1,1N,Aluno-722,,,Feminino,2021,Pública,7.3387,Ametista,,,,3.0,8.5,9.6,2.52,6.4,8.67,5.0,,4.5,8.2,,,,Fase 2 (5° e 6° ano),-1,,,,2023,8.125,,,Completo,1.0
RA-1068,FASE 1,1P,Aluno-1068,,,Masculino,2023,Pública,8.472533333,Topázio,,,,3.0,8.5,9.3,6.89,9.0,9.283333333,5.0,,8.3,9.7,,,,Fase 2 (5° e 6° ano),-1,,,,2023,9.166666667,,,Completo,1.0
RA-796,FASE 1,1P,Aluno-796,,11.0,Feminino,2022,Pública,7.462866667,Ametista,,,,3.0,9.0,9.8,6.27,5.5,8.336666667,5.0,,5.0,6.0,,,,Fase 2 (5° e 6° ano),-1,,,,2023,7.083333333,,,Completo,1.0
RA-1069,FASE 1,1P,Aluno-1069,,11.0,Masculino,2023,Pública,7.590033333,Ametista,,,,3.0,9.0,7.8,7.52,7.1,8.226666667,5.0,,7.5,6.7,,,,Fase 2 (5° e 6° ano),-1,,,,2023,8.125,,,Completo,1.0
RA-797,FASE 1,1P,Aluno-797,,11.0,Masculino,2021,Pública,7.373033333,Ametista,,,,3.0,8.5,8.6,7.52,7.5,7.233333333,5.0,,7.0,8.0,,,,Fase 2 (5° e 6° ano),-1,,,,2023,6.041666667,,,Completo,1.0
RA-647,FASE 1,1P,Aluno-647,,,Feminino,2022,Privada - Programa de Apadrinhamento,7.100566667,Ametista,,,,3.0,7.3,8.7,6.27,5.2,8.446666667,5.0,,4.7,5.7,,,,Fase 2 (5° e 6° ano),-1,,,,2023,7.708333333,,,Completo,1.0
RA-814,FASE 1,1P,Aluno-814,,10.0,Masculino,2022,Pública,8.367866667,Topázio,,,,3.0,9.5,9.6,6.89,8.2,9.226666667,5.0,,7.8,8.5,,,,Fase 2 (5° e 6° ano),-1,,,,2023,8.333333333,,,Completo,1.0
RA-652,FASE 1,1P,Aluno-652,,,Feminino,2022,Pública,7.871033333,Ametista,,,,3.0,9.0,9.4,6.89,7.0,8.446666667,5.0,,6.2,7.8,,,,Fase 2 (5° e 6° ano),-1,,,,2023,8.125,,,Completo,1.0
RA-816,FASE 1,1P,Aluno-816,,,Feminino,2022,Pública,8.5572,Topázio,,,,3.0,7.5,9.8,7.52,8.9,9.283333333,5.0,,7.8,10.0,,,,Fase 2 (5° e 6° ano),-1,,,,2023,9.583333333,,,Completo,1.0
RA-640,FASE 1,1P,Aluno-640,,12.0,Feminino,2022,Pública,6.1105,Agata,,,,3.0,0.0,7.3,7.52,4.9,8.446666667,5.0,,4.0,5.8,,,,Fase 3 (7° e 8° ano),-2,,,,2023,7.291666667,,,Completo,1.0
RA-810,FASE 1,1P,Aluno-810,,9.0,Masculino,2021,Pública,7.782866667,Ametista,,,,3.0,8.0,8.5,7.52,6.9,7.836666667,10.0,,6.3,7.5,,,,Fase 1 (3° e 4° ano),0,,,,2023,5.833333333,,,Completo,1.0
RA-643,FASE 1,1P,Aluno-643,,,Masculino,2022,Pública,7.389033333,Ametista,,,,3.0,9.5,8.2,7.52,7.1,7.613333333,5.0,,7.0,7.2,,,,Fase 2 (5° e 6° ano),-1,,,,2023,6.041666667,,,Completo,1.0
RA-819,FASE 1,1P,Aluno-819,,9.0,Masculino,2022,Pública,7.944833333,Ametista,,,,3.0,0.0,8.3,7.52,9.5,8.893333333,10.0,,9.7,9.3,,,,Fase 1 (3° e 4° ano),0,,,,2023,8.541666667,,,Completo,1.0
RA-1070,FASE 1,1P,Aluno-1070,,11.0,Masculino,2023,Pública,6.939033333,Agata,,,,3.0,9.0,7.8,3.14,5.8,8.67,5.0,,5.3,6.3,,,,Fase 2 (5° e 6° ano),-1,,,,2023,7.708333333,,,Completo,1.0
RA-813,FASE 1,1R,Aluno-813,,,Masculino,2022,Pública,7.5867,Ametista,,,,3.0,9.5,8.4,7.52,3.9,8.06,10.0,,2.3,5.5,,,,Fase 1 (3° e 4° ano),0,,,,2023,8.125,,,Completo,1.0
RA-636,FASE 1,1R,Aluno-636,,11.0,Masculino,2022,Pública,6.836666667,Agata,,,,3.0,0.0,8.3,5.64,9.0,7.446666667,5.0,,9.2,8.7,,,,Fase 2 (5° e 6° ano),-1,,,,2023,8.333333333,,,Completo,1.0
RA-798,FASE 1,1R,Aluno-798,,,Masculino,2022,Privada - Programa de Apadrinhamento,7.018033333,Ametista,,,,3.0,9.0,8.1,7.52,6.1,6.95,5.0,,4.3,7.8,,,,Fase 2 (5° e 6° ano),-1,,,,2023,6.458333333,,,Completo,1.0
RA-799,FASE 1,1R,Aluno-799,,,Feminino,2022,Pública,8.061533333,Topázio,,,,3.0,9.5,9.6,5.64,8.3,8.17,5.0,,7.8,8.8,,,,Fase 2 (5° e 6° ano),-1,,,,2023,8.333333333,,,Completo,1.0
RA-815,FASE 1,1R,Aluno-815,,,Masculino,2022,Pública,6.122166667,Agata,,,,3.0,0.0,8.6,5.02,6.5,7.063333333,5.0,,7.0,6.0,,,,Fase 2 (5° e 6° ano),-1,,,,2023,6.875,,,Completo,1.0
RA-637,FASE 1,1R,Aluno-637,,11.0,Feminino,2021,Pública,8.109533333,Topázio,,,,3.0,8.0,9.5,7.52,8.5,8.17,5.0,,8.7,8.2,,,,Fase 2 (5° e 6° ano),-1,,,,2023,8.333333333,,,Completo,1.0
RA-638,FASE 1,1R,Aluno-638,,,Feminino,2020,Pública,7.754866667,Ametista,,,,3.0,9.0,9.4,7.52,6.5,7.946666667,5.0,,6.8,6.2,,,,Fase 2 (5° e 6° ano),-1,,,,2023,8.333333333,,,Completo,1.0
RA-801,FASE 1,1R,Aluno-801,,,Masculino,2022,Pública,6.8735,Agata,,,,3.0,0.0,7.5,7.52,7.6,7.12,10.0,,6.8,8.3,,,,Fase 1 (3° e 4° ano),0,,,,2023,6.875,,,Completo,1.0
RA-802,FASE 1,1R,Aluno-802,,10.0,Masculino,2021,Pública,8.126866667,Topázio,,,,3.0,8.0,9.3,7.52,9.4,7.506666667,5.0,,9.3,9.5,,,,Fase 2 (5° e 6° ano),-1,,,,2023,8.333333333,,,Completo,1.0
RA-1071,FASE 1,1R,Aluno-1071,,11.0,Masculino,2023,Pública,6.414033333,Agata,,,,3.0,9.0,8.6,7.52,3.5,6.396666667,5.0,,1.7,5.3,,,,Fase 2 (5° e 6° ano),-1,,,,2023,5.625,,,Completo,1.0
RA-817,FASE 1,1R,Aluno-817,,,Feminino,2022,Pública,7.8597,Ametista,,,,3.0,9.5,8.8,6.89,5.4,7.89,10.0,,5.0,5.7,,,,Fase 1 (3° e 4° ano),0,,,,2023,8.125,,,Completo,1.0
RA-818,FASE 1,1R,Aluno-818,,,Masculino,2022,Pública,7.997366667,Ametista,,,,3.0,10.0,8.4,7.52,6.2,7.613333333,10.0,,5.5,6.8,,,,ALFA (1° e 2° ano),1,,,,2023,8.125,,,Completo,1.0
RA-804,FASE 1,1R,Aluno-804,,11.0,Masculino,2022,Pública,7.2352,Ametista,,,,3.0,10.0,8.6,6.27,6.9,7.173333333,5.0,,6.2,7.5,,,,Fase 2 (5° e 6° ano),-1,,,,2023,5.833333333,,,Completo,1.0
RA-645,FASE 1,1R,Aluno-645,,11.0,Feminino,2022,Pública,7.613033333,Ametista,,,,3.0,9.0,8.5,6.27,7.3,8.116666667,5.0,,6.5,8.0,,,,Fase 2 (5° e 6° ano),-1,,,,2023,8.125,,,Completo,1.0
RA-479,FASE 2,2A,Aluno-479,,,Masculino,2020,Privada - Programa de Apadrinhamento,8.988866667,Topázio,,,,3.0,9.0,10.0,2.52,9.7,9.6375,10.0,,9.3,10.0,,,,Fase 2 (5° e 6° ano),0,,,,2023,9.791666667,,,Completo,2.0
RA-493,FASE 2,2A,Aluno-493,,10.0,Feminino,2020,Pública,7.934366667,Ametista,,,,3.0,9.5,9.6,2.52,6.0,8.84,10.0,,4.7,7.2,,,,Fase 2 (5° e 6° ano),0,,,,2023,8.541666667,,,Completo,2.0
RA-1072,FASE 2,2A,Aluno-1072,,11.0,Masculino,2023,Pública,8.0152,Topázio,,,,3.0,9.0,8.6,5.0,6.7,8.7125,10.0,,5.2,8.2,,,,Fase 2 (5° e 6° ano),0,,,,2023,8.125,,,Completo,2.0
RA-536,FASE 2,2A,Aluno-536,,10.0,Feminino,2020,Pública,7.759533333,Ametista,,,,3.0,8.0,9.3,2.52,5.9,9.17,10.0,,5.0,6.8,,,,Fase 2 (5° e 6° ano),0,,,,2023,8.333333333,,,Completo,2.0
RA-1073,FASE 2,2A,Aluno-1073,,,Feminino,2023,Pública,6.384333333,Agata,,,,3.0,0.0,8.8,2.52,6.2,9.045,5.0,,4.8,7.5,,,,Fase 3 (7° e 8° ano),-1,,,,2023,8.333333333,,,Completo,2.0
RA-494,FASE 2,2A,Aluno-494,,12.0,Feminino,2022,Privada,7.116633333,Ametista,,,,3.0,6.9,9.0,2.52,6.8,8.71,5.0,,6.3,7.3,,,,Fase 3 (7° e 8° ano),-1,,,,2023,7.708333333,,,Completo,2.0
RA-496,FASE 2,2A,Aluno-496,,,Masculino,2018,Privada,6.603666667,Agata,,,,3.0,0.0,7.1,5.0,8.3,8.71,5.0,,7.5,9.0,,,,Fase 3 (7° e 8° ano),-1,,,,2023,7.916666667,,,Completo,2.0
RA-497,FASE 2,2A,Aluno-497,,,Feminino,2016,Privada - Programa de apadrinhamento,5.7191,Quartzo,,,,3.0,5.3,8.7,2.52,3.5,6.885,5.0,,1.7,5.3,,,,Fase 4 (9° ano),-2,,,,2023,6.25,,,Completo,2.0
RA-1074,FASE 2,2A,Aluno-1074,,12.0,Feminino,2023,Pública,6.195833333,Agata,,,,3.0,0.0,9.8,2.52,6.0,7.8775,5.0,,8.0,4.0,,,,Fase 3 (7° e 8° ano),-1,,,,2023,7.083333333,,,Completo,2.0
RA-486,FASE 2,2A,Aluno-486,,11.0,Feminino,2020,Privada,7.1043,Ametista,,,,3.0,8.4,6.4,2.52,6.2,8.7525,10.0,,3.3,9.0,,,,Fase 2 (5° e 6° ano),0,,,,2023,7.5,,,Completo,2.0
RA-1075,FASE 2,2A,Aluno-1075,,12.0,Feminino,2023,Pública,6.591333333,Agata,,,,3.0,0.0,9.6,5.0,5.5,9.0025,5.0,,5.0,6.0,,,,Fase 3 (7° e 8° ano),-1,,,,2023,7.708333333,,,Completo,2.0
RA-578,FASE 2,2A,Aluno-578,,11.0,Masculino,2019,Privada - Programa de Apadrinhamento,9.013866667,Topázio,,,,3.0,9.0,10.0,2.52,9.7,9.7625,10.0,,9.8,9.5,,,,Fase 2 (5° e 6° ano),0,,,,2023,9.791666667,,,Completo,2.0
RA-513,FASE 2,2A,Aluno-513,,10.0,Masculino,2021,Privada,8.297866667,Topázio,,,,3.0,9.5,9.7,2.52,7.5,9.0075,10.0,,7.2,7.8,,,,Fase 2 (5° e 6° ano),0,,,,2023,8.541666667,,,Completo,2.0
RA-487,FASE 2,2A,Aluno-487,,11.0,Feminino,2019,Privada - Programa de Apadrinhamento,8.988866667,Topázio,,,,3.0,8.5,9.9,5.0,9.5,9.26,10.0,,9.2,9.7,,,,Fase 2 (5° e 6° ano),0,,,,2023,9.166666667,,,Completo,2.0
RA-1076,FASE 2,2A,Aluno-1076,,,Feminino,2023,Pública,7.901033333,Ametista,,,,3.0,9.0,9.7,2.52,8.5,8.8775,5.0,,9.0,8.0,,,,Fase 3 (7° e 8° ano),-1,,,,2023,8.333333333,,,Completo,2.0
RA-490,FASE 2,2A,Aluno-490,,,Feminino,2022,Privada,7.429466667,Ametista,,,,3.0,7.9,7.9,2.52,5.8,9.0075,10.0,,2.8,8.7,,,,Fase 2 (5° e 6° ano),0,,,,2023,8.541666667,,,Completo,2.0
RA-491,FASE 2,2A,Aluno-491,,,Masculino,2022,Pública,7.560533333,Ametista,,,,3.0,9.5,9.6,2.52,5.0,8.3375,10.0,,3.3,6.7,,,,Fase 2 (5° e 6° ano),0,,,,2023,7.708333333,,,Completo,2.0
RA-1077,FASE 2,2B,Aluno-1077,,,Masculino,2023,Pública,7.2115,Ametista,,,,3.0,0.0,9.7,2.52,7.3,8.4225,10.0,,6.8,7.8,,,,Fase 2 (5° e 6° ano),0,,,,2023,8.75,,,Completo,2.0
RA-484,FASE 2,2B,Aluno-484,,12.0,Masculino,2022,Pública,5.515466667,Quartzo,,,,3.0,6.4,7.5,2.52,3.6,6.8,5.0,,3.2,4.0,,,,Fase 3 (7° e 8° ano),-1,,,,2023,5.416666667,,,Completo,2.0
RA-508,FASE 2,2B,Aluno-508,,10.0,Masculino,2022,Pública,7.671633333,Ametista,,,,3.0,6.4,8.6,2.52,7.5,8.6725,10.0,,6.2,8.7,,,,Fase 2 (5° e 6° ano),0,,,,2023,8.333333333,,,Completo,2.0
RA-495,FASE 2,2B,Aluno-495,,,Masculino,2022,Privada,7.417366667,Ametista,,,,3.0,9.0,8.4,2.52,7.4,8.755,5.0,,6.0,8.8,,,,Fase 3 (7° e 8° ano),-1,,,,2023,8.541666667,,,Completo,2.0
RA-1078,FASE 2,2B,Aluno-1078,,14.0,Masculino,2023,Pública,6.472333333,Agata,,,,3.0,5.3,6.8,2.52,6.4,8.2975,5.0,,4.3,8.5,,,,Fase 4 (9° ano),-2,,,,2023,8.958333333,,,Completo,2.0
RA-340,FASE 2,2B,Aluno-340,,,Masculino,2017,Pública,7.059666667,Ametista,,,,3.0,0.0,9.6,2.52,8.9,8.505,5.0,,9.0,8.7,,,,Fase 3 (7° e 8° ano),-1,,,,2023,9.166666667,,,Completo,2.0
RA-1079,FASE 2,2B,Aluno-1079,,,Masculino,2023,Pública,6.916533333,Agata,,,,3.0,9.0,8.1,2.52,7.6,7.13,5.0,,7.3,7.8,,,,Fase 3 (7° e 8° ano),-1,,,,2023,7.083333333,,,Completo,2.0
RA-1080,FASE 2,2B,Aluno-1080,,12.0,Masculino,2023,Pública,6.571966667,Agata,,,,3.0,7.9,10.0,5.0,1.5,8.13,5.0,,0.0,3.0,,,,Fase 3 (7° e 8° ano),-1,,,,2023,8.541666667,,,Completo,2.0
RA-1081,FASE 2,2B,Aluno-1081,,14.0,Feminino,2023,Pública,7.666033333,Ametista,,,,3.0,10.0,10.0,2.52,6.5,8.59,5.0,,8.0,5.0,,,,Fase 4 (9° ano),-2,,,,2023,8.958333333,,,Completo,2.0
RA-1082,FASE 2,2B,Aluno-1082,,,Feminino,2023,Pública,7.1617,Ametista,,,,3.0,9.5,9.5,2.52,5.0,8.4225,5.0,,3.5,6.5,,,,Fase 3 (7° e 8° ano),-1,,,,2023,8.75,,,Completo,2.0
RA-1083,FASE 2,2B,Aluno-1083,,10.0,Feminino,2023,Pública,8.2345,Topázio,,,,3.0,6.8,10.0,5.0,7.5,8.38,10.0,,7.0,8.0,,,,Fase 2 (5° e 6° ano),0,,,,2023,8.75,,,Completo,2.0
RA-531,FASE 2,2B,Aluno-531,,11.0,Masculino,2022,Pública,8.3252,Topázio,,,,3.0,9.5,10.0,2.52,7.7,8.59,10.0,,6.3,9.0,,,,Fase 2 (5° e 6° ano),0,,,,2023,8.75,,,Completo,2.0
RA-1084,FASE 2,2B,Aluno-1084,,11.0,Feminino,2023,Pública,7.9948,Ametista,,,,3.0,8.4,10.0,2.52,6.8,8.38,10.0,,5.0,8.5,,,,Fase 2 (5° e 6° ano),0,,,,2023,8.75,,,Completo,2.0
RA-516,FASE 2,2B,Aluno-516,,10.0,Masculino,2019,Privada - Programa de Apadrinhamento,8.6807,Topázio,,,,3.0,10.0,9.8,2.52,9.3,8.7175,10.0,,9.0,9.5,,,,Fase 2 (5° e 6° ano),0,,,,2023,8.75,,,Completo,2.0
RA-348,FASE 2,2B,Aluno-348,,,Masculino,2022,Pública,6.817866667,Agata,,,,3.0,10.0,8.7,2.52,4.4,8.0075,5.0,,2.0,6.7,,,,Fase 3 (7° e 8° ano),-1,,,,2023,8.541666667,,,Completo,2.0
RA-1085,FASE 2,2C,Aluno-1085,,12.0,Feminino,2023,Pública,6.563833333,Agata,,,,3.0,0.0,9.8,2.52,6.7,8.13,5.0,,6.0,7.3,,,,Fase 3 (7° e 8° ano),-1,,,,2023,8.958333333,,,Completo,2.0
RA-1086,FASE 2,2C,Aluno-1086,,12.0,Feminino,2023,Pública,7.2382,Ametista,,,,3.0,8.5,9.4,2.52,5.7,8.755,5.0,,6.0,5.3,,,,Fase 3 (7° e 8° ano),-1,,,,2023,8.75,,,Completo,2.0
RA-1087,FASE 2,2C,Aluno-1087,,12.0,Feminino,2023,Pública,7.2067,Ametista,,,,3.0,10.0,9.5,2.52,5.4,8.0475,5.0,,3.7,7.0,,,,Fase 3 (7° e 8° ano),-1,,,,2023,8.75,,,Completo,2.0
RA-509,FASE 2,2C,Aluno-509,,12.0,Feminino,2018,Pública,7.606033333,Ametista,,,,3.0,8.5,8.1,2.52,8.6,8.84,5.0,,8.2,9.0,,,,Fase 3 (7° e 8° ano),-1,,,,2023,8.958333333,,,Completo,2.0
RA-499,FASE 2,2C,Aluno-499,,11.0,Masculino,2020,Pública,7.8883,Ametista,,,,3.0,7.9,10.0,2.52,6.6,8.2975,10.0,,5.3,7.8,,,,Fase 2 (5° e 6° ano),0,,,,2023,8.75,,,Completo,2.0
RA-500,FASE 2,2C,Aluno-500,,11.0,Feminino,2020,Pública,8.427533333,Topázio,,,,3.0,9.5,10.0,2.52,7.9,8.7975,10.0,,8.5,7.2,,,,Fase 2 (5° e 6° ano),0,,,,2023,8.958333333,,,Completo,2.0
RA-1088,FASE 2,2C,Aluno-1088,,13.0,Masculino,2023,Pública,7.4717,Ametista,,,,3.0,9.5,9.8,2.52,6.8,7.9225,5.0,,6.0,7.5,,,,Fase 3 (7° e 8° ano),-1,,,,2023,8.75,,,Completo,2.0
RA-1089,FASE 2,2C,Aluno-1089,,,Feminino,2023,Pública,7.9947,Ametista,,,,3.0,9.0,9.5,2.52,7.0,8.3375,10.0,,6.0,8.0,,,,Fase 2 (5° e 6° ano),0,,,,2023,8.75,,,Completo,2.0
RA-1090,FASE 2,2C,Aluno-1090,,13.0,Masculino,2023,Pública,7.844033333,Ametista,,,,3.0,9.0,9.6,2.52,9.0,7.88,5.0,,8.7,9.3,,,,Fase 3 (7° e 8° ano),-1,,,,2023,8.958333333,,,Completo,2.0
RA-503,FASE 2,2C,Aluno-503,,,Masculino,2020,Pública,8.4682,Topázio,,,,3.0,9.5,10.0,2.52,8.7,8.255,10.0,,8.7,8.7,,,,Fase 2 (5° e 6° ano),0,,,,2023,8.75,,,Completo,2.0
RA-1091,FASE 2,2C,Aluno-1091,,12.0,Masculino,2023,Pública,8.032533333,Topázio,,,,3.0,8.5,9.0,2.52,9.5,9.1725,5.0,,9.3,9.7,,,,Fase 3 (7° e 8° ano),-1,,,,2023,8.958333333,,,Completo,2.0
RA-1092,FASE 2,2C,Aluno-1092,,12.0,Masculino,2023,Pública,7.41,Ametista,,,,3.0,7.8,9.8,2.52,6.9,8.2975,5.0,,6.0,7.8,,,,Fase 3 (7° e 8° ano),-1,,,,2023,8.75,,,Completo,2.0
RA-1093,FASE 2,2C,Aluno-1093,,11.0,Masculino,2023,Pública,8.197533333,Topázio,,,,3.0,7.0,9.3,2.52,9.2,8.2975,10.0,,9.3,9.0,,,,Fase 2 (5° e 6° ano),0,,,,2023,8.958333333,,,Completo,2.0
RA-1094,FASE 2,2C,Aluno-1094,,11.0,Feminino,2023,Pública,8.1779,Topázio,,,,3.0,7.8,9.5,2.52,8.5,8.3375,10.0,,7.8,9.2,,,,Fase 2 (5° e 6° ano),0,,,,2023,8.75,,,Completo,2.0
RA-1095,FASE 2,2C,Aluno-1095,,,Masculino,2023,Pública,6.238,Agata,,,,3.0,0.0,9.8,2.52,5.3,8.005,5.0,,5.8,4.7,,,,Fase 3 (7° e 8° ano),-1,,,,2023,8.75,,,Completo,2.0
RA-324,FASE 2,2D,Aluno-324,,,Feminino,2022,Pública,7.6354,Ametista,,,,3.0,5.8,9.0,2.52,8.4,7.5875,10.0,,8.0,8.7,,,,Fase 2 (5° e 6° ano),0,,,,2023,8.125,,,Completo,2.0
RA-350,FASE 2,2D,Aluno-350,,,Feminino,2022,Pública,7.972033333,Ametista,,,,3.0,10.0,9.7,2.52,9.0,7.92,5.0,,8.8,9.2,,,,Fase 3 (7° e 8° ano),-1,,,,2023,8.958333333,,,Completo,2.0
RA-517,FASE 2,2D,Aluno-517,,13.0,Feminino,2017,Pública,6.3104,Agata,,,,3.0,4.1,9.0,2.52,6.6,6.7125,5.0,,4.5,8.7,,,,Fase 3 (7° e 8° ano),-1,,,,2023,6.875,,,Completo,2.0
RA-325,FASE 2,2D,Aluno-325,,11.0,Masculino,2022,Pública,6.243,Agata,,,,3.0,0.0,7.1,5.0,5.6,7.0025,10.0,,3.8,7.3,,,,Fase 2 (5° e 6° ano),0,,,,2023,8.125,,,Completo,2.0
RA-518,FASE 2,2D,Aluno-518,,11.0,Masculino,2022,Pública,7.5762,Ametista,,,,3.0,8.5,8.5,5.0,6.7,6.9175,10.0,,5.5,7.8,,,,Fase 2 (5° e 6° ano),0,,,,2023,8.125,,,Completo,2.0
RA-530,FASE 2,2D,Aluno-530,,11.0,Masculino,2019,Pública,7.653033333,Ametista,,,,3.0,10.0,8.8,5.0,5.7,7.46,10.0,,5.8,5.5,,,,Fase 2 (5° e 6° ano),0,,,,2023,7.708333333,,,Completo,2.0
RA-524,FASE 2,2D,Aluno-524,,,Masculino,2019,Pública,7.331133333,Ametista,,,,3.0,6.4,9.2,2.52,8.9,7.42,5.0,,9.0,8.8,,,,Fase 3 (7° e 8° ano),-1,,,,2023,8.333333333,,,Completo,2.0
RA-1096,FASE 2,2D,Aluno-1096,,,Feminino,2023,Pública,8.615533333,Topázio,,,,3.0,9.5,9.9,2.52,9.6,8.0875,10.0,,9.5,9.7,,,,Fase 2 (5° e 6° ano),0,,,,2023,8.958333333,,,Completo,2.0
RA-526,FASE 2,2D,Aluno-526,,,Masculino,2022,Pública,8.0957,Topázio,,,,3.0,9.5,9.8,5.0,8.8,7.7525,5.0,,8.3,9.3,,,,Fase 3 (7° e 8° ano),-1,,,,2023,8.75,,,Completo,2.0
RA-528,FASE 2,2D,Aluno-528,,,Masculino,2021,Pública,7.6892,Ametista,,,,3.0,9.0,8.5,5.0,8.2,7.92,5.0,,7.5,8.8,,,,Fase 3 (7° e 8° ano),-1,,,,2023,8.75,,,Completo,2.0
RA-534,FASE 2,2D,Aluno-534,,13.0,Masculino,2021,Pública,5.8385,Quartzo,,,,3.0,0.0,8.1,2.52,5.4,7.92,5.0,,3.7,7.0,,,,Fase 3 (7° e 8° ano),-1,,,,2023,8.125,,,Completo,2.0
RA-1097,FASE 2,2D,Aluno-1097,,,Masculino,2023,Pública,6.9547,Agata,,,,3.0,9.5,8.6,5.0,5.4,6.96,5.0,,4.3,6.5,,,,Fase 4 (9° ano),-2,,,,2023,8.125,,,Completo,2.0
RA-1098,FASE 2,2D,Aluno-1098,,13.0,Feminino,2023,Pública,7.2787,Ametista,,,,3.0,9.5,9.5,2.52,6.4,7.92,5.0,,6.3,6.5,,,,Fase 3 (7° e 8° ano),-1,,,,2023,8.125,,,Completo,2.0
RA-506,FASE 2,2D,Aluno-506,,13.0,Masculino,2020,Pública,7.750033333,Ametista,,,,3.0,9.5,8.1,5.0,8.5,7.92,5.0,,7.3,9.7,,,,Fase 3 (7° e 8° ano),-1,,,,2023,8.958333333,,,Completo,2.0
RA-1099,FASE 2,2F,Aluno-1099,,13.0,Feminino,2023,Pública,7.113533333,Ametista,,,,3.0,9.0,9.6,2.52,5.2,8.34,5.0,,5.7,4.7,,,,Fase 3 (7° e 8° ano),-1,,,,2023,8.333333333,,,Completo,2.0
RA-1100,FASE 2,2F,Aluno-1100,,,Masculino,2023,Pública,8.261033333,Topázio,,,,3.0,10.0,9.2,5.0,7.1,8.283333333,10.0,,6.3,7.8,,,,Fase 2 (5° e 6° ano),0,,,,2023,8.541666667,,,Completo,2.0
RA-1101,FASE 2,2F,Aluno-1101,,,Masculino,2023,Pública,6.446666667,Agata,,,,3.0,0.0,7.2,5.0,5.3,8.116666667,10.0,,4.2,6.3,,,,Fase 2 (5° e 6° ano),0,,,,2023,8.333333333,,,Completo,2.0
RA-1102,FASE 2,2F,Aluno-1102,,,Masculino,2023,Pública,8.123033333,Topázio,,,,3.0,9.5,9.5,5.0,7.5,7.56,10.0,,5.7,9.2,,,,Fase 2 (5° e 6° ano),0,,,,2023,7.708333333,,,Completo,2.0
RA-363,FASE 2,2F,Aluno-363,,13.0,Masculino,2022,Pública,6.680833333,Agata,,,,3.0,0.0,9.9,2.52,6.8,8.673333333,5.0,,6.8,6.8,,,,Fase 3 (7° e 8° ano),-1,,,,2023,8.541666667,,,Completo,2.0
RA-1103,FASE 2,2F,Aluno-1103,,10.0,Masculino,2023,Pública,7.574866667,Ametista,,,,3.0,9.0,8.7,5.0,5.0,8.006666667,10.0,,4.5,5.5,,,,Fase 2 (5° e 6° ano),0,,,,2023,8.333333333,,,Completo,2.0
RA-539,FASE 2,2F,Aluno-539,,,Feminino,2022,Pública,7.796866667,Ametista,,,,3.0,9.5,8.6,2.52,8.5,8.84,5.0,,7.2,9.7,,,,Fase 3 (7° e 8° ano),-1,,,,2023,9.166666667,,,Completo,2.0
RA-540,FASE 2,2F,Aluno-540,,,Feminino,2019,Pública,8.216033333,Topázio,,,,3.0,8.5,8.8,5.0,7.1,8.95,10.0,,6.5,7.7,,,,Fase 2 (5° e 6° ano),0,,,,2023,8.958333333,,,Completo,2.0
RA-574,FASE 2,2F,Aluno-574,,,Masculino,2022,Pública,7.878133333,Ametista,,,,3.0,6.9,8.2,5.0,8.1,8.173333333,10.0,,7.7,8.5,,,,Fase 2 (5° e 6° ano),0,,,,2023,7.916666667,,,Completo,2.0
RA-369,FASE 2,2F,Aluno-369,,,Masculino,2022,Pública,6.0197,Agata,,,,3.0,10.0,4.1,5.0,4.0,7.726666667,5.0,,5.0,3.0,,,,Fase 3 (7° e 8° ano),-1,,,,2023,8.541666667,,,Completo,2.0
RA-375,FASE 2,2F,Aluno-375,,12.0,Masculino,2019,Pública,7.070833333,Ametista,,,,3.0,0.0,9.9,5.0,7.9,8.283333333,5.0,,6.8,9.0,,,,Fase 3 (7° e 8° ano),-1,,,,2023,8.541666667,,,Completo,2.0
RA-376,FASE 2,2F,Aluno-376,,,Feminino,2019,Pública,7.1392,Ametista,,,,3.0,8.5,9.6,2.52,5.9,8.226666667,5.0,,4.3,7.5,,,,Fase 3 (7° e 8° ano),-1,,,,2023,7.916666667,,,Completo,2.0
RA-535,FASE 2,2G,Aluno-535,,,Feminino,2019,Pública,8.0027,Topázio,,,,3.0,9.0,9.4,5.0,5.6,8.95,10.0,,4.7,6.5,,,,Fase 2 (5° e 6° ano),0,,,,2023,8.125,,,Completo,2.0
RA-547,FASE 2,2G,Aluno-547,,12.0,Feminino,2019,Pública,6.467,Agata,,,,3.0,0.0,9.1,2.52,6.2,8.95,5.0,,5.0,7.3,,,,Fase 3 (7° e 8° ano),-1,,,,2023,8.75,,,Completo,2.0
RA-548,FASE 2,2G,Aluno-548,,12.0,Masculino,2019,Pública,7.4322,Ametista,,,,3.0,9.0,9.1,2.52,7.4,8.283333333,5.0,,6.2,8.5,,,,Fase 3 (7° e 8° ano),-1,,,,2023,8.333333333,,,Completo,2.0
RA-538,FASE 2,2G,Aluno-538,,13.0,Masculino,2022,Pública,6.413466667,Agata,,,,3.0,7.4,8.6,2.52,4.7,7.39,5.0,,3.5,5.8,,,,Fase 3 (7° e 8° ano),-1,,,,2023,7.916666667,,,Completo,2.0
RA-365,FASE 2,2G,Aluno-365,,10.0,Feminino,2022,Pública,8.6587,Topázio,,,,3.0,10.0,9.9,2.52,8.7,8.953333333,10.0,,8.2,9.2,,,,Fase 2 (5° e 6° ano),0,,,,2023,8.958333333,,,Completo,2.0
RA-559,FASE 2,2G,Aluno-559,,,Masculino,2021,Pública,7.947366667,Ametista,,,,3.0,10.0,9.4,5.0,7.4,8.506666667,5.0,,6.5,8.2,,,,Fase 3 (7° e 8° ano),-1,,,,2023,8.958333333,,,Completo,2.0
RA-1104,FASE 2,2G,Aluno-1104,,13.0,Feminino,2023,Pública,7.265533333,Ametista,,,,3.0,5.7,10.0,2.52,6.4,9.063333333,5.0,,5.5,7.3,,,,Fase 3 (7° e 8° ano),-1,,,,2023,8.541666667,,,Completo,2.0
RA-563,FASE 2,2G,Aluno-563,,11.0,Feminino,2020,Pública,7.684133333,Ametista,,,,3.0,6.4,9.7,2.52,6.2,8.726666667,10.0,,6.0,6.3,,,,Fase 2 (5° e 6° ano),0,,,,2023,8.75,,,Completo,2.0
RA-573,FASE 2,2G,Aluno-573,,,Masculino,2020,Pública,7.774366667,Ametista,,,,3.0,9.5,9.8,5.0,6.6,8.45,5.0,,5.7,7.5,,,,Fase 3 (7° e 8° ano),-1,,,,2023,8.541666667,,,Completo,2.0
RA-551,FASE 2,2G,Aluno-551,,,Feminino,2018,Pública,7.075033333,Ametista,,,,3.0,10.0,8.6,2.52,5.4,8.393333333,5.0,,4.5,6.2,,,,Fase 3 (7° e 8° ano),-1,,,,2023,8.541666667,,,Completo,2.0
RA-566,FASE 2,2G,Aluno-566,,12.0,Feminino,2022,Pública,7.7227,Ametista,,,,3.0,9.0,8.8,2.52,8.4,8.673333333,5.0,,8.8,8.0,,,,Fase 3 (7° e 8° ano),-1,,,,2023,8.958333333,,,Completo,2.0
RA-555,FASE 2,2G,Aluno-555,,,Masculino,2019,Pública,5.898133333,Quartzo,,,,3.0,7.4,8.1,2.52,3.9,6.946666667,5.0,,1.5,6.2,,,,Fase 3 (7° e 8° ano),-1,,,,2023,6.25,,,Completo,2.0
RA-373,FASE 2,2G,Aluno-373,,,Masculino,2022,Pública,6.805,Agata,,,,3.0,0.0,9.7,2.52,8.4,7.84,5.0,,7.7,9.0,,,,Fase 3 (7° e 8° ano),-1,,,,2023,8.75,,,Completo,2.0
RA-1105,FASE 2,2G,Aluno-1105,,13.0,Feminino,2023,Pública,6.299166667,Agata,,,,3.0,0.0,9.0,2.52,6.0,8.673333333,5.0,,5.0,7.0,,,,Fase 3 (7° e 8° ano),-1,,,,2023,8.125,,,Completo,2.0
RA-546,FASE 2,2H,Aluno-546,,,Feminino,2021,Pública,6.031666667,Agata,,,,3.0,0.0,7.2,2.52,5.7,9.173333333,5.0,,3.5,7.8,,,,Fase 3 (7° e 8° ano),-1,,,,2023,8.75,,,Completo,2.0
RA-557,FASE 2,2H,Aluno-557,,,Masculino,2019,Pública,8.7717,Topázio,,,,3.0,10.0,8.2,5.0,8.9,9.62,10.0,,8.0,9.7,,,,Fase 2 (5° e 6° ano),0,,,,2023,9.375,,,Completo,2.0
RA-1106,FASE 2,2H,Aluno-1106,,12.0,Masculino,2023,Pública,7.1642,Ametista,,,,3.0,8.5,9.3,5.0,5.1,8.003333333,5.0,,5.2,5.0,,,,Fase 3 (7° e 8° ano),-1,,,,2023,8.333333333,,,Completo,2.0
RA-558,FASE 2,2H,Aluno-558,,,Masculino,2022,Pública,6.615333333,Agata,,,,3.0,7.8,9.4,5.0,6.0,6.78,2.5,,5.7,6.3,,,,Fase 5 (1° EM),-3,,,,2023,6.458333333,,,Completo,2.0
RA-560,FASE 2,2H,Aluno-560,,,Masculino,2020,Pública,4.932,Quartzo,,,,3.0,0.0,8.4,2.52,4.0,6.0,5.0,,2.3,5.7,,,,Fase 3 (7° e 8° ano),-1,,,,2023,5.0,,,Completo,2.0
RA-1107,FASE 2,2H,Aluno-1107,,12.0,Feminino,2023,Pública,7.9327,Ametista,,,,3.0,9.0,9.4,5.0,7.5,8.783333333,5.0,,8.0,7.0,,,,Fase 3 (7° e 8° ano),-1,,,,2023,8.958333333,,,Completo,2.0
RA-1108,FASE 2,2H,Aluno-1108,,12.0,Masculino,2023,Pública,6.310833333,Agata,,,,3.0,0.0,9.3,5.0,4.7,8.283333333,5.0,,3.7,5.7,,,,Fase 3 (7° e 8° ano),-1,,,,2023,8.541666667,,,Completo,2.0
RA-542,FASE 2,2H,Aluno-542,,12.0,Feminino,2019,Pública,7.816533333,Ametista,,,,3.0,9.5,9.7,5.0,6.3,9.006666667,5.0,,5.2,7.3,,,,Fase 3 (7° e 8° ano),-1,,,,2023,8.75,,,Completo,2.0
RA-543,FASE 2,2H,Aluno-543,,11.0,Feminino,2022,Pública,7.971833333,Ametista,,,,3.0,7.8,9.8,2.52,6.5,9.006666667,10.0,,5.5,7.5,,,,Fase 2 (5° e 6° ano),0,,,,2023,8.75,,,Completo,2.0
RA-556,FASE 2,2H,Aluno-556,,,Feminino,2018,Pública,7.7482,Ametista,,,,3.0,8.5,9.6,2.52,7.2,9.396666667,5.0,,6.5,7.8,,,,Fase 3 (7° e 8° ano),-1,,,,2023,9.166666667,,,Completo,2.0
RA-1109,FASE 2,2H,Aluno-1109,,14.0,Masculino,2023,Pública,6.277533333,Agata,,,,3.0,10.0,6.4,5.0,3.4,7.836666667,5.0,,3.5,3.3,,,,Fase 4 (9° ano),-2,,,,2023,7.5,,,Completo,2.0
RA-389,FASE 2,2H,Aluno-389,,,Masculino,2019,Pública,6.687,Agata,,,,3.0,0.0,8.2,2.52,8.2,8.95,5.0,,6.8,9.5,,,,Fase 3 (7° e 8° ano),-1,,,,2023,8.75,,,Completo,2.0
RA-1110,FASE 2,2H,Aluno-1110,,12.0,Feminino,2023,Pública,7.248566667,Ametista,,,,3.0,4.6,9.2,5.0,6.8,8.73,5.0,,6.5,7.0,,,,Fase 3 (7° e 8° ano),-1,,,,2023,8.541666667,,,Completo,2.0
RA-568,FASE 2,2I,Aluno-568,,,Masculino,2018,Pública,6.9647,Agata,,,,3.0,7.0,7.9,5.0,7.6,8.01,2.5,,8.5,6.7,,,,Fase 5 (1° EM),-3,,,,2023,8.125,,,Completo,2.0
RA-562,FASE 2,2I,Aluno-562,,12.0,Feminino,2021,Pública,6.824833333,Agata,,,,3.0,0.0,8.5,2.52,8.7,8.893333333,5.0,,7.7,9.7,,,,Fase 3 (7° e 8° ano),-1,,,,2023,8.541666667,,,Completo,2.0
RA-1111,FASE 2,2I,Aluno-1111,,,Feminino,2023,Pública,6.559166667,Agata,,,,3.0,0.0,8.9,2.52,5.4,8.173333333,10.0,,4.8,6.0,,,,Fase 2 (5° e 6° ano),0,,,,2023,8.125,,,Completo,2.0
RA-1112,FASE 2,2I,Aluno-1112,,12.0,Masculino,2023,Pública,7.088866667,Ametista,,,,3.0,9.5,7.9,2.52,6.3,8.616666667,5.0,,5.2,7.3,,,,Fase 3 (7° e 8° ano),-1,,,,2023,8.333333333,,,Completo,2.0
RA-525,FASE 2,2I,Aluno-525,,,Feminino,2021,Pública,7.911366667,Ametista,,,,3.0,8.0,8.6,2.52,9.2,9.566666667,5.0,,8.8,9.5,,,,Fase 3 (7° e 8° ano),-1,,,,2023,8.958333333,,,Completo,2.0
RA-357,FASE 2,2I,Aluno-357,,13.0,Masculino,2022,Pública,8.2832,Topázio,,,,3.0,8.5,9.6,7.52,8.7,8.23,5.0,,8.7,8.7,,,,Fase 3 (7° e 8° ano),-1,,,,2023,8.75,,,Completo,2.0
RA-583,FASE 2,2I,Aluno-583,,,Feminino,2019,Pública,7.838866667,Ametista,,,,3.0,9.0,9.4,7.52,6.3,8.616666667,5.0,,5.5,7.0,,,,Fase 3 (7° e 8° ano),-1,,,,2023,8.333333333,,,Completo,2.0
RA-584,FASE 2,2I,Aluno-584,,11.0,Feminino,2019,Pública,7.697533333,Ametista,,,,3.0,9.5,9.0,2.52,5.8,8.56,10.0,,5.0,6.5,,,,Fase 2 (5° e 6° ano),0,,,,2023,8.333333333,,,Completo,2.0
RA-586,FASE 2,2K,Aluno-586,,10.0,Feminino,2021,Privada - Programa de Apadrinhamento,8.4242,Topázio,,,,3.0,8.0,10.0,2.52,8.4,9.343333333,10.0,,7.5,9.2,,,,Fase 2 (5° e 6° ano),0,,,,2023,8.333333333,,,Completo,2.0
RA-1113,FASE 2,2K,Aluno-1113,,,Masculino,2023,Pública,5.636666667,Quartzo,,,,3.0,0.0,6.0,7.52,5.0,7.173333333,5.0,,5.0,5.0,,,,Fase 3 (7° e 8° ano),-1,,,,2023,7.5,,,Completo,2.0
RA-413,FASE 2,2K,Aluno-413,,13.0,Feminino,2022,Pública,6.803633333,Agata,,,,3.0,7.9,8.9,2.52,6.3,7.503333333,5.0,,5.8,6.7,,,,Fase 3 (7° e 8° ano),-1,,,,2023,7.291666667,,,Completo,2.0
RA-599,FASE 2,2K,Aluno-599,,10.0,Masculino,2022,Pública,8.532866667,Topázio,,,,3.0,10.0,9.5,2.52,8.5,9.286666667,10.0,,8.2,8.7,,,,Fase 2 (5° e 6° ano),0,,,,2023,8.333333333,,,Completo,2.0
RA-1114,FASE 2,2K,Aluno-1114,,11.0,Feminino,2023,Pública,7.5667,Ametista,,,,3.0,8.5,9.8,2.52,4.9,8.56,10.0,,4.3,5.5,,,,Fase 2 (5° e 6° ano),0,,,,2023,8.125,,,Completo,2.0
RA-401,FASE 2,2K,Aluno-401,,12.0,Feminino,2021,Pública,6.363666667,Agata,,,,3.0,4.0,8.1,2.52,7.3,7.116666667,5.0,,6.3,8.3,,,,Fase 3 (7° e 8° ano),-1,,,,2023,7.083333333,,,Completo,2.0
RA-1115,FASE 2,2K,Aluno-1115,,,Feminino,2023,Pública,6.474,Agata,,,,3.0,0.0,8.3,7.52,4.0,7.56,10.0,,6.0,2.0,,,,Fase 2 (5° e 6° ano),0,,,,2023,7.5,,,Completo,2.0
RA-1116,FASE 2,2K,Aluno-1116,,13.0,Masculino,2023,Pública,6.956533333,Agata,,,,3.0,9.5,9.2,5.0,4.9,7.39,5.0,,3.8,6.0,,,,Fase 3 (7° e 8° ano),-1,,,,2023,7.083333333,,,Completo,2.0
RA-604,FASE 2,2K,Aluno-604,,,Feminino,2021,Pública,8.548033333,Topázio,,,,3.0,9.0,9.3,7.52,7.5,8.616666667,10.0,,6.0,9.0,,,,Fase 2 (5° e 6° ano),0,,,,2023,8.125,,,Completo,2.0
RA-605,FASE 2,2K,Aluno-605,,12.0,Feminino,2021,Pública,7.709366667,Ametista,,,,3.0,9.0,9.5,7.52,6.8,7.84,5.0,,4.8,8.8,,,,Fase 3 (7° e 8° ano),-1,,,,2023,7.291666667,,,Completo,2.0
RA-668,FASE 2,2K,Aluno-668,,12.0,Masculino,2022,Pública,6.017933333,Agata,,,,3.0,6.3,6.3,7.52,3.4,7.616666667,5.0,,2.7,4.0,,,,Fase 3 (7° e 8° ano),-1,,,,2023,6.875,,,Completo,2.0
RA-1117,FASE 2,2K,Aluno-1117,,,Feminino,2023,Pública,8.382366667,Topázio,,,,3.0,9.0,9.6,7.52,7.3,7.946666667,10.0,,6.0,8.5,,,,Fase 2 (5° e 6° ano),0,,,,2023,7.708333333,,,Completo,2.0
RA-1118,FASE 2,2K,Aluno-1118,,,Feminino,2023,Pública,7.163833333,Ametista,,,,3.0,5.3,8.8,7.52,6.0,8.28,5.0,,4.8,7.2,,,,Fase 3 (7° e 8° ano),-1,,,,2023,7.708333333,,,Completo,2.0
RA-610,FASE 2,2K,Aluno-610,,,Feminino,2022,Pública,8.2857,Topázio,,,,3.0,10.0,10.0,2.52,7.0,8.896666667,10.0,,6.3,7.7,,,,Fase 2 (5° e 6° ano),0,,,,2023,8.541666667,,,Completo,2.0
RA-409,FASE 2,2K,Aluno-409,,,Feminino,2022,Pública,7.621466667,Ametista,,,,3.0,8.4,9.5,2.52,8.0,8.73,5.0,,6.2,9.7,,,,Fase 3 (7° e 8° ano),-1,,,,2023,7.916666667,,,Completo,2.0
RA-466,FASE 2,2L,Aluno-466,,14.0,Masculino,2022,Pública,6.595533333,Agata,,,,3.0,9.5,7.6,6.89,4.5,7.056666667,5.0,,2.5,6.5,,,,Fase 4 (9° ano),-2,,,,2023,6.25,,,Completo,2.0
RA-760,FASE 2,2L,Aluno-760,,,Masculino,2021,Pública,6.548333333,Agata,,,,3.0,0.0,8.8,7.52,6.3,7.84,5.0,,5.8,6.8,,,,Fase 3 (7° e 8° ano),-1,,,,2023,7.083333333,,,Completo,2.0
RA-404,FASE 2,2L,Aluno-404,,,Feminino,2020,Pública,6.7093,Agata,,,,3.0,7.9,8.3,5.02,6.0,6.89,5.0,,4.7,7.2,,,,Fase 3 (7° e 8° ano),-1,,,,2023,6.875,,,Completo,2.0
RA-590,FASE 2,2L,Aluno-590,,11.0,Feminino,2020,Privada,7.647666667,Ametista,,,,3.0,6.3,9.7,3.77,6.5,8.34,10.0,,5.7,7.3,,,,Fase 2 (5° e 6° ano),0,,,,2023,7.291666667,,,Completo,2.0
RA-469,FASE 2,2L,Aluno-469,,,Feminino,2022,Pública,7.482533333,Ametista,,,,3.0,7.5,9.3,2.52,7.8,8.843333333,5.0,,6.8,8.8,,,,Fase 3 (7° e 8° ano),-1,,,,2023,7.916666667,,,Completo,2.0
RA-1119,FASE 2,2L,Aluno-1119,,13.0,Feminino,2023,Pública,7.192,Ametista,,,,3.0,7.3,9.7,3.77,5.9,8.453333333,5.0,,3.0,8.8,,,,Fase 3 (7° e 8° ano),-1,,,,2023,7.708333333,,,Completo,2.0
RA-1120,FASE 2,2L,Aluno-1120,,11.0,Feminino,2023,Pública,9.103366667,Topázio,,,,3.0,9.5,9.6,7.52,8.3,9.676666667,10.0,,7.3,9.2,,,,Fase 2 (5° e 6° ano),0,,,,2023,8.958333333,,,Completo,2.0
RA-472,FASE 2,2L,Aluno-472,,,Feminino,2022,Pública,6.6858,Agata,,,,3.0,5.1,7.1,7.52,5.5,8.223333333,5.0,,3.7,7.2,,,,Fase 3 (7° e 8° ano),-1,,,,2023,7.708333333,,,Completo,2.0
RA-1121,FASE 2,2L,Aluno-1121,,,Masculino,2023,Pública,8.049,Topázio,,,,3.0,0.0,9.9,6.26,8.0,9.84,10.0,,6.5,9.5,,,,Fase 2 (5° e 6° ano),0,,,,2023,8.75,,,Completo,2.0
RA-1122,FASE 2,2L,Aluno-1122,,11.0,Masculino,2023,Pública,7.3715,Ametista,,,,3.0,0.0,9.3,6.89,6.9,8.616666667,10.0,,5.2,8.5,,,,Fase 2 (5° e 6° ano),0,,,,2023,7.291666667,,,Completo,2.0
RA-438,FASE 2,2L,Aluno-438,,,Masculino,2022,Pública,6.9883,Agata,,,,3.0,6.9,7.5,6.26,5.4,7.223333333,10.0,,3.5,7.3,,,,Fase 2 (5° e 6° ano),0,,,,2023,6.458333333,,,Completo,2.0
RA-408,FASE 2,2L,Aluno-408,,13.0,Feminino,2022,Pública,7.242133333,Ametista,,,,3.0,7.9,8.5,3.77,6.8,8.45,5.0,,6.0,7.5,,,,Fase 3 (7° e 8° ano),-1,,,,2023,8.333333333,,,Completo,2.0
RA-1123,FASE 2,2L,Aluno-1123,,,Masculino,2023,Pública,6.9565,Agata,,,,3.0,7.3,8.9,7.52,5.3,7.113333333,5.0,,3.8,6.8,,,,Fase 3 (7° e 8° ano),-1,,,,2023,7.083333333,,,Completo,2.0
RA-1124,FASE 2,2M,Aluno-1124,,14.0,Feminino,2023,Pública,6.667866667,Agata,,,,3.0,9.5,8.0,7.52,3.0,7.786666667,5.0,,1.0,5.0,,,,Fase 4 (9° ano),-2,,,,2023,7.083333333,,,Completo,2.0
RA-623,FASE 2,2M,Aluno-623,,14.0,Masculino,2022,Pública,7.8307,Ametista,,,,3.0,10.0,9.5,7.52,7.3,7.446666667,5.0,,5.8,8.8,,,,Fase 4 (9° ano),-2,,,,2023,7.291666667,,,Completo,2.0
RA-661,FASE 2,2M,Aluno-661,,,Masculino,2022,Pública,6.846333333,Agata,,,,3.0,0.0,7.7,6.89,6.5,7.836666667,10.0,,4.3,8.7,,,,Fase 2 (5° e 6° ano),0,,,,2023,7.5,,,Completo,2.0
RA-626,FASE 2,2M,Aluno-626,,12.0,Masculino,2021,Pública,7.231033333,Ametista,,,,3.0,9.0,9.2,4.39,6.5,7.613333333,5.0,,4.7,8.3,,,,Fase 3 (7° e 8° ano),-1,,,,2023,7.291666667,,,Completo,2.0
RA-433,FASE 2,2M,Aluno-433,,,Masculino,2022,Pública,6.5982,Agata,,,,3.0,8.5,7.2,7.52,4.8,7.613333333,5.0,,1.8,7.7,,,,Fase 3 (7° e 8° ano),-1,,,,2023,5.833333333,,,Completo,2.0
RA-614,FASE 2,2M,Aluno-614,,13.0,Masculino,2021,Pública,8.2282,Topázio,,,,3.0,9.0,9.1,7.52,8.6,8.563333333,5.0,,8.8,8.3,,,,Fase 3 (7° e 8° ano),-1,,,,2023,8.333333333,,,Completo,2.0
RA-434,FASE 2,2M,Aluno-434,,12.0,Masculino,2022,Pública,7.069766667,Ametista,,,,3.0,6.3,8.0,7.52,6.6,7.613333333,5.0,,5.2,8.0,,,,Fase 3 (7° e 8° ano),-1,,,,2023,7.5,,,Completo,2.0
RA-603,FASE 2,2M,Aluno-603,,11.0,Masculino,2022,Pública,6.748833333,Agata,,,,3.0,0.0,8.9,2.52,7.0,7.78,10.0,,5.7,8.2,,,,Fase 2 (5° e 6° ano),0,,,,2023,7.708333333,,,Completo,2.0
RA-436,FASE 2,2M,Aluno-436,,12.0,Masculino,2022,Pública,5.322366667,Quartzo,,,,3.0,7.5,4.7,2.52,3.4,7.613333333,5.0,,3.7,3.0,,,,Fase 3 (7° e 8° ano),-1,,,,2023,6.875,,,Completo,2.0
RA-616,FASE 2,2M,Aluno-616,,,Masculino,2019,Pública,5.612,Quartzo,,,,3.0,0.0,6.6,5.02,6.8,6.783333333,5.0,,5.5,8.0,,,,Fase 3 (7° e 8° ano),-1,,,,2023,5.833333333,,,Completo,2.0
RA-437,FASE 2,2M,Aluno-437,,,Masculino,2022,Pública,6.947366667,Agata,,,,3.0,8.0,8.4,7.52,4.7,7.78,5.0,,2.5,6.8,,,,Fase 4 (9° ano),-2,,,,2023,7.291666667,,,Completo,2.0
RA-1125,FASE 2,2M,Aluno-1125,,,Feminino,2023,Pública,6.655366667,Agata,,,,3.0,4.7,7.9,7.52,4.0,6.95,10.0,,1.0,7.0,,,,Fase 2 (5° e 6° ano),0,,,,2023,6.666666667,,,Completo,2.0
RA-619,FASE 2,2M,Aluno-619,,11.0,Feminino,2021,Pública,7.891366667,Ametista,,,,3.0,9.0,7.1,3.77,9.0,8.116666667,10.0,,8.5,9.5,,,,Fase 2 (5° e 6° ano),0,,,,2023,7.708333333,,,Completo,2.0
RA-620,FASE 2,2M,Aluno-620,,13.0,Masculino,2021,Pública,7.043666667,Ametista,,,,3.0,6.8,8.4,7.52,6.2,7.503333333,5.0,,5.2,7.2,,,,Fase 3 (7° e 8° ano),-1,,,,2023,6.875,,,Completo,2.0
RA-1126,FASE 2,2M,Aluno-1126,,12.0,Feminino,2023,Pública,,,,,,3.0,0.0,5.2,3.77,,7.06,5.0,,,,,,,Fase 3 (7° e 8° ano),-1,,,,2023,7.291666667,,,Completo,2.0
RA-1127,FASE 2,2N,Aluno-1127,,,Feminino,2023,Pública,8.3167,Topázio,,,,3.0,8.5,9.9,5.02,6.9,9.01,10.0,,5.0,8.7,,,,Fase 2 (5° e 6° ano),0,,,,2023,8.125,,,Completo,2.0
RA-1128,FASE 2,2N,Aluno-1128,,12.0,Masculino,2023,Pública,6.404533333,Agata,,,,3.0,9.5,7.3,5.02,3.5,7.503333333,5.0,,3.0,4.0,,,,Fase 3 (7° e 8° ano),-1,,,,2023,7.916666667,,,Completo,2.0
RA-1129,FASE 2,2N,Aluno-1129,,11.0,Masculino,2023,Pública,7.309333333,Ametista,,,,3.0,0.0,9.2,6.27,7.8,7.503333333,10.0,,6.8,8.7,,,,Fase 2 (5° e 6° ano),0,,,,2023,7.916666667,,,Completo,2.0
RA-1130,FASE 2,2N,Aluno-1130,,11.0,Masculino,2023,Pública,8.0037,Topázio,,,,3.0,8.5,8.4,7.52,7.3,7.503333333,10.0,,6.3,8.2,,,,Fase 2 (5° e 6° ano),0,,,,2023,7.708333333,,,Completo,2.0
RA-1131,FASE 2,2N,Aluno-1131,,12.0,Feminino,2023,Pública,8.316133333,Topázio,,,,3.0,7.9,9.9,5.02,9.1,9.286666667,5.0,,8.3,9.8,,,,Fase 3 (7° e 8° ano),-1,,,,2023,8.75,,,Completo,2.0
RA-1132,FASE 2,2N,Aluno-1132,,12.0,Masculino,2023,Pública,6.829533333,Agata,,,,3.0,10.0,6.3,6.27,5.8,7.503333333,5.0,,5.2,6.3,,,,Fase 3 (7° e 8° ano),-1,,,,2023,7.916666667,,,Completo,2.0
RA-1133,FASE 2,2N,Aluno-1133,,10.0,Feminino,2023,Pública,8.600033333,Topázio,,,,3.0,9.5,10.0,6.27,6.5,9.343333333,10.0,,5.0,8.0,,,,Fase 2 (5° e 6° ano),0,,,,2023,8.541666667,,,Completo,2.0
RA-1134,FASE 2,2N,Aluno-1134,,11.0,Masculino,2023,Pública,7.769866667,Ametista,,,,3.0,8.0,9.7,3.76,6.8,7.56,10.0,,5.5,8.0,,,,Fase 2 (5° e 6° ano),0,,,,2023,7.916666667,,,Completo,2.0
RA-618,FASE 2,2N,Aluno-618,,,Masculino,2020,Pública,6.4745,Agata,,,,3.0,0.0,9.2,5.02,6.2,7.95,5.0,,4.5,7.8,,,,Fase 4 (9° ano),-2,,,,2023,8.125,,,Completo,2.0
RA-631,FASE 2,2N,Aluno-631,,13.0,Masculino,2022,Pública,5.954666667,Quartzo,,,,3.0,0.0,6.4,6.27,7.0,6.78,5.0,,6.0,8.0,,,,Fase 3 (7° e 8° ano),-1,,,,2023,7.916666667,,,Completo,2.0
RA-646,FASE 2,2P,Aluno-646,,13.0,Masculino,2019,Pública,8.3547,Topázio,,,,3.0,10.0,8.9,7.52,8.4,8.783333333,5.0,,8.2,8.5,,,,Fase 3 (7° e 8° ano),-1,,,,2023,8.958333333,,,Completo,2.0
RA-451,FASE 2,2P,Aluno-451,,14.0,Feminino,2019,Pública,8.386033333,Topázio,,,,3.0,8.5,9.5,4.39,8.9,9.896666667,5.0,,7.8,10.0,,,,Fase 4 (9° ano),-2,,,,2023,9.375,,,Completo,2.0
RA-1135,FASE 2,2P,Aluno-1135,,11.0,Masculino,2023,Pública,7.453833333,Ametista,,,,3.0,0.0,9.4,7.52,7.2,7.896666667,10.0,,4.8,9.5,,,,Fase 2 (5° e 6° ano),0,,,,2023,8.125,,,Completo,2.0
RA-649,FASE 2,2P,Aluno-649,,,Feminino,2019,Pública,7.579533333,Ametista,,,,3.0,9.0,9.3,3.77,6.5,8.836666667,5.0,,3.8,9.2,,,,Fase 3 (7° e 8° ano),-1,,,,2023,8.75,,,Completo,2.0
RA-651,FASE 2,2P,Aluno-651,,,Feminino,2022,Pública,7.332,Ametista,,,,3.0,0.0,8.2,3.77,9.3,7.95,10.0,,9.8,8.7,,,,Fase 2 (5° e 6° ano),0,,,,2023,8.75,,,Completo,2.0
RA-1136,FASE 2,2P,Aluno-1136,,13.0,Feminino,2023,Pública,6.7351,Agata,,,,3.0,6.8,8.1,2.52,6.6,7.723333333,5.0,,4.8,8.3,,,,Fase 3 (7° e 8° ano),-1,,,,2023,8.333333333,,,Completo,2.0
RA-653,FASE 2,2P,Aluno-653,,12.0,Feminino,2022,Pública,7.385666667,Ametista,,,,3.0,0.0,9.8,6.27,7.9,9.06,5.0,,7.7,8.0,,,,Fase 3 (7° e 8° ano),-1,,,,2023,9.166666667,,,Completo,2.0
RA-456,FASE 2,2P,Aluno-456,,12.0,Feminino,2022,Pública,7.518,Ametista,,,,3.0,0.0,8.3,4.39,9.9,9.953333333,5.0,,9.7,10.0,,,,Fase 3 (7° e 8° ano),-1,,,,2023,9.583333333,,,Completo,2.0
RA-655,FASE 2,2P,Aluno-655,,13.0,Feminino,2019,Pública,8.3198,Topázio,,,,3.0,7.4,9.9,7.52,8.3,8.896666667,5.0,,7.2,9.3,,,,Fase 3 (7° e 8° ano),-1,,,,2023,9.166666667,,,Completo,2.0
RA-656,FASE 2,2P,Aluno-656,,12.0,Feminino,2020,Pública,6.780833333,Agata,,,,3.0,0.0,8.9,7.52,7.3,7.173333333,5.0,,5.8,8.8,,,,Fase 3 (7° e 8° ano),-1,,,,2023,8.541666667,,,Completo,2.0
RA-657,FASE 2,2P,Aluno-657,,,Feminino,2021,Pública,8.3532,Topázio,,,,3.0,8.5,10.0,7.52,8.2,8.73,5.0,,7.0,9.3,,,,Fase 3 (7° e 8° ano),-1,,,,2023,8.75,,,Completo,2.0
RA-644,FASE 2,2P,Aluno-644,,,Feminino,2021,Pública,6.897033333,Agata,,,,3.0,10.0,5.6,7.52,5.9,7.503333333,5.0,,4.0,7.7,,,,Fase 3 (7° e 8° ano),-1,,,,2023,8.541666667,,,Completo,2.0
RA-461,FASE 2,2P,Aluno-461,,12.0,Feminino,2018,Pública,7.2379,Ametista,,,,3.0,7.3,7.9,3.77,7.4,8.616666667,5.0,,5.7,9.0,,,,Fase 3 (7° e 8° ano),-1,,,,2023,8.541666667,,,Completo,2.0
RA-632,FASE 2,2R,Aluno-632,,11.0,Feminino,2022,Pública,7.8768,Ametista,,,,3.0,4.7,9.1,5.64,7.4,8.563333333,10.0,,6.8,8.0,,,,Fase 2 (5° e 6° ano),0,,,,2023,8.333333333,,,Completo,2.0
RA-633,FASE 2,2R,Aluno-633,,,Feminino,2020,Pública,6.6552,Agata,,,,3.0,1.7,8.1,6.27,7.2,7.286666667,5.0,,5.3,9.0,,,,Fase 3 (7° e 8° ano),-1,,,,2023,8.541666667,,,Completo,2.0
RA-1137,FASE 2,2R,Aluno-1137,,10.0,Feminino,2023,Pública,8.743366667,Topázio,,,,3.0,9.5,9.8,6.27,6.5,9.843333333,10.0,,6.0,7.0,,,,Fase 2 (5° e 6° ano),0,,,,2023,9.375,,,Completo,2.0
RA-1138,FASE 2,2R,Aluno-1138,,12.0,Feminino,2023,Pública,8.3472,Topázio,,,,3.0,9.0,9.2,6.27,9.3,8.566666667,5.0,,9.0,9.5,,,,Fase 3 (7° e 8° ano),-1,,,,2023,9.166666667,,,Completo,2.0
RA-1139,FASE 2,2R,Aluno-1139,,11.0,Masculino,2023,Pública,7.6647,Ametista,,,,3.0,8.5,9.1,5.64,5.3,7.79,10.0,,6.3,4.3,,,,Fase 2 (5° e 6° ano),0,,,,2023,8.125,,,Completo,2.0
RA-1140,FASE 2,2R,Aluno-1140,,11.0,Feminino,2023,Pública,7.703533333,Ametista,,,,3.0,4.7,8.7,7.52,7.3,7.62,10.0,,8.5,6.0,,,,Fase 2 (5° e 6° ano),0,,,,2023,7.708333333,,,Completo,2.0
RA-445,FASE 2,2R,Aluno-445,,13.0,Masculino,2022,Pública,7.9087,Ametista,,,,3.0,8.0,8.8,6.89,8.4,8.176666667,5.0,,7.7,9.0,,,,Fase 3 (7° e 8° ano),-1,,,,2023,8.541666667,,,Completo,2.0
RA-1141,FASE 2,2R,Aluno-1141,,12.0,Feminino,2023,Pública,7.2757,Ametista,,,,3.0,9.0,8.8,7.52,5.9,7.113333333,5.0,,5.5,6.2,,,,Fase 3 (7° e 8° ano),-1,,,,2023,7.708333333,,,Completo,2.0
RA-639,FASE 2,2R,Aluno-639,,11.0,Feminino,2021,Pública,7.5853,Ametista,,,,3.0,7.4,8.1,6.27,6.3,7.62,10.0,,4.8,7.8,,,,Fase 2 (5° e 6° ano),0,,,,2023,8.125,,,Completo,2.0
RA-1142,FASE 2,2R,Aluno-1142,,11.0,Feminino,2023,Pública,9.175033333,Topázio,,,,3.0,9.0,10.0,7.52,10.0,8.343333333,10.0,,10.0,10.0,,,,Fase 2 (5° e 6° ano),0,,,,2023,8.541666667,,,Completo,2.0
RA-642,FASE 2,2R,Aluno-642,,,Feminino,2021,Pública,8.416866667,Topázio,,,,3.0,9.5,9.2,6.27,6.5,9.173333333,10.0,,5.7,7.2,,,,Fase 2 (5° e 6° ano),0,,,,2023,8.75,,,Completo,2.0
RA-658,FASE 2,2U,Aluno-658,,10.0,Feminino,2022,Pública,8.438533333,Topázio,,,,3.0,9.5,9.5,7.52,6.1,9.173333333,10.0,,5.3,6.8,,,,Fase 2 (5° e 6° ano),0,,,,2023,7.916666667,,,Completo,2.0
RA-588,FASE 2,2U,Aluno-588,,10.0,Feminino,2021,Privada - Programa de Apadrinhamento,8.3527,Topázio,,,,3.0,8.0,9.6,2.52,7.8,9.673333333,10.0,,7.5,8.0,,,,Fase 2 (5° e 6° ano),0,,,,2023,8.958333333,,,Completo,2.0
RA-662,FASE 2,2U,Aluno-662,,12.0,Feminino,2022,Pública,6.733566667,Agata,,,,3.0,6.8,7.6,6.27,6.7,6.72,5.0,,4.3,9.0,,,,Fase 3 (7° e 8° ano),-1,,,,2023,7.291666667,,,Completo,2.0
RA-403,FASE 2,2U,Aluno-403,,,Masculino,2020,Pública,7.716366667,Ametista,,,,3.0,8.5,8.8,6.27,7.8,8.45,5.0,,6.8,8.8,,,,Fase 3 (7° e 8° ano),-1,,,,2023,7.291666667,,,Completo,2.0
RA-591,FASE 2,2U,Aluno-591,,,Masculino,2021,Pública,7.1472,Ametista,,,,3.0,9.0,8.5,6.27,6.9,7.333333333,5.0,,6.2,7.5,,,,Fase 3 (7° e 8° ano),-1,,,,2023,5.833333333,,,Completo,2.0
RA-592,FASE 2,2U,Aluno-592,,11.0,Feminino,2020,Privada,7.935466667,Ametista,,,,3.0,6.2,9.2,3.77,7.6,8.95,10.0,,5.5,9.7,,,,Fase 2 (5° e 6° ano),0,,,,2023,7.916666667,,,Completo,2.0
RA-602,FASE 2,2U,Aluno-602,,12.0,Masculino,2019,Pública,8.5592,Topázio,,,,3.0,10.0,9.6,7.52,8.1,9.51,5.0,,7.3,8.8,,,,Fase 3 (7° e 8° ano),-1,,,,2023,8.75,,,Completo,2.0
RA-666,FASE 2,2U,Aluno-666,,,Masculino,2022,Pública,8.720366667,Topázio,,,,3.0,9.5,9.1,7.52,7.1,9.62,10.0,,6.7,7.5,,,,Fase 2 (5° e 6° ano),0,,,,2023,8.541666667,,,Completo,2.0
RA-667,FASE 2,2U,Aluno-667,,12.0,Masculino,2021,Pública,6.774866667,Agata,,,,3.0,9.0,6.9,6.89,5.2,7.836666667,5.0,,3.0,7.3,,,,Fase 3 (7° e 8° ano),-1,,,,2023,7.083333333,,,Completo,2.0
RA-422,FASE 2,2U,Aluno-422,,,Masculino,2022,Pública,5.57,Quartzo,,,,3.0,0.0,7.8,7.52,4.4,6.106666667,5.0,,3.0,5.7,,,,Fase 3 (7° e 8° ano),-1,,,,2023,6.666666667,,,Completo,2.0
RA-595,FASE 2,2U,Aluno-595,,,Masculino,2018,Pública,5.078666667,Quartzo,,,,3.0,0.0,7.0,7.52,3.3,5.55,5.0,,3.2,3.3,,,,Fase 3 (7° e 8° ano),-1,,,,2023,6.666666667,,,Completo,2.0
RA-423,FASE 2,2U,Aluno-423,,13.0,Feminino,2022,Pública,6.607533333,Agata,,,,3.0,8.0,8.7,6.89,3.4,7.45,5.0,,2.3,4.5,,,,Fase 3 (7° e 8° ano),-1,,,,2023,7.083333333,,,Completo,2.0
RA-669,FASE 2,2U,Aluno-669,,11.0,Masculino,2022,Pública,7.345033333,Ametista,,,,3.0,8.5,7.8,7.52,5.0,7.06,10.0,,3.3,6.7,,,,Fase 2 (5° e 6° ano),0,,,,2023,7.708333333,,,Completo,2.0
RA-670,FASE 2,2U,Aluno-670,,,Feminino,2022,Pública,8.6067,Topázio,,,,3.0,9.5,8.7,7.52,7.0,9.343333333,10.0,,5.8,8.2,,,,Fase 2 (5° e 6° ano),0,,,,2023,8.958333333,,,Completo,2.0
RA-609,FASE 2,2U,Aluno-609,,,Masculino,2019,Pública,6.463033333,Agata,,,,3.0,9.5,6.4,7.52,5.3,6.216666667,5.0,,3.2,7.3,,,,Fase 3 (7° e 8° ano),-1,,,,2023,6.875,,,Completo,2.0
RA-326,FASE 3,3A,Aluno-326,,13.0,Feminino,2022,Privada,8.65075,Topázio,,,,4.0,9.6,9.4,3.14,8.2,9.76,10.0,,8.3,7.5,8.8,,,Fase 3 (7° e 8° ano),0,,,,2023,9.0625,,,Completo,3.0
RA-179,FASE 3,3A,Aluno-179,,12.0,Masculino,2022,Pública,8.437641667,Topázio,,,,4.0,8.8,9.4,7.52,6.4,8.9225,10.0,,8.7,6.3,4.3,,,Fase 3 (7° e 8° ano),0,,,,2023,8.59375,,,Completo,3.0
RA-1143,FASE 3,3A,Aluno-1143,,15.0,Feminino,2023,Pública,6.445933333,Agata,,,,4.0,8.8,7.0,6.26,5.3,6.2075,5.0,,6.0,6.3,3.5,,,Fase 5 (1° EM),-2,,,,2023,7.5,,,Completo,3.0
RA-330,FASE 3,3A,Aluno-330,,,Feminino,2018,Pública,6.084875,Agata,,,,4.0,9.6,7.2,6.89,3.3,5.8275,5.0,,3.8,3.8,2.3,,,Fase 5 (1° EM),-2,,,,2023,6.71875,,,Completo,3.0
RA-332,FASE 3,3A,Aluno-332,,,Masculino,2017,Privada - Programa de Apadrinhamento,8.002591667,Topázio,,,,4.0,9.2,8.4,8.76,6.8,9.175,5.0,,6.3,7.7,6.5,,,Fase 4 (9° ano),-1,,,,2023,8.28125,,,Completo,3.0
RA-199,FASE 3,3A,Aluno-199,,,Masculino,2022,Privada,7.892341667,Ametista,,,,4.0,9.2,7.6,7.51,8.5,8.505,5.0,,8.2,8.2,9.2,,,Fase 4 (9° ano),-1,,,,2023,7.96875,,,Completo,3.0
RA-1144,FASE 3,3B,Aluno-1144,,13.0,Feminino,2023,Pública,7.410625,Ametista,,,,4.0,0.0,9.4,5.02,8.0,8.0025,10.0,,7.0,8.2,8.8,,,Fase 3 (7° e 8° ano),0,,,,2023,8.28125,,,Completo,3.0
RA-352,FASE 3,3B,Aluno-352,,12.0,Masculino,2019,Pública,7.840341667,Ametista,,,,4.0,9.2,8.1,6.26,7.2,7.17,10.0,,8.2,6.0,7.5,,,Fase 3 (7° e 8° ano),0,,,,2023,7.96875,,,Completo,3.0
RA-1145,FASE 3,3B,Aluno-1145,,11.0,Feminino,2023,Pública,7.484375,Ametista,,,,4.0,0.0,9.5,4.39,7.8,8.63,10.0,,7.7,7.7,8.0,,,Fase 2 (5° e 6° ano),1,,,,2023,8.59375,,,Completo,3.0
RA-1146,FASE 3,3B,Aluno-1146,,14.0,Feminino,2023,Pública,6.689583333,Agata,,,,4.0,9.6,8.8,6.26,3.7,6.965,5.0,,5.0,3.3,2.7,,,Fase 4 (9° ano),-1,,,,2023,7.1875,,,Completo,3.0
RA-331,FASE 3,3B,Aluno-331,,13.0,Feminino,2019,Pública,7.039791667,Ametista,,,,4.0,9.6,8.6,2.52,5.2,6.7975,10.0,,5.7,4.8,5.2,,,Fase 3 (7° e 8° ano),0,,,,2023,7.03125,,,Completo,3.0
RA-227,FASE 3,3B,Aluno-227,,,Masculino,2022,Pública,7.722125,Ametista,,,,4.0,9.6,7.5,5.63,6.9,7.4625,10.0,,7.2,6.5,7.0,,,Fase 3 (7° e 8° ano),0,,,,2023,8.28125,,,Completo,3.0
RA-247,FASE 3,3B,Aluno-247,,13.0,Feminino,2021,Pública,7.221958333,Ametista,,,,4.0,0.0,8.5,7.52,7.2,7.5425,10.0,,6.5,6.7,8.3,,,Fase 3 (7° e 8° ano),0,,,,2023,8.28125,,,Completo,3.0
RA-343,FASE 3,3B,Aluno-343,,,Masculino,2020,Pública,6.779591667,Agata,,,,4.0,9.2,7.2,6.26,5.7,6.9225,5.0,,4.5,6.7,6.0,,,Fase 5 (1° EM),-2,,,,2023,7.65625,,,Completo,3.0
RA-1147,FASE 3,3B,Aluno-1147,,,Feminino,2023,Pública,7.072983333,Ametista,,,,4.0,8.3,8.3,6.26,6.7,7.0075,5.0,,5.0,7.5,7.5,,,Fase 4 (9° ano),-1,,,,2023,7.1875,,,Completo,3.0
RA-345,FASE 3,3B,Aluno-345,,,Masculino,2021,Pública,6.534766667,Agata,,,,4.0,8.8,6.8,6.26,4.6,7.1725,5.0,,5.7,5.7,2.5,,,Fase 4 (9° ano),-1,,,,2023,8.125,,,Completo,3.0
RA-336,FASE 3,3B,Aluno-336,,14.0,Masculino,2016,Pública,5.887708333,Quartzo,,,,4.0,0.0,7.5,6.89,5.1,7.255,5.0,,6.7,5.2,3.3,,,Fase 4 (9° ano),-1,,,,2023,7.34375,,,Completo,3.0
RA-346,FASE 3,3B,Aluno-346,,,Masculino,2022,Pública,7.305541667,Ametista,,,,4.0,0.0,9.4,8.14,6.2,7.84,10.0,,6.7,5.5,6.5,,,Fase 2 (5° e 6° ano),1,,,,2023,7.96875,,,Completo,3.0
RA-1148,FASE 3,3B,Aluno-1148,,11.0,Feminino,2023,Pública,7.227866667,Ametista,,,,4.0,7.9,8.6,3.77,5.7,7.2125,10.0,,5.7,5.3,6.2,,,Fase 2 (5° e 6° ano),1,,,,2023,7.5,,,Completo,3.0
RA-1149,FASE 3,3C,Aluno-1149,,,Feminino,2023,Pública,7.410108333,Ametista,,,,4.0,8.3,9.8,2.52,7.2,8.1725,5.0,,6.0,6.8,8.7,,,Fase 4 (9° ano),-1,,,,2023,7.96875,,,Completo,3.0
RA-1150,FASE 3,3C,Aluno-1150,,16.0,Masculino,2023,Pública,7.076008333,Ametista,,,,4.0,9.2,9.8,2.52,6.7,7.835,2.5,,7.0,6.5,6.5,,,Fase 6 (2° EM),-3,,,,2023,7.96875,,,Completo,3.0
RA-1151,FASE 3,3C,Aluno-1151,,,Feminino,2023,Pública,7.829958333,Ametista,,,,4.0,7.5,9.5,2.52,8.3,7.545,10.0,,7.3,8.8,8.7,,,Fase 3 (7° e 8° ano),0,,,,2023,7.65625,,,Completo,3.0
RA-356,FASE 3,3C,Aluno-356,,,Masculino,2019,Pública,6.452008333,Agata,,,,4.0,9.2,8.5,2.52,3.4,6.5025,10.0,,4.3,4.5,1.3,,,Fase 3 (7° e 8° ano),0,,,,2023,6.09375,,,Completo,3.0
RA-1152,FASE 3,3C,Aluno-1152,,,Masculino,2023,Pública,6.544916667,Agata,,,,4.0,0.0,9.4,5.0,6.8,7.585,5.0,,6.7,6.0,7.8,,,Fase 4 (9° ano),-1,,,,2023,7.8125,,,Completo,3.0
RA-221,FASE 3,3C,Aluno-221,,15.0,Masculino,2022,Pública,6.959916667,Agata,,,,4.0,9.6,9.0,5.0,5.0,7.38,5.0,,5.5,4.8,4.8,,,Fase 5 (1° EM),-2,,,,2023,7.1875,,,Completo,3.0
RA-359,FASE 3,3C,Aluno-359,,13.0,Feminino,2019,Pública,7.627125,Ametista,,,,4.0,9.6,9.2,2.52,5.8,8.255,10.0,,6.0,6.7,4.7,,,Fase 3 (7° e 8° ano),0,,,,2023,7.65625,,,Completo,3.0
RA-360,FASE 3,3C,Aluno-360,,13.0,Feminino,2019,Pública,5.790875,Quartzo,,,,4.0,0.0,7.3,2.52,4.3,7.4225,10.0,,5.3,4.8,2.8,,,Fase 3 (7° e 8° ano),0,,,,2023,7.34375,,,Completo,3.0
RA-338,FASE 3,3D,Aluno-338,,,Masculino,2019,Pública,8.287441667,Topázio,,,,4.0,8.3,9.1,7.52,6.7,8.38,10.0,,8.7,7.0,4.5,,,Fase 3 (7° e 8° ano),0,,,,2023,8.59375,,,Completo,3.0
RA-339,FASE 3,3D,Aluno-339,,,Feminino,2019,Pública,7.377583333,Ametista,,,,4.0,0.0,8.9,7.52,7.1,8.255,10.0,,7.7,5.7,7.8,,,Fase 3 (7° e 8° ano),0,,,,2023,7.8125,,,Completo,3.0
RA-353,FASE 3,3D,Aluno-353,,12.0,Feminino,2022,Pública,8.309016667,Topázio,,,,4.0,8.8,9.9,2.52,8.4,8.67,10.0,,8.5,7.3,9.5,,,Fase 3 (7° e 8° ano),0,,,,2023,7.8125,,,Completo,3.0
RA-1153,FASE 3,3D,Aluno-1153,,14.0,Feminino,2023,Pública,7.968658333,Ametista,,,,4.0,7.9,10.0,7.52,7.2,8.63,5.0,,6.7,7.8,7.0,,,Fase 4 (9° ano),-1,,,,2023,7.65625,,,Completo,3.0
RA-183,FASE 3,3D,Aluno-183,,14.0,Feminino,2022,Pública,7.586241667,Ametista,,,,4.0,7.9,9.7,2.52,7.7,8.795,5.0,,7.0,8.0,8.2,,,Fase 4 (9° ano),-1,,,,2023,7.96875,,,Completo,3.0
RA-342,FASE 3,3D,Aluno-342,,15.0,Feminino,2021,Pública,7.539875,Ametista,,,,4.0,7.5,8.6,7.52,6.6,8.505,5.0,,6.3,7.8,5.7,,,Fase 5 (1° EM),-2,,,,2023,7.96875,,,Completo,3.0
RA-187,FASE 3,3D,Aluno-187,,13.0,Feminino,2019,Privada - Programa de Apadrinhamento,7.809875,Ametista,,,,4.0,7.5,9.9,2.52,6.9,8.255,10.0,,7.3,8.7,4.7,,,Fase 3 (7° e 8° ano),0,,,,2023,7.96875,,,Completo,3.0
RA-190,FASE 3,3D,Aluno-190,,14.0,Feminino,2022,Pública,6.934158333,Agata,,,,4.0,7.9,9.5,2.52,5.7,7.9575,5.0,,5.8,5.2,6.0,,,Fase 4 (9° ano),-1,,,,2023,7.65625,,,Completo,3.0
RA-347,FASE 3,3D,Aluno-347,,13.0,Feminino,2019,Pública,7.61835,Ametista,,,,4.0,6.7,9.5,2.52,7.3,7.7925,10.0,,6.7,6.2,9.0,,,Fase 3 (7° e 8° ano),0,,,,2023,7.8125,,,Completo,3.0
RA-234,FASE 3,3D,Aluno-234,,13.0,Masculino,2022,Pública,6.248741667,Agata,,,,4.0,6.7,8.0,2.52,5.6,5.595,10.0,,6.3,5.3,5.3,,,Fase 3 (7° e 8° ano),0,,,,2023,4.84375,,,Completo,3.0
RA-1154,FASE 3,3F,Aluno-1154,,13.0,Masculino,2023,Pública,7.701125,Ametista,,,,4.0,9.6,9.3,5.63,5.1,7.67,10.0,,5.3,5.0,5.0,,,Fase 3 (7° e 8° ano),0,,,,2023,7.65625,,,Completo,3.0
RA-249,FASE 3,3F,Aluno-249,,,Masculino,2017,Pública,5.444625,Quartzo,,,,4.0,0.0,8.2,5.0,4.9,6.545,5.0,,6.2,5.3,3.2,,,Fase 5 (1° EM),-2,,,,2023,5.15625,,,Completo,3.0
RA-380,FASE 3,3F,Aluno-380,,14.0,Masculino,2017,Pública,4.912375,Quartzo,,,,4.0,0.0,6.4,2.52,4.5,6.5425,5.0,,7.0,4.0,2.5,,,Fase 4 (9° ano),-1,,,,2023,6.71875,,,Completo,3.0
RA-250,FASE 3,3F,Aluno-250,,13.0,Feminino,2022,Pública,7.598208333,Ametista,,,,4.0,0.0,9.3,5.63,8.3,8.625,10.0,,7.7,8.8,8.3,,,Fase 3 (7° e 8° ano),0,,,,2023,7.96875,,,Completo,3.0
RA-367,FASE 3,3F,Aluno-367,,12.0,Feminino,2018,Pública,7.38685,Ametista,,,,4.0,8.8,8.7,2.52,5.9,7.7925,10.0,,7.0,5.5,5.2,,,Fase 3 (7° e 8° ano),0,,,,2023,7.8125,,,Completo,3.0
RA-1155,FASE 3,3F,Aluno-1155,,14.0,Feminino,2023,Pública,7.821633333,Ametista,,,,4.0,9.2,9.2,5.63,8.0,8.2925,5.0,,6.7,8.2,9.0,,,Fase 4 (9° ano),-1,,,,2023,7.5,,,Completo,3.0
RA-1156,FASE 3,3F,Aluno-1156,,12.0,Feminino,2023,Pública,7.340775,Ametista,,,,4.0,8.3,9.2,2.52,5.3,7.7925,10.0,,6.2,6.0,3.7,,,Fase 3 (7° e 8° ano),0,,,,2023,7.96875,,,Completo,3.0
RA-368,FASE 3,3F,Aluno-368,,,Masculino,2018,Pública,5.796458333,Quartzo,,,,4.0,0.0,7.7,2.52,6.7,7.34,5.0,,5.0,7.2,7.8,,,Fase 4 (9° ano),-1,,,,2023,7.03125,,,Completo,3.0
RA-387,FASE 3,3F,Aluno-387,,14.0,Masculino,2019,Pública,4.794333333,Quartzo,,,,4.0,0.0,6.8,2.52,3.0,7.0075,5.0,,4.3,2.8,1.8,,,Fase 4 (9° ano),-1,,,,2023,6.875,,,Completo,3.0
RA-388,FASE 3,3F,Aluno-388,,15.0,Feminino,2019,Pública,5.630833333,Quartzo,,,,4.0,0.0,7.4,5.63,4.2,7.835,5.0,,6.0,4.3,2.2,,,Fase 5 (1° EM),-2,,,,2023,6.875,,,Completo,3.0
RA-374,FASE 3,3F,Aluno-374,,13.0,Feminino,2021,Privada,7.533891667,Ametista,,,,4.0,8.8,8.3,5.63,5.4,7.9175,10.0,,6.3,6.3,3.7,,,Fase 3 (7° e 8° ano),0,,,,2023,7.65625,,,Completo,3.0
RA-377,FASE 3,3F,Aluno-377,,13.0,Feminino,2021,Pública,7.205041667,Ametista,,,,4.0,9.6,7.6,5.0,4.8,7.6275,10.0,,6.0,5.7,2.8,,,Fase 3 (7° e 8° ano),0,,,,2023,7.34375,,,Completo,3.0
RA-223,FASE 3,3G,Aluno-223,,14.0,Feminino,2022,Pública,5.089833333,Quartzo,,,,4.0,0.0,4.5,7.52,3.8,7.1725,5.0,,5.5,4.0,1.8,,,Fase 4 (9° ano),-1,,,,2023,7.5,,,Completo,3.0
RA-236,FASE 3,3G,Aluno-236,,13.0,Feminino,2022,Pública,7.337116667,Ametista,,,,4.0,10.0,7.5,7.52,4.5,7.2975,10.0,,6.3,4.0,3.3,,,Fase 3 (7° e 8° ano),0,,,,2023,7.1875,,,Completo,3.0
RA-362,FASE 3,3G,Aluno-362,,13.0,Feminino,2018,Pública,6.392625,Agata,,,,4.0,0.0,7.5,7.52,5.1,7.0875,10.0,,5.7,6.8,2.8,,,Fase 3 (7° e 8° ano),0,,,,2023,7.03125,,,Completo,3.0
RA-381,FASE 3,3G,Aluno-381,,,Masculino,2018,Pública,5.758041667,Quartzo,,,,4.0,0.0,8.4,6.89,3.9,6.84,5.0,,5.3,5.3,1.2,,,Fase 4 (9° ano),-1,,,,2023,7.34375,,,Completo,3.0
RA-364,FASE 3,3G,Aluno-364,,,Masculino,2019,Pública,7.734891667,Ametista,,,,4.0,8.8,9.0,6.89,5.8,7.505,10.0,,8.0,5.2,4.3,,,Fase 3 (7° e 8° ano),0,,,,2023,7.03125,,,Completo,3.0
RA-382,FASE 3,3G,Aluno-382,,15.0,Masculino,2017,Pública,6.223833333,Agata,,,,4.0,0.0,9.4,6.26,5.2,7.1725,5.0,,5.0,5.8,4.7,,,Fase 5 (1° EM),-2,,,,2023,7.5,,,Completo,3.0
RA-383,FASE 3,3G,Aluno-383,,12.0,Masculino,2019,Pública,7.5408,Ametista,,,,4.0,9.2,8.8,3.14,6.5,7.5,10.0,,6.3,6.2,7.0,,,Fase 3 (7° e 8° ano),0,,,,2023,7.5,,,Completo,3.0
RA-384,FASE 3,3G,Aluno-384,,,Feminino,2017,Pública,6.757958333,Agata,,,,4.0,0.0,9.1,2.52,7.3,7.335,10.0,,6.3,7.2,8.3,,,Fase 3 (7° e 8° ano),0,,,,2023,7.65625,,,Completo,3.0
RA-1157,FASE 3,3G,Aluno-1157,,14.0,Masculino,2023,Pública,7.086633333,Ametista,,,,4.0,9.2,8.8,6.26,5.7,7.0025,5.0,,5.0,6.3,5.7,,,Fase 4 (9° ano),-1,,,,2023,7.5,,,Completo,3.0
RA-386,FASE 3,3G,Aluno-386,,,Masculino,2019,Pública,5.758425,Quartzo,,,,4.0,9.2,7.0,2.52,3.3,6.6325,5.0,,5.0,3.7,1.2,,,Fase 4 (9° ano),-1,,,,2023,7.03125,,,Completo,3.0
RA-260,FASE 3,3G,Aluno-260,,,Feminino,2019,Pública,8.080008333,Topázio,,,,4.0,9.2,9.9,7.52,6.1,7.4175,10.0,,6.3,5.2,6.7,,,Fase 3 (7° e 8° ano),0,,,,2023,7.34375,,,Completo,3.0
RA-390,FASE 3,3G,Aluno-390,,,Feminino,2022,Pública,6.905741667,Agata,,,,4.0,7.9,8.8,2.52,4.8,7.005,10.0,,5.7,5.8,3.0,,,Fase 3 (7° e 8° ano),0,,,,2023,7.34375,,,Completo,3.0
RA-1158,FASE 3,3G,Aluno-1158,,14.0,Feminino,2023,Pública,6.306666667,Agata,,,,4.0,7.5,8.6,2.52,4.3,7.34,5.0,,5.3,5.0,2.7,,,Fase 4 (9° ano),-1,,,,2023,7.5,,,Completo,3.0
RA-391,FASE 3,3I,Aluno-391,,,Feminino,2022,Pública,6.5107,Agata,,,,4.0,7.9,7.5,2.52,3.5,7.585,10.0,,4.2,5.0,1.3,,,Fase 3 (7° e 8° ano),0,,,,2023,7.5,,,Completo,3.0
RA-1159,FASE 3,3I,Aluno-1159,,,Feminino,2023,Pública,5.913883333,Quartzo,,,,4.0,5.8,6.6,2.52,3.1,7.1325,10.0,,5.2,1.5,2.5,,,Fase 3 (7° e 8° ano),0,,,,2023,7.1875,,,Completo,3.0
RA-392,FASE 3,3I,Aluno-392,,15.0,Masculino,2022,Pública,6.567208333,Agata,,,,4.0,9.6,9.5,2.52,4.6,7.17,5.0,,6.2,4.7,2.8,,,Fase 5 (1° EM),-2,,,,2023,6.09375,,,Completo,3.0
RA-1160,FASE 3,3I,Aluno-1160,,,Masculino,2023,Pública,6.636166667,Agata,,,,4.0,9.6,8.7,2.52,2.7,7.2575,10.0,,4.8,2.7,0.7,,,Fase 3 (7° e 8° ano),0,,,,2023,6.875,,,Completo,3.0
RA-1161,FASE 3,3I,Aluno-1161,,,Feminino,2023,Pública,7.317791667,Ametista,,,,4.0,6.3,8.1,2.52,6.3,8.63,10.0,,7.3,6.5,5.2,,,Fase 3 (7° e 8° ano),0,,,,2023,8.28125,,,Completo,3.0
RA-395,FASE 3,3I,Aluno-395,,12.0,Feminino,2018,Pública,7.469175,Ametista,,,,4.0,9.2,8.6,2.52,6.0,7.9175,10.0,,6.7,5.3,6.0,,,Fase 3 (7° e 8° ano),0,,,,2023,7.96875,,,Completo,3.0
RA-450,FASE 3,3K,Aluno-450,,14.0,Masculino,2021,Pública,6.819625,Agata,,,,4.0,9.6,8.4,2.52,5.4,7.9175,5.0,,7.0,6.5,2.7,,,Fase 4 (9° ano),-1,,,,2023,7.65625,,,Completo,3.0
RA-463,FASE 3,3K,Aluno-463,,13.0,Feminino,2020,Pública,6.382383333,Agata,,,,4.0,9.2,5.4,2.52,4.0,7.795,10.0,,6.3,4.3,1.3,,,Fase 3 (7° e 8° ano),0,,,,2023,7.8125,,,Completo,3.0
RA-298,FASE 3,3K,Aluno-298,,14.0,Masculino,2019,Pública,6.824333333,Agata,,,,4.0,9.6,8.6,2.52,5.5,7.7525,5.0,,7.7,4.5,4.2,,,Fase 4 (9° ano),-1,,,,2023,7.5,,,Completo,3.0
RA-464,FASE 3,3K,Aluno-464,,,Feminino,2022,Pública,6.081675,Agata,,,,4.0,9.2,7.7,2.52,3.0,7.38,5.0,,4.8,3.7,0.5,,,Fase 4 (9° ano),-1,,,,2023,7.96875,,,Completo,3.0
RA-465,FASE 3,3K,Aluno-465,,,Masculino,2019,Pública,8.012875,Topázio,,,,4.0,7.5,9.4,2.52,8.5,8.17,10.0,,8.3,8.2,9.0,,,Fase 3 (7° e 8° ano),0,,,,2023,7.96875,,,Completo,3.0
RA-442,FASE 3,3K,Aluno-442,,,Feminino,2022,Pública,6.814166667,Agata,,,,4.0,0.0,7.6,7.52,5.8,8.1275,10.0,,6.7,6.5,4.3,,,Fase 3 (7° e 8° ano),0,,,,2023,7.5,,,Completo,3.0
RA-300,FASE 3,3K,Aluno-300,,15.0,Masculino,2022,Pública,5.616691667,Quartzo,,,,4.0,5.0,7.5,2.52,4.5,6.5875,5.0,,4.5,5.3,3.8,,,Fase 5 (1° EM),-2,,,,2023,6.40625,,,Completo,3.0
RA-467,FASE 3,3K,Aluno-467,,,Feminino,2022,Pública,6.552916667,Agata,,,,4.0,6.3,9.2,3.14,5.2,7.5425,5.0,,6.0,6.0,3.7,,,Fase 4 (9° ano),-1,,,,2023,7.1875,,,Completo,3.0
RA-468,FASE 3,3K,Aluno-468,,,Masculino,2022,Pública,5.911108333,Quartzo,,,,4.0,8.3,6.0,6.27,3.4,6.715,5.0,,4.8,3.0,2.3,,,Fase 4 (9° ano),-1,,,,2023,7.34375,,,Completo,3.0
RA-1162,FASE 3,3K,Aluno-1162,,13.0,Feminino,2023,Pública,7.44215,Ametista,,,,4.0,8.3,8.5,3.77,6.0,7.7525,10.0,,7.3,5.5,5.2,,,Fase 3 (7° e 8° ano),0,,,,2023,7.8125,,,Completo,3.0
RA-470,FASE 3,3K,Aluno-470,,14.0,Feminino,2019,Pública,6.993766667,Agata,,,,4.0,8.8,9.2,5.0,4.9,7.71,5.0,,6.0,4.3,4.5,,,Fase 4 (9° ano),-1,,,,2023,7.5,,,Completo,3.0
RA-474,FASE 3,3K,Aluno-474,,14.0,Masculino,2019,Pública,5.283583333,Quartzo,,,,4.0,0.0,7.8,5.0,3.3,6.7575,5.0,,4.8,3.8,1.2,,,Fase 4 (9° ano),-1,,,,2023,7.1875,,,Completo,3.0
RA-476,FASE 3,3K,Aluno-476,,13.0,Feminino,2019,Pública,6.492408333,Agata,,,,4.0,7.9,7.0,2.52,4.1,7.505,10.0,,5.0,4.5,2.7,,,Fase 3 (7° e 8° ano),0,,,,2023,7.34375,,,Completo,3.0
RA-478,FASE 3,3K,Aluno-478,,12.0,Feminino,2019,Pública,6.443616667,Agata,,,,4.0,6.7,7.3,2.52,4.4,7.2975,10.0,,4.3,4.7,4.3,,,Fase 3 (7° e 8° ano),0,,,,2023,7.1875,,,Completo,3.0
RA-410,FASE 3,3K,Aluno-410,,,Masculino,2018,Pública,6.140808333,Agata,,,,4.0,8.8,5.8,7.52,4.9,6.0425,5.0,,5.0,4.8,4.8,,,Fase 4 (9° ano),-1,,,,2023,6.71875,,,Completo,3.0
RA-411,FASE 3,3L,Aluno-411,,13.0,Feminino,2019,Privada,7.779983333,Ametista,,,,4.0,6.2,9.0,7.52,6.6,7.5425,10.0,,5.7,6.7,7.3,,,Fase 3 (7° e 8° ano),0,,,,2023,7.8125,,,Completo,3.0
RA-412,FASE 3,3L,Aluno-412,,13.0,Feminino,2018,Pública,7.373891667,Ametista,,,,4.0,8.8,8.9,2.52,6.2,7.585,10.0,,5.8,5.2,7.7,,,Fase 3 (7° e 8° ano),0,,,,2023,7.03125,,,Completo,3.0
RA-400,FASE 3,3L,Aluno-400,,,Masculino,2018,Pública,6.529425,Agata,,,,4.0,9.2,9.0,2.52,4.1,7.375,5.0,,4.8,4.7,2.8,,,Fase 4 (9° ano),-1,,,,2023,7.65625,,,Completo,3.0
RA-414,FASE 3,3L,Aluno-414,,13.0,Feminino,2021,Pública,7.25025,Ametista,,,,4.0,0.0,9.5,7.52,6.5,7.585,10.0,,6.0,7.0,6.5,,,Fase 3 (7° e 8° ano),0,,,,2023,7.8125,,,Completo,3.0
RA-415,FASE 3,3L,Aluno-415,,12.0,Feminino,2019,Pública,7.18805,Ametista,,,,4.0,7.1,8.2,7.52,3.7,7.8325,10.0,,2.8,4.0,4.3,,,Fase 3 (7° e 8° ano),0,,,,2023,7.8125,,,Completo,3.0
RA-1163,FASE 3,3L,Aluno-1163,,14.0,Masculino,2023,Pública,7.749391667,Ametista,,,,4.0,8.8,9.3,7.52,7.2,7.75,5.0,,7.0,6.7,8.0,,,Fase 4 (9° ano),-1,,,,2023,7.65625,,,Completo,3.0
RA-273,FASE 3,3L,Aluno-273,,14.0,Feminino,2018,Pública,6.337116667,Agata,,,,4.0,7.9,7.4,2.52,5.0,7.6275,5.0,,5.3,6.8,3.0,,,Fase 4 (9° ano),-1,,,,2023,7.8125,,,Completo,3.0
RA-471,FASE 3,3L,Aluno-471,,,Feminino,2020,Pública,6.855541667,Agata,,,,4.0,0.0,9.0,6.27,5.0,8.125,10.0,,6.3,4.0,4.8,,,Fase 3 (7° e 8° ano),0,,,,2023,7.96875,,,Completo,3.0
RA-416,FASE 3,3L,Aluno-416,,13.0,Masculino,2018,Privada - Programa de Apadrinhamento,8.144425,Topázio,,,,4.0,9.2,9.8,2.52,7.6,8.3375,10.0,,7.0,7.0,8.8,,,Fase 3 (7° e 8° ano),0,,,,2023,8.28125,,,Completo,3.0
RA-417,FASE 3,3L,Aluno-417,,,Feminino,2022,Pública,8.257658333,Topázio,,,,4.0,5.4,9.7,7.52,7.8,8.2125,10.0,,6.7,8.3,8.3,,,Fase 3 (7° e 8° ano),0,,,,2023,8.28125,,,Completo,3.0
RA-305,FASE 3,3L,Aluno-305,,15.0,Masculino,2019,Pública,6.394291667,Agata,,,,4.0,0.0,8.9,7.52,5.2,7.75,5.0,,5.2,4.8,5.7,,,Fase 5 (1° EM),-2,,,,2023,7.65625,,,Completo,3.0
RA-418,FASE 3,3L,Aluno-418,,,Feminino,2020,Privada - Programa de Apadrinhamento,8.1686,Topázio,,,,4.0,8.8,10.0,2.52,8.1,8.045,10.0,,6.7,8.3,9.3,,,Fase 2 (5° e 6° ano),1,,,,2023,8.125,,,Completo,3.0
RA-419,FASE 3,3L,Aluno-419,,,Feminino,2019,Privada - Programa de Apadrinhamento,7.7261,Ametista,,,,4.0,6.7,9.5,2.52,7.6,7.875,10.0,,7.0,7.3,8.5,,,Fase 3 (7° e 8° ano),0,,,,2023,8.125,,,Completo,3.0
RA-421,FASE 3,3L,Aluno-421,,,Masculino,2021,Pública,8.030716667,Topázio,,,,4.0,9.2,9.9,2.52,7.3,8.17,10.0,,8.0,6.2,7.8,,,Fase 3 (7° e 8° ano),0,,,,2023,7.8125,,,Completo,3.0
RA-407,FASE 3,3L,Aluno-407,,14.0,Masculino,2022,Pública,7.665083333,Ametista,,,,4.0,9.6,8.6,7.52,7.3,7.5,5.0,,7.3,7.2,7.3,,,Fase 4 (9° ano),-1,,,,2023,7.8125,,,Completo,3.0
RA-425,FASE 3,3L,Aluno-425,,13.0,Masculino,2022,Pública,8.10555,Topázio,,,,4.0,9.2,9.9,2.52,7.5,8.3775,10.0,,6.7,7.3,8.5,,,Fase 3 (7° e 8° ano),0,,,,2023,7.8125,,,Completo,3.0
RA-426,FASE 3,3M,Aluno-426,,,Feminino,2022,Pública,6.329158333,Agata,,,,4.0,5.4,7.6,5.0,5.0,7.5425,5.0,,4.7,5.2,5.0,,,Fase 4 (9° ano),-1,,,,2023,7.65625,,,Completo,3.0
RA-430,FASE 3,3M,Aluno-430,,14.0,Masculino,2022,Pública,7.146716667,Ametista,,,,4.0,9.2,9.3,2.52,6.4,7.75,5.0,,7.3,5.5,6.5,,,Fase 4 (9° ano),-1,,,,2023,7.8125,,,Completo,3.0
RA-1164,FASE 3,3M,Aluno-1164,,13.0,Masculino,2023,Pública,6.910091667,Agata,,,,4.0,9.2,7.5,2.52,4.8,7.545,10.0,,7.0,7.5,0.0,,,Fase 3 (7° e 8° ano),0,,,,2023,7.65625,,,Completo,3.0
RA-1165,FASE 3,3M,Aluno-1165,,12.0,Feminino,2023,Pública,7.880716667,Ametista,,,,4.0,9.2,9.1,5.0,7.3,7.2925,10.0,,7.0,6.0,9.0,,,Fase 3 (7° e 8° ano),0,,,,2023,7.1875,,,Completo,3.0
RA-432,FASE 3,3M,Aluno-432,,,Feminino,2019,Pública,6.850183333,Agata,,,,4.0,8.8,9.0,2.52,5.2,8.0425,5.0,,5.0,6.3,4.2,,,Fase 5 (1° EM),-2,,,,2023,7.8125,,,Completo,3.0
RA-303,FASE 3,3M,Aluno-303,,15.0,Masculino,2019,Pública,5.914291667,Quartzo,,,,4.0,0.0,7.3,7.52,5.1,7.05,5.0,,5.7,5.2,4.5,,,Fase 5 (1° EM),-2,,,,2023,7.65625,,,Completo,3.0
RA-420,FASE 3,3M,Aluno-420,,,Feminino,2019,Privada - Programa de Apadrinhamento,7.356358333,Ametista,,,,4.0,8.3,9.3,2.52,5.3,7.96,10.0,,5.7,5.8,4.3,,,Fase 3 (7° e 8° ano),0,,,,2023,7.65625,,,Completo,3.0
RA-1166,FASE 3,3M,Aluno-1166,,15.0,Feminino,2023,Pública,7.307858333,Ametista,,,,4.0,8.3,9.6,7.52,4.8,7.9175,5.0,,5.3,2.8,6.2,,,Fase 5 (1° EM),-2,,,,2023,7.65625,,,Completo,3.0
RA-1167,FASE 3,3M,Aluno-1167,,16.0,Masculino,2023,Pública,6.021891667,Agata,,,,4.0,8.8,7.6,2.52,3.8,7.9625,2.5,,6.0,3.7,1.8,,,Fase 6 (2° EM),-3,,,,2023,7.65625,,,Completo,3.0
RA-424,FASE 3,3M,Aluno-424,,,Feminino,2022,Pública,7.72685,Ametista,,,,4.0,8.8,9.9,2.52,6.4,7.7925,10.0,,5.0,6.7,7.5,,,Fase 3 (7° e 8° ano),0,,,,2023,7.8125,,,Completo,3.0
RA-398,FASE 3,3N,Aluno-398,,,Feminino,2022,Pública,7.153766667,Ametista,,,,4.0,6.7,8.1,2.52,6.5,7.7925,10.0,,9.3,5.8,4.5,,,Fase 2 (5° e 6° ano),1,,,,2023,7.5,,,Completo,3.0
RA-399,FASE 3,3N,Aluno-399,,,Feminino,2022,Pública,7.000033333,Ametista,,,,4.0,7.9,8.2,2.52,4.7,8.165,10.0,,5.0,4.2,4.8,,,Fase 3 (7° e 8° ano),0,,,,2023,7.5,,,Completo,3.0
RA-428,FASE 3,3N,Aluno-428,,,Masculino,2022,Pública,7.821816667,Ametista,,,,4.0,8.3,9.5,2.52,7.2,8.0425,10.0,,9.3,4.7,7.7,,,Fase 3 (7° e 8° ano),0,,,,2023,7.8125,,,Completo,3.0
RA-315,FASE 3,3N,Aluno-315,,,Feminino,2022,Pública,5.977708333,Quartzo,,,,4.0,0.0,6.8,5.0,6.3,7.8375,5.0,,5.7,6.8,6.3,,,Fase 4 (9° ano),-1,,,,2023,7.96875,,,Completo,3.0
RA-402,FASE 3,3N,Aluno-402,,13.0,Feminino,2019,Pública,6.632716667,Agata,,,,4.0,9.2,7.3,2.52,4.2,6.88,10.0,,4.7,4.0,4.0,,,Fase 3 (7° e 8° ano),0,,,,2023,7.8125,,,Completo,3.0
RA-1168,FASE 3,3N,Aluno-1168,,13.0,Feminino,2023,Pública,5.886625,Quartzo,,,,4.0,0.0,8.8,2.52,3.5,7.045,10.0,,5.0,2.0,3.5,,,Fase 3 (7° e 8° ano),0,,,,2023,7.65625,,,Completo,3.0
RA-613,FASE 3,3N,Aluno-613,,14.0,Masculino,2020,Pública,6.864508333,Agata,,,,4.0,9.2,9.4,5.0,4.8,7.2125,5.0,,4.3,6.2,3.8,,,Fase 4 (9° ano),-1,,,,2023,6.71875,,,Completo,3.0
RA-304,FASE 3,3N,Aluno-304,,,Masculino,2020,Pública,6.241583333,Agata,,,,4.0,0.0,8.8,5.0,5.7,7.835,5.0,,7.0,3.7,6.3,,,Fase 5 (1° EM),-2,,,,2023,7.8125,,,Completo,3.0
RA-457,FASE 3,3N,Aluno-457,,13.0,Feminino,2022,Pública,8.256833333,Topázio,,,,4.0,7.5,8.6,7.52,8.1,8.045,10.0,,6.7,8.5,9.0,,,Fase 3 (7° e 8° ano),0,,,,2023,8.125,,,Completo,3.0
RA-307,FASE 3,3N,Aluno-307,,,Masculino,2022,Pública,6.047333333,Agata,,,,4.0,0.0,6.5,7.52,6.3,7.46,5.0,,6.3,7.3,5.2,,,Fase 5 (1° EM),-2,,,,2023,7.5,,,Completo,3.0
RA-283,FASE 3,3N,Aluno-283,,15.0,Masculino,2020,Pública,7.549025,Ametista,,,,4.0,8.3,9.5,7.52,6.8,7.5025,5.0,,6.8,4.8,8.8,,,Fase 5 (1° EM),-2,,,,2023,7.03125,,,Completo,3.0
RA-459,FASE 3,3N,Aluno-459,,13.0,Masculino,2019,Pública,8.240016667,Topázio,,,,4.0,6.7,9.3,7.52,8.3,7.88,10.0,,8.3,9.2,7.5,,,Fase 3 (7° e 8° ano),0,,,,2023,7.1875,,,Completo,3.0
RA-440,FASE 3,3P,Aluno-440,,12.0,Masculino,2022,Pública,6.989208333,Agata,,,,4.0,0.0,8.2,7.52,6.2,7.835,10.0,,7.3,7.0,4.2,,,Fase 3 (7° e 8° ano),0,,,,2023,7.96875,,,Completo,3.0
RA-443,FASE 3,3P,Aluno-443,,14.0,Feminino,2019,Pública,6.895508333,Agata,,,,4.0,7.1,7.5,2.52,7.6,8.125,5.0,,7.0,8.7,7.0,,,Fase 4 (9° ano),-1,,,,2023,7.96875,,,Completo,3.0
RA-454,FASE 3,3P,Aluno-454,,15.0,Masculino,2018,Pública,4.603416667,Quartzo,,,,4.0,0.0,7.5,5.0,2.6,5.54,5.0,,4.2,1.2,2.5,,,Fase 5 (1° EM),-2,,,,2023,4.6875,,,Completo,3.0
RA-444,FASE 3,3P,Aluno-444,,11.0,Masculino,2018,Pública,5.958791667,Quartzo,,,,4.0,0.0,7.9,5.0,4.7,6.4575,10.0,,4.7,5.8,3.7,,,Fase 2 (5° e 6° ano),1,,,,2023,6.40625,,,Completo,3.0
RA-170,FASE 3,3P,Aluno-170,,15.0,Feminino,2018,Privada - Programa de Apadrinhamento,7.062433333,Ametista,,,,4.0,8.8,8.9,2.52,7.2,7.6725,5.0,,6.3,8.7,6.5,,,Fase 5 (1° EM),-2,,,,2023,6.875,,,Completo,3.0
RA-1169,FASE 3,3P,Aluno-1169,,,Feminino,2023,Pública,7.213625,Ametista,,,,4.0,7.5,9.5,5.0,6.3,8.0025,5.0,,6.8,7.3,4.8,,,Fase 4 (9° ano),-1,,,,2023,7.03125,,,Completo,3.0
RA-458,FASE 3,3P,Aluno-458,,,Masculino,2019,Pública,6.312083333,Agata,,,,4.0,9.6,6.9,7.52,3.8,6.2475,5.0,,4.3,4.8,2.2,,,Fase 4 (9° ano),-1,,,,2023,7.1875,,,Completo,3.0
RA-1170,FASE 3,3P,Aluno-1170,,,Masculino,2023,Pública,6.874683333,Agata,,,,4.0,8.8,7.7,7.52,5.9,6.5775,5.0,,6.0,6.8,4.8,,,Fase 4 (9° ano),-1,,,,2023,7.1875,,,Completo,3.0
RA-1171,FASE 3,3P,Aluno-1171,,14.0,Masculino,2023,Pública,7.856033333,Ametista,,,,4.0,7.9,8.4,5.0,8.7,8.88,5.0,,7.3,9.0,9.7,,,Fase 4 (9° ano),-1,,,,2023,8.75,,,Completo,3.0
RA-449,FASE 3,3P,Aluno-449,,12.0,Feminino,2022,Pública,7.396508333,Ametista,,,,4.0,7.1,7.2,7.52,7.0,6.8425,10.0,,5.5,7.7,7.7,,,Fase 3 (7° e 8° ano),0,,,,2023,7.34375,,,Completo,3.0
RA-462,FASE 3,3P,Aluno-462,,,Feminino,2022,Pública,6.2267,Agata,,,,4.0,10.0,8.1,5.0,2.7,6.5825,5.0,,4.0,2.8,1.3,,,Fase 5 (1° EM),-2,,,,2023,7.5,,,Completo,3.0
RA-176,FASE 4,4A,Aluno-176,,14.0,Feminino,2018,Privada - Programa de Apadrinhamento,8.316833333,Topázio,,,,4.0,9.6,9.5,2.52,8.0,9.0025,10.0,,7.3,7.3,9.3,,,Fase 4 (9° ano),0,,,,2023,8.125,,,Completo,4.0
RA-178,FASE 4,4A,Aluno-178,,,Feminino,2016,Privada - Programa de Apadrinhamento,7.406658333,Ametista,,,,4.0,7.9,8.7,2.52,5.9,8.42,10.0,,6.3,5.8,5.5,,,Fase 4 (9° ano),0,,,,2023,7.65625,,,Completo,4.0
RA-193,FASE 4,4A,Aluno-193,,13.0,Masculino,2016,Privada - Programa de Apadrinhamento,7.718566667,Ametista,,,,4.0,8.3,9.4,2.52,6.5,8.17,10.0,,6.0,6.3,7.3,,,Fase 3 (7° e 8° ano),1,,,,2023,8.125,,,Completo,4.0
RA-1172,FASE 4,4A,Aluno-1172,,16.0,Feminino,2023,Pública,7.030108333,Ametista,,,,4.0,8.3,7.8,2.52,6.7,8.46,5.0,,6.0,5.7,8.3,,,Fase 6 (2° EM),-2,,,,2023,8.59375,,,Completo,4.0
RA-180,FASE 4,4A,Aluno-180,,13.0,Masculino,2018,Privada - Programa de Apadrinhamento,8.283216667,Topázio,,,,4.0,9.2,9.4,2.52,8.0,8.92,10.0,,8.3,7.3,8.5,,,Fase 3 (7° e 8° ano),1,,,,2023,8.4375,,,Completo,4.0
RA-181,FASE 4,4A,Aluno-181,,,Feminino,2019,Privada - Programa de Apadrinhamento,7.671208333,Ametista,,,,4.0,9.6,8.3,2.52,6.8,8.2525,10.0,,8.3,6.5,5.5,,,Fase 4 (9° ano),0,,,,2023,7.96875,,,Completo,4.0
RA-195,FASE 4,4A,Aluno-195,,,Feminino,2017,Privada - Programa de Apadrinhamento,7.60205,Ametista,,,,4.0,7.1,9.2,2.52,6.0,8.79,10.0,,6.3,6.2,5.5,,,Fase 4 (9° ano),0,,,,2023,8.4375,,,Completo,4.0
RA-196,FASE 4,4A,Aluno-196,,13.0,Masculino,2018,Privada - Programa de Apadrinhamento,7.560991667,Ametista,,,,4.0,7.9,9.0,2.52,6.2,8.2125,10.0,,7.0,6.0,5.7,,,Fase 3 (7° e 8° ano),1,,,,2023,8.28125,,,Completo,4.0
RA-211,FASE 4,4A,Aluno-211,,14.0,Masculino,2021,Privada - Programa de Apadrinhamento,8.024791667,Topázio,,,,4.0,9.6,9.4,2.52,7.1,8.71,10.0,,7.7,8.0,5.7,,,Fase 4 (9° ano),0,,,,2023,7.65625,,,Completo,4.0
RA-197,FASE 4,4A,Aluno-197,,13.0,Feminino,2021,Privada - Programa de Apadrinhamento,7.967608333,Ametista,,,,4.0,8.3,9.8,2.52,7.2,8.46,10.0,,7.0,7.3,7.2,,,Fase 3 (7° e 8° ano),1,,,,2023,7.96875,,,Completo,4.0
RA-229,FASE 4,4A,Aluno-229,,,Masculino,2022,Privada - Programa de Apadrinhamento,8.207591667,Topázio,,,,4.0,9.2,9.8,2.52,7.8,8.42,10.0,,8.0,8.2,7.3,,,Fase 3 (7° e 8° ano),1,,,,2023,8.28125,,,Completo,4.0
RA-186,FASE 4,4A,Aluno-186,,,Feminino,2019,Privada,7.817541667,Ametista,,,,4.0,7.5,9.7,2.52,6.9,8.46,10.0,,6.8,7.0,7.0,,,Fase 4 (9° ano),0,,,,2023,7.96875,,,Completo,4.0
RA-189,FASE 4,4A,Aluno-189,,14.0,Masculino,2018,Privada - Programa de Apadrinhamento,7.727325,Ametista,,,,4.0,7.9,9.4,2.52,6.5,8.3775,10.0,,6.3,6.5,6.7,,,Fase 4 (9° ano),0,,,,2023,8.28125,,,Completo,4.0
RA-191,FASE 4,4A,Aluno-191,,14.0,Masculino,2019,Privada - Programa de Apadrinhamento,7.263666667,Ametista,,,,4.0,0.0,9.7,2.52,7.8,8.4625,10.0,,8.7,7.0,7.8,,,Fase 4 (9° ano),0,,,,2023,8.125,,,Completo,4.0
RA-1173,FASE 4,4A,Aluno-1173,,14.0,Masculino,2023,Pública,7.67285,Ametista,,,,4.0,8.8,9.7,2.52,6.0,8.1225,10.0,,7.0,5.0,6.0,,,Fase 4 (9° ano),0,,,,2023,7.8125,,,Completo,4.0
RA-217,FASE 4,4B,Aluno-217,,,Feminino,2021,Pública,6.96965,Agata,,,,4.0,8.3,8.6,2.52,5.6,8.5025,5.0,,6.7,5.3,4.8,,,Fase 5 (1° EM),-1,,,,2023,8.4375,,,Completo,4.0
RA-1174,FASE 4,4B,Aluno-1174,,15.0,Feminino,2023,Pública,7.333591667,Ametista,,,,4.0,9.2,8.7,2.52,6.8,8.3375,5.0,,6.5,7.2,6.8,,,Fase 5 (1° EM),-1,,,,2023,8.90625,,,Completo,4.0
RA-192,FASE 4,4B,Aluno-192,,16.0,Masculino,2021,Privada,6.616016667,Agata,,,,4.0,8.8,6.2,5.0,6.5,7.3775,5.0,,6.0,5.8,7.8,,,Fase 6 (2° EM),-2,,,,2023,7.1875,,,Completo,4.0
RA-184,FASE 4,4B,Aluno-184,,13.0,Masculino,2019,Pública,8.430241667,Topázio,,,,4.0,7.9,9.5,7.52,7.1,8.5025,10.0,,7.3,6.3,7.8,,,Fase 3 (7° e 8° ano),1,,,,2023,8.59375,,,Completo,4.0
RA-200,FASE 4,4B,Aluno-200,,16.0,Masculino,2018,Privada - Programa de Apadrinhamento,5.661166667,Quartzo,,,,4.0,9.6,4.5,2.52,4.3,7.17,5.0,,4.3,4.2,4.5,,,Fase 6 (2° EM),-2,,,,2023,7.5,,,Completo,4.0
RA-1175,FASE 4,4B,Aluno-1175,,,Feminino,2023,Pública,5.939858333,Quartzo,,,,4.0,8.3,5.3,2.52,6.3,7.6275,2.5,,6.3,6.3,6.2,,,Fase 7 (3° EM),-3,,,,2023,7.65625,,,Completo,4.0
RA-204,FASE 4,4B,Aluno-204,,,Feminino,2019,Pública,7.557558333,Ametista,,,,4.0,8.8,7.9,2.52,7.1,8.045,10.0,,4.7,8.0,8.5,,,Fase 4 (9° ano),0,,,,2023,8.28125,,,Completo,4.0
RA-1176,FASE 4,4B,Aluno-1176,,13.0,Masculino,2023,Pública,8.881483333,Topázio,,,,4.0,8.3,9.3,7.52,8.2,9.17,10.0,,8.0,7.8,8.7,,,Fase 3 (7° e 8° ano),1,,,,2023,9.6875,,,Completo,4.0
RA-1177,FASE 4,4B,Aluno-1177,,14.0,Feminino,2023,Pública,8.345491667,Topázio,,,,4.0,10.0,9.9,2.52,7.2,8.88,10.0,,7.0,6.7,8.0,,,Fase 4 (9° ano),0,,,,2023,8.90625,,,Completo,4.0
RA-215,FASE 4,4C,Aluno-215,,14.0,Feminino,2021,Pública,7.166475,Ametista,,,,4.0,8.8,6.6,2.52,6.9,7.7125,10.0,,5.7,6.7,8.3,,,Fase 4 (9° ano),0,,,,2023,7.96875,,,Completo,4.0
RA-1178,FASE 4,4C,Aluno-1178,,,Masculino,2023,Pública,7.066475,Ametista,,,,4.0,8.8,9.3,2.52,5.7,8.2125,5.0,,6.3,4.5,6.3,,,Fase 6 (2° EM),-2,,,,2023,7.96875,,,Completo,4.0
RA-149,FASE 4,4C,Aluno-149,,,Feminino,2022,Pública,5.622266667,Quartzo,,,,4.0,8.8,4.2,2.52,4.7,7.2925,5.0,,5.7,3.5,5.0,,,Fase 6 (2° EM),-2,,,,2023,7.5,,,Completo,4.0
RA-1179,FASE 4,4C,Aluno-1179,,,Masculino,2023,Pública,6.631333333,Agata,,,,4.0,9.6,8.1,4.38,5.0,7.17,5.0,,6.7,3.7,4.5,,,Fase 5 (1° EM),-1,,,,2023,6.875,,,Completo,4.0
RA-218,FASE 4,4C,Aluno-218,,15.0,Feminino,2022,Pública,5.811541667,Quartzo,,,,4.0,0.0,6.7,2.52,6.7,7.88,5.0,,5.7,7.0,7.5,,,Fase 5 (1° EM),-1,,,,2023,7.96875,,,Completo,4.0
RA-220,FASE 4,4C,Aluno-220,,14.0,Feminino,2022,Pública,7.102016667,Ametista,,,,4.0,8.8,7.6,2.52,6.1,7.5475,10.0,,6.3,5.8,6.3,,,Fase 4 (9° ano),0,,,,2023,7.1875,,,Completo,4.0
RA-202,FASE 4,4C,Aluno-202,,,Feminino,2017,Pública,6.791641667,Agata,,,,4.0,8.8,7.9,2.52,5.9,8.005,5.0,,6.3,4.8,6.7,,,Fase 5 (1° EM),-1,,,,2023,7.96875,,,Completo,4.0
RA-1180,FASE 4,4C,Aluno-1180,,15.0,Masculino,2023,Pública,7.067983333,Ametista,,,,4.0,8.3,9.5,5.0,5.4,7.7125,5.0,,6.0,4.8,5.3,,,Fase 5 (1° EM),-1,,,,2023,7.1875,,,Completo,4.0
RA-1181,FASE 4,4C,Aluno-1181,,,Feminino,2023,Pública,6.971266667,Agata,,,,4.0,8.8,8.3,2.52,4.8,7.3375,10.0,,5.7,4.3,4.5,,,Fase 4 (9° ano),0,,,,2023,7.5,,,Completo,4.0
RA-1182,FASE 4,4C,Aluno-1182,,,Feminino,2023,Pública,5.709808333,Quartzo,,,,4.0,7.5,6.3,2.52,4.2,7.2125,5.0,,5.3,2.0,5.2,,,Fase 6 (2° EM),-2,,,,2023,6.71875,,,Completo,4.0
RA-205,FASE 4,4C,Aluno-205,,,Masculino,2020,Pública,6.857625,Agata,,,,4.0,9.6,7.6,4.38,6.6,7.09,5.0,,7.0,5.5,7.3,,,Fase 5 (1° EM),-1,,,,2023,7.03125,,,Completo,4.0
RA-1183,FASE 4,4C,Aluno-1183,,15.0,Masculino,2023,Pública,6.269541667,Agata,,,,4.0,7.5,8.7,2.52,5.3,6.7575,5.0,,6.0,4.0,6.0,,,Fase 5 (1° EM),-1,,,,2023,6.09375,,,Completo,4.0
RA-237,FASE 4,4F,Aluno-237,,15.0,Feminino,2022,Privada - Programa de Apadrinhamento,7.436566667,Ametista,,,,4.0,8.3,9.5,2.52,6.7,8.96,5.0,,7.7,7.0,5.5,,,Fase 5 (1° EM),-1,,,,2023,8.125,,,Completo,4.0
RA-147,FASE 4,4F,Aluno-147,,15.0,Feminino,2022,Pública,5.5425,Quartzo,,,,4.0,0.0,7.0,5.63,4.5,7.46,5.0,,5.0,6.0,2.5,,,Fase 5 (1° EM),-1,,,,2023,6.875,,,Completo,4.0
RA-240,FASE 4,4F,Aluno-240,,,Feminino,2017,Privada - Programa de Apadrinhamento,6.337966667,Agata,,,,4.0,7.1,6.7,2.52,4.8,6.9175,10.0,,7.0,3.3,4.2,,,Fase 4 (9° ano),0,,,,2023,6.875,,,Completo,4.0
RA-1184,FASE 4,4F,Aluno-1184,,,Masculino,2023,Pública,7.381566667,Ametista,,,,4.0,8.3,8.3,5.0,7.3,8.045,5.0,,8.0,5.5,8.5,,,Fase 6 (2° EM),-2,,,,2023,8.125,,,Completo,4.0
RA-241,FASE 4,4F,Aluno-241,,,Masculino,2016,Privada - Programa de Apadrinhamento,7.016,Ametista,,,,4.0,0.0,9.9,2.52,7.5,9.545,5.0,,9.3,7.0,6.2,,,Fase 5 (1° EM),-1,,,,2023,8.75,,,Completo,4.0
RA-242,FASE 4,4F,Aluno-242,,14.0,Masculino,2018,Privada - Programa de Apadrinhamento,8.221841667,Topázio,,,,4.0,7.1,9.7,2.52,7.9,9.3775,10.0,,9.3,7.3,7.2,,,Fase 4 (9° ano),0,,,,2023,8.59375,,,Completo,4.0
RA-138,FASE 4,4F,Aluno-138,,16.0,Masculino,2016,Pública,6.784075,Agata,,,,4.0,10.0,7.9,6.26,4.3,7.4175,5.0,,4.0,3.7,5.2,,,Fase 6 (2° EM),-2,,,,2023,7.34375,,,Completo,4.0
RA-244,FASE 4,4F,Aluno-244,,13.0,Feminino,2018,Privada - Programa de Apadrinhamento,7.044333333,Ametista,,,,4.0,0.0,8.8,2.52,7.3,8.8325,10.0,,7.0,8.0,6.8,,,Fase 3 (7° e 8° ano),1,,,,2023,8.125,,,Completo,4.0
RA-245,FASE 4,4F,Aluno-245,,,Masculino,2016,Privada - Programa de Apadrinhamento,7.171166667,Ametista,,,,4.0,0.0,10.0,2.52,8.1,9.5875,5.0,,9.3,7.8,7.3,,,Fase 5 (1° EM),-1,,,,2023,8.75,,,Completo,4.0
RA-246,FASE 4,4F,Aluno-246,,,Masculino,2022,Privada,8.256766667,Topázio,,,,4.0,8.8,9.9,4.39,6.8,8.9175,10.0,,7.7,7.0,5.8,,,Fase 4 (9° ano),0,,,,2023,8.125,,,Completo,4.0
RA-141,FASE 4,4F,Aluno-141,,15.0,Masculino,2017,Pública,6.719791667,Agata,,,,4.0,9.6,8.4,5.63,4.5,7.0425,5.0,,6.0,5.3,2.3,,,Fase 5 (1° EM),-1,,,,2023,7.03125,,,Completo,4.0
RA-239,FASE 4,4G,Aluno-239,,16.0,Feminino,2021,Pública,6.411333333,Agata,,,,4.0,0.0,8.4,5.0,7.0,7.6275,5.0,,6.0,7.2,7.7,,,Fase 6 (2° EM),-2,,,,2023,8.125,,,Completo,4.0
RA-1185,FASE 4,4G,Aluno-1185,,,Feminino,2023,Pública,8.02675,Topázio,,,,4.0,7.5,9.1,5.0,7.5,8.3775,10.0,,6.7,6.3,9.5,,,Fase 3 (7° e 8° ano),1,,,,2023,7.8125,,,Completo,4.0
RA-262,FASE 4,4G,Aluno-262,,,Masculino,2021,Privada,4.406458333,Quartzo,,,,4.0,0.0,3.7,5.0,3.8,6.05,5.0,,5.0,3.3,3.0,,,Fase 6 (2° EM),-2,,,,2023,7.03125,,,Completo,4.0
RA-1186,FASE 4,4G,Aluno-1186,,,Feminino,2023,Pública,7.281433333,Ametista,,,,4.0,8.8,9.8,6.89,5.5,7.3825,5.0,,6.7,5.2,4.5,,,Fase 6 (2° EM),-2,,,,2023,6.875,,,Completo,4.0
RA-397,FASE 4,4G,Aluno-397,,15.0,Feminino,2017,Pública,6.207083333,Agata,,,,4.0,7.5,7.9,2.52,4.6,7.465,5.0,,6.7,5.0,2.0,,,Fase 5 (1° EM),-1,,,,2023,7.1875,,,Completo,4.0
RA-1187,FASE 4,4G,Aluno-1187,,13.0,Feminino,2023,Pública,6.644475,Agata,,,,4.0,8.8,6.9,2.52,5.3,6.715,10.0,,4.7,5.0,6.2,,,Fase 3 (7° e 8° ano),1,,,,2023,7.34375,,,Completo,4.0
RA-145,FASE 4,4H,Aluno-145,,17.0,Masculino,2017,Pública,,,,,,4.0,7.9,9.0,,6.2,7.4625,2.5,,5.3,6.0,7.2,,,Fase 7 (3° EM),-3,,,,2023,7.96875,,,Completo,4.0
RA-1188,FASE 4,4H,Aluno-1188,,15.0,Feminino,2023,Pública,,,,,,4.0,9.6,9.4,,6.4,7.5875,5.0,,6.5,7.5,5.2,,,Fase 5 (1° EM),-1,,,,2023,7.8125,,,Completo,4.0
RA-265,FASE 4,4H,Aluno-265,,14.0,Masculino,2019,Pública,,,,,,4.0,8.3,8.7,,7.0,7.88,10.0,,7.3,6.8,6.8,,,Fase 4 (9° ano),0,,,,2023,7.96875,,,Completo,4.0
RA-254,FASE 4,4H,Aluno-254,,15.0,Masculino,2019,Pública,,,,,,4.0,9.6,8.8,,5.9,7.71,5.0,,5.7,5.7,6.2,,,Fase 5 (1° EM),-1,,,,2023,7.8125,,,Completo,4.0
RA-267,FASE 4,4H,Aluno-267,,16.0,Feminino,2016,Pública,,,,,,4.0,7.9,7.7,,2.7,6.505,5.0,,2.7,4.0,1.3,,,Fase 6 (2° EM),-2,,,,2023,4.6875,,,Completo,4.0
RA-1189,FASE 4,4H,Aluno-1189,,,Feminino,2023,Pública,,,,,,4.0,8.8,9.0,,6.1,7.3775,5.0,,6.3,5.7,6.2,,,Fase 5 (1° EM),-1,,,,2023,7.8125,,,Completo,4.0
RA-295,FASE 4,4L,Aluno-295,,15.0,Feminino,2022,Pública,7.641016667,Ametista,,,,4.0,8.8,8.8,2.52,7.7,9.005,5.0,,7.3,7.2,8.7,,,Fase 5 (1° EM),-1,,,,2023,9.0625,,,Completo,4.0
RA-269,FASE 4,4L,Aluno-269,,14.0,Masculino,2022,Pública,8.116041667,Topázio,,,,4.0,9.6,9.0,2.52,7.4,8.7975,10.0,,8.0,7.3,7.0,,,Fase 4 (9° ano),0,,,,2023,8.59375,,,Completo,4.0
RA-313,FASE 4,4L,Aluno-313,,14.0,Feminino,2022,Pública,7.011091667,Ametista,,,,4.0,9.2,8.7,2.52,3.9,7.75,10.0,,4.0,2.8,5.0,,,Fase 4 (9° ano),0,,,,2023,7.65625,,,Completo,4.0
RA-1190,FASE 4,4L,Aluno-1190,,,Masculino,2023,Pública,6.330041667,Agata,,,,4.0,0.0,9.2,5.0,4.2,7.045,10.0,,3.0,4.2,5.5,,,Fase 4 (9° ano),0,,,,2023,7.34375,,,Completo,4.0
RA-301,FASE 4,4L,Aluno-301,,,Feminino,2019,Pública,6.760341667,Agata,,,,4.0,9.2,5.4,7.52,5.2,6.465,10.0,,4.7,6.5,4.5,,,Fase 4 (9° ano),0,,,,2023,6.71875,,,Completo,4.0
RA-286,FASE 4,4L,Aluno-286,,15.0,Feminino,2022,Pública,5.713333333,Quartzo,,,,4.0,0.0,7.5,5.0,4.7,7.3375,5.0,,3.7,5.0,5.3,,,Fase 5 (1° EM),-1,,,,2023,8.125,,,Completo,4.0
RA-1191,FASE 4,4L,Aluno-1191,,,Masculino,2023,Pública,6.175333333,Agata,,,,4.0,7.5,7.2,5.0,3.7,6.26,10.0,,2.3,2.5,6.2,,,Fase 4 (9° ano),0,,,,2023,5.0,,,Completo,4.0
RA-1192,FASE 4,4L,Aluno-1192,,15.0,Feminino,2023,Pública,6.780741667,Agata,,,,4.0,7.9,8.7,2.52,5.8,7.6675,5.0,,4.7,6.0,6.8,,,Fase 5 (1° EM),-1,,,,2023,7.96875,,,Completo,4.0
RA-174,FASE 4,4L,Aluno-174,,16.0,Feminino,2019,Pública,6.1242,Agata,,,,4.0,7.9,5.6,5.0,5.1,7.2125,5.0,,3.7,7.3,4.3,,,Fase 6 (2° EM),-2,,,,2023,7.5,,,Completo,4.0
RA-1193,FASE 4,4L,Aluno-1193,,,Feminino,2023,Pública,6.018083333,Agata,,,,4.0,0.0,7.8,5.0,4.1,7.13,10.0,,3.7,3.5,5.0,,,Fase 4 (9° ano),0,,,,2023,7.1875,,,Completo,4.0
RA-308,FASE 4,4L,Aluno-308,,14.0,Masculino,2019,Pública,6.578558333,Agata,,,,4.0,5.4,6.8,5.0,4.9,7.5025,10.0,,4.7,5.2,4.7,,,Fase 4 (9° ano),0,,,,2023,7.03125,,,Completo,4.0
RA-152,FASE 4,4M,Aluno-152,,16.0,Feminino,2022,Pública,6.30695,Agata,,,,4.0,7.9,7.7,2.52,4.5,7.71,5.0,,4.0,5.0,4.5,,,Fase 6 (2° EM),-2,,,,2023,7.8125,,,Completo,4.0
RA-270,FASE 4,4M,Aluno-270,,14.0,Feminino,2019,Privada - Programa de Apadrinhamento,7.982633333,Ametista,,,,4.0,9.2,9.0,2.52,6.6,9.1275,10.0,,7.7,6.2,5.8,,,Fase 4 (9° ano),0,,,,2023,8.75,,,Completo,4.0
RA-271,FASE 4,4M,Aluno-271,,16.0,Feminino,2022,Pública,6.140333333,Agata,,,,4.0,0.0,9.3,2.52,5.9,7.7125,5.0,,4.3,7.0,6.3,,,Fase 6 (2° EM),-2,,,,2023,8.125,,,Completo,4.0
RA-299,FASE 4,4M,Aluno-299,,14.0,Feminino,2019,Privada - Programa de Apadrinhamento,6.796541667,Agata,,,,4.0,0.0,9.6,2.52,6.1,8.005,10.0,,5.0,7.2,6.2,,,Fase 4 (9° ano),0,,,,2023,7.96875,,,Completo,4.0
RA-316,FASE 4,4M,Aluno-316,,14.0,Feminino,2022,Pública,8.436908333,Topázio,,,,4.0,10.0,9.5,7.52,5.7,8.96,10.0,,6.3,5.7,5.0,,,Fase 4 (9° ano),0,,,,2023,8.59375,,,Completo,4.0
RA-318,FASE 4,4M,Aluno-318,,15.0,Feminino,2019,Pública,6.856575,Agata,,,,4.0,7.9,8.1,6.26,4.9,7.71,5.0,,5.0,5.0,4.7,,,Fase 5 (1° EM),-1,,,,2023,7.96875,,,Completo,4.0
RA-274,FASE 4,4M,Aluno-274,,12.0,Feminino,2019,Privada - Programa de Apadrinhamento,8.137625,Topázio,,,,4.0,7.5,9.5,5.63,7.5,8.295,10.0,,7.0,7.7,7.8,,,Fase 3 (7° e 8° ano),1,,,,2023,7.65625,,,Completo,4.0
RA-320,FASE 4,4M,Aluno-320,,14.0,Feminino,2022,Pública,8.393508333,Topázio,,,,4.0,9.2,9.9,7.52,5.5,8.96,10.0,,5.7,6.0,4.7,,,Fase 4 (9° ano),0,,,,2023,8.59375,,,Completo,4.0
RA-277,FASE 4,4M,Aluno-277,,,Masculino,2021,Pública,7.7284,Ametista,,,,4.0,8.3,9.9,7.52,5.5,8.7525,5.0,,5.7,6.0,4.8,,,Fase 5 (1° EM),-1,,,,2023,8.125,,,Completo,4.0
RA-278,FASE 4,4M,Aluno-278,,13.0,Masculino,2018,Pública,7.1935,Ametista,,,,4.0,0.0,9.8,5.63,5.6,8.3775,10.0,,6.0,5.3,5.5,,,Fase 3 (7° e 8° ano),1,,,,2023,8.75,,,Completo,4.0
RA-291,FASE 4,4M,Aluno-291,,14.0,Masculino,2022,Privada - Programa de Apadrinhamento,8.493058333,Topázio,,,,4.0,8.8,8.6,7.52,7.1,9.21,10.0,,8.0,6.5,6.7,,,Fase 4 (9° ano),0,,,,2023,8.90625,,,Completo,4.0
RA-306,FASE 4,4M,Aluno-306,,,Feminino,2021,Pública,5.732375,Quartzo,,,,4.0,0.0,7.9,6.26,4.0,7.46,5.0,,4.7,4.5,2.8,,,Fase 5 (1° EM),-1,,,,2023,7.34375,,,Completo,4.0
RA-279,FASE 4,4M,Aluno-279,,14.0,Masculino,2019,Pública,9.006266667,Topázio,,,,4.0,8.8,10.0,6.27,8.9,9.2125,10.0,,9.0,8.5,9.3,,,Fase 4 (9° ano),0,,,,2023,8.75,,,Completo,4.0
RA-280,FASE 4,4M,Aluno-280,,,Feminino,2021,Privada - Programa de Apadrinhamento,8.189225,Topázio,,,,4.0,6.7,9.5,7.52,6.5,8.7125,10.0,,6.3,7.7,5.5,,,Fase 4 (9° ano),0,,,,2023,8.28125,,,Completo,4.0
RA-276,FASE 4,4M,Aluno-276,,,Feminino,2017,Privada - Programa de Apadrinhamento,6.690458333,Agata,,,,4.0,6.3,8.5,2.52,5.5,6.585,10.0,,3.7,4.7,8.0,,,Fase 4 (9° ano),0,,,,2023,7.03125,,,Completo,4.0
RA-285,FASE 4,4N,Aluno-285,,17.0,Feminino,2020,Pública,5.380358333,Quartzo,,,,4.0,8.3,4.6,2.52,4.7,7.13,2.5,,4.0,6.0,4.0,,,Fase 7 (3° EM),-3,,,,2023,7.65625,,,Completo,4.0
RA-1194,FASE 4,4N,Aluno-1194,,13.0,Masculino,2023,Pública,7.671933333,Ametista,,,,4.0,8.8,9.0,5.0,6.1,7.6675,10.0,,6.0,4.2,8.0,,,Fase 3 (7° e 8° ano),1,,,,2023,7.5,,,Completo,4.0
RA-287,FASE 4,4N,Aluno-287,,18.0,Feminino,2022,Pública,3.745541667,Quartzo,,,,4.0,0.0,4.8,2.52,3.9,5.375,2.5,,3.0,2.3,6.5,,,Fase 8 (Universitários),-4,,,,2023,4.21875,,,Completo,4.0
RA-319,FASE 4,4N,Aluno-319,,,Masculino,2022,Concluiu o 3º EM,8.367208333,Topázio,,,,4.0,9.6,9.2,5.0,7.2,8.88,10.0,,5.7,5.8,10.0,,,Fase 4 (9° ano),0,,,,2023,8.59375,,,Completo,4.0
RA-321,FASE 4,4N,Aluno-321,,13.0,Feminino,2022,Pública,7.695233333,Ametista,,,,4.0,8.3,9.4,2.52,6.2,8.42,10.0,,6.0,5.8,6.7,,,Fase 3 (7° e 8° ano),1,,,,2023,8.125,,,Completo,4.0
RA-1195,FASE 4,4N,Aluno-1195,,,Feminino,2022,Pública,5.677291667,Quartzo,,,,4.0,0.0,8.3,2.52,5.4,8.0025,2.5,,4.3,4.7,7.3,,,Fase 7 (3° EM),-3,,,,2023,8.28125,,,Completo,4.0
RA-159,FASE 4,4N,Aluno-159,,16.0,Feminino,2021,Pública,6.805033333,Agata,,,,4.0,7.9,8.1,2.52,6.3,7.8775,5.0,,5.0,6.0,7.8,,,Fase 6 (2° EM),-2,,,,2023,8.125,,,Completo,4.0
RA-322,FASE 4,4N,Aluno-322,,14.0,Feminino,2022,Pública,7.037808333,Ametista,,,,4.0,6.7,8.3,2.52,5.3,8.045,10.0,,4.0,5.5,6.3,,,Fase 4 (9° ano),0,,,,2023,7.96875,,,Completo,4.0
RA-251,FASE 4,4N,Aluno-251,,,Masculino,2018,Pública,6.665208333,Agata,,,,4.0,9.6,8.0,2.52,5.3,7.835,5.0,,5.0,5.5,5.3,,,Fase 5 (1° EM),-1,,,,2023,7.34375,,,Completo,4.0
RA-116,FASE 5,5A,Aluno-116,,17.0,Feminino,2019,Pública,6.433075,Agata,,,,4.0,6.7,7.6,5.0,4.7,7.5475,5.0,,2.3,5.0,6.8,,,Fase 7 (3° EM),-2,,,,2023,7.96875,,,Completo,5.0
RA-103,FASE 5,5A,Aluno-103,,14.0,Feminino,2020,Privada - Programa de Apadrinhamento,8.0239,Topázio,,,,4.0,8.3,9.2,5.0,7.1,8.09,10.0,,7.3,6.3,7.7,,,Fase 4 (9° ano),1,,,,2023,8.125,,,Completo,5.0
RA-42,FASE 5,5A,Aluno-42,,,Masculino,2019,Privada - Programa de Apadrinhamento,6.794516667,Agata,,,,4.0,8.8,8.6,5.63,5.7,6.6675,5.0,,6.3,4.2,6.7,,,Fase 6 (2° EM),-1,,,,2023,6.5625,,,Completo,5.0
RA-121,FASE 5,5A,Aluno-121,,,Feminino,2021,Pública,6.811875,Agata,,,,4.0,6.3,8.8,5.0,6.0,7.4625,5.0,,5.0,5.7,7.3,,,Fase 6 (2° EM),-1,,,,2023,7.34375,,,Completo,5.0
RA-106,FASE 5,5A,Aluno-106,,15.0,Feminino,2016,Privada - Programa de Apadrinhamento,7.769658333,Ametista,,,,4.0,7.9,9.1,5.0,7.3,7.5075,10.0,,6.7,6.8,8.3,,,Fase 5 (1° EM),0,,,,2023,7.03125,,,Completo,5.0
RA-123,FASE 5,5A,Aluno-123,,17.0,Masculino,2017,Privada - Programa de Apadrinhamento,6.068333333,Agata,,,,4.0,0.0,9.4,5.0,5.7,6.8375,5.0,,5.0,5.3,6.7,,,Fase 7 (3° EM),-2,,,,2023,6.875,,,Completo,5.0
RA-46,FASE 5,5A,Aluno-46,,18.0,Feminino,2022,Pública,5.545383333,Quartzo,,,,4.0,7.1,7.4,2.52,4.4,6.6275,2.5,,2.8,3.0,7.3,,,Fase 8 (Universitários),-3,,,,2023,6.5625,,,Completo,5.0
RA-125,FASE 5,5A,Aluno-125,,16.0,Feminino,2022,Privada,6.989633333,Agata,,,,4.0,9.2,7.7,5.0,5.8,7.835,5.0,,3.3,5.8,8.2,,,Fase 6 (2° EM),-1,,,,2023,8.125,,,Completo,5.0
RA-110,FASE 5,5A,Aluno-110,,15.0,Masculino,2017,Privada - Programa de Apadrinhamento,8.0879,Topázio,,,,4.0,8.3,8.6,5.0,7.5,8.2975,10.0,,8.3,6.2,8.0,,,Fase 5 (1° EM),0,,,,2023,8.75,,,Completo,5.0
RA-128,FASE 5,5A,Aluno-128,,16.0,Masculino,2019,Privada,6.503908333,Agata,,,,4.0,6.7,7.3,5.0,5.7,7.5475,5.0,,6.3,4.0,6.7,,,Fase 6 (2° EM),-1,,,,2023,7.34375,,,Completo,5.0
RA-143,FASE 5,5A,Aluno-143,,,Masculino,2019,Privada - Programa de Apadrinhamento,7.794358333,Ametista,,,,4.0,8.3,9.6,2.52,6.5,8.3375,10.0,,9.2,5.0,5.2,,,Fase 4 (9° ano),1,,,,2023,8.28125,,,Completo,5.0
RA-111,FASE 5,5A,Aluno-111,,14.0,Feminino,2020,Privada - Programa de Apadrinhamento,7.566458333,Ametista,,,,4.0,7.5,8.7,5.0,6.0,8.0875,10.0,,6.0,5.2,6.7,,,Fase 4 (9° ano),1,,,,2023,7.65625,,,Completo,5.0
RA-112,FASE 5,5A,Aluno-112,,,Feminino,2016,Privada - Programa de Apadrinhamento,7.141308333,Ametista,,,,4.0,6.7,8.1,5.0,7.4,7.9225,5.0,,7.3,6.5,8.3,,,Fase 6 (2° EM),-1,,,,2023,7.96875,,,Completo,5.0
RA-115,FASE 5,5A,Aluno-115,,16.0,Feminino,2019,Pública,6.319141667,Agata,,,,4.0,8.8,7.1,5.0,4.2,7.215,5.0,,3.7,3.8,5.2,,,Fase 6 (2° EM),-1,,,,2023,7.34375,,,Completo,5.0
RA-1196,FASE 5,5B,Aluno-1196,,15.0,Masculino,2023,Privada,7.03025,Ametista,,,,4.0,0.0,8.2,5.0,7.5,8.045,10.0,,8.0,6.2,8.3,,,Fase 5 (1° EM),0,,,,2023,7.8125,,,Completo,5.0
RA-52,FASE 5,5B,Aluno-52,,,Masculino,2018,Privada - Programa de Apadrinhamento,7.9642,Ametista,,,,4.0,10.0,9.8,2.52,6.4,8.2975,10.0,,7.7,4.8,6.7,,,Fase 4 (9° ano),1,,,,2023,8.125,,,Completo,5.0
RA-1197,FASE 5,5B,Aluno-1197,,16.0,Feminino,2023,Pública,6.946058333,Agata,,,,4.0,6.7,8.4,5.0,7.3,7.215,5.0,,5.3,7.2,9.3,,,Fase 6 (2° EM),-1,,,,2023,7.03125,,,Completo,5.0
RA-108,FASE 5,5B,Aluno-108,,,Feminino,2019,Concluiu o 3º EM,4.9308,Quartzo,,,,4.0,5.8,7.3,2.52,2.9,5.59,5.0,,2.7,3.2,2.8,,,Fase 7 (3° EM),-2,,,,2023,4.375,,,Completo,5.0
RA-1198,FASE 5,5B,Aluno-1198,,,Feminino,2023,Pública,7.515233333,Ametista,,,,4.0,8.3,9.4,6.26,6.7,7.9625,5.0,,7.3,3.7,9.0,,,Fase 6 (2° EM),-1,,,,2023,7.5,,,Completo,5.0
RA-127,FASE 5,5B,Aluno-127,,15.0,Feminino,2022,Pública,7.91935,Ametista,,,,4.0,8.8,7.8,6.26,6.4,8.6725,10.0,,4.7,6.3,8.2,,,Fase 5 (1° EM),0,,,,2023,8.4375,,,Completo,5.0
RA-114,FASE 5,5B,Aluno-114,,,Masculino,2022,Pública,5.335,Quartzo,,,,4.0,0.0,6.0,3.14,5.6,7.255,5.0,,4.0,4.5,8.3,,,Fase 7 (3° EM),-2,,,,2023,7.5,,,Completo,5.0
RA-146,FASE 5,5C,Aluno-146,,,Feminino,2022,Pública,7.584483333,Ametista,,,,4.0,6.2,9.5,5.0,7.9,8.2125,5.0,,7.8,5.8,10.0,,,Fase 6 (2° EM),-1,,,,2023,8.4375,,,Completo,5.0
RA-1199,FASE 5,5C,Aluno-1199,,,Masculino,2023,Pública,7.024933333,Ametista,,,,4.0,6.7,9.1,5.0,6.2,8.0875,5.0,,6.8,5.0,6.7,,,Fase 7 (3° EM),-2,,,,2023,6.875,,,Completo,5.0
RA-70,FASE 5,5C,Aluno-70,,17.0,Feminino,2017,Pública,6.869133333,Agata,,,,4.0,9.2,9.2,5.0,4.3,7.545,5.0,,3.0,3.5,6.3,,,Fase 7 (3° EM),-2,,,,2023,7.5,,,Completo,5.0
RA-107,FASE 5,5C,Aluno-107,,15.0,Feminino,2018,Pública,6.845208333,Agata,,,,4.0,0.0,8.5,5.0,7.0,7.5875,10.0,,6.0,5.2,9.7,,,Fase 5 (1° EM),0,,,,2023,7.34375,,,Completo,5.0
RA-1200,FASE 5,5C,Aluno-1200,,15.0,Feminino,2023,Pública,5.711166667,Quartzo,,,,4.0,0.0,6.4,5.0,4.0,6.8725,10.0,,4.3,2.3,5.5,,,Fase 5 (1° EM),0,,,,2023,7.5,,,Completo,5.0
RA-151,FASE 5,5C,Aluno-151,,17.0,Feminino,2020,Pública,6.892541667,Agata,,,,4.0,0.0,7.8,7.52,7.9,8.1725,5.0,,6.8,7.0,10.0,,,Fase 7 (3° EM),-2,,,,2023,8.59375,,,Completo,5.0
RA-85,FASE 5,5C,Aluno-85,,16.0,Masculino,2022,Pública,7.08435,Ametista,,,,4.0,8.8,8.9,6.27,5.7,7.8425,5.0,,5.8,3.8,7.5,,,Fase 6 (2° EM),-1,,,,2023,5.9375,,,Completo,5.0
RA-1201,FASE 5,5C,Aluno-1201,,15.0,Masculino,2023,Pública,8.378008333,Topázio,,,,4.0,9.2,9.6,3.77,7.8,8.7575,10.0,,8.3,6.5,8.5,,,Fase 5 (1° EM),0,,,,2023,8.59375,,,Completo,5.0
RA-131,FASE 5,5F,Aluno-131,,16.0,Feminino,2016,Pública,5.952358333,Quartzo,,,,4.0,8.3,7.8,5.0,2.2,6.8,5.0,,0.0,3.0,3.5,,,Fase 6 (2° EM),-1,,,,2023,7.65625,,,Completo,5.0
RA-132,FASE 5,5F,Aluno-132,,15.0,Feminino,2019,Privada - Programa de Apadrinhamento,7.350625,Ametista,,,,4.0,7.5,8.7,2.52,6.5,7.715,10.0,,6.3,6.5,6.7,,,Fase 5 (1° EM),0,,,,2023,7.65625,,,Completo,5.0
RA-133,FASE 5,5F,Aluno-133,,16.0,Feminino,2016,Pública,6.168416667,Agata,,,,4.0,7.5,7.9,2.52,5.3,6.505,5.0,,5.0,4.3,6.7,,,Fase 6 (2° EM),-1,,,,2023,7.1875,,,Completo,5.0
RA-104,FASE 5,5F,Aluno-104,,,Masculino,2022,Pública,4.25,Quartzo,,,,4.0,0.0,7.7,2.52,2.6,5.6275,2.5,,3.7,1.8,2.3,,,Fase 8 (Universitários),-3,,,,2023,5.625,,,Completo,5.0
RA-137,FASE 5,5F,Aluno-137,,17.0,Feminino,2016,Privada - Programa de Apadrinhamento,5.937025,Quartzo,,,,4.0,7.1,6.3,2.52,6.0,6.88,5.0,,7.3,4.5,6.2,,,Fase 7 (3° EM),-2,,,,2023,6.40625,,,Completo,5.0
RA-144,FASE 5,5F,Aluno-144,,14.0,Feminino,2017,Privada - Programa de Apadrinhamento,4.990333333,Quartzo,,,,4.0,0.0,5.2,2.52,4.4,6.0,10.0,,3.3,2.5,7.3,,,Fase 4 (9° ano),1,,,,2023,6.25,,,Completo,5.0
RA-1202,FASE 5,5F,Aluno-1202,,16.0,Feminino,2023,Pública,6.202008333,Agata,,,,4.0,7.1,7.6,7.52,3.3,6.67,5.0,,4.5,3.3,2.0,,,Fase 6 (2° EM),-1,,,,2023,7.34375,,,Completo,5.0
RA-90,FASE 5,5L,Aluno-90,,14.0,Feminino,2019,Privada - Programa de Apadrinhamento,8.699408333,Topázio,,,,4.0,10.0,9.6,7.52,7.7,8.1725,10.0,,6.7,6.8,9.5,,,Fase 4 (9° ano),1,,,,2023,8.59375,,,Completo,5.0
RA-167,FASE 5,5L,Aluno-167,,,Feminino,2018,Privada - Programa de Apadrinhamento,7.806141667,Ametista,,,,4.0,8.8,9.9,5.0,7.9,7.8375,5.0,,8.3,7.2,8.3,,,Fase 7 (3° EM),-2,,,,2023,7.96875,,,Completo,5.0
RA-168,FASE 5,5L,Aluno-168,,15.0,Feminino,2018,Privada - Programa de Apadrinhamento,6.483083333,Agata,,,,4.0,0.0,9.6,6.89,4.7,6.4225,10.0,,4.3,3.0,6.7,,,Fase 5 (1° EM),0,,,,2023,6.5625,,,Completo,5.0
RA-1203,FASE 5,5L,Aluno-1203,,,Feminino,2023,Pública,7.487841667,Ametista,,,,4.0,9.2,10.0,2.52,7.2,7.8775,5.0,,6.7,5.8,9.2,,,Fase 6 (2° EM),-1,,,,2023,7.96875,,,Completo,5.0
RA-155,FASE 5,5L,Aluno-155,,17.0,Masculino,2022,Pública,6.318991667,Agata,,,,4.0,7.9,8.1,5.0,4.4,6.5875,5.0,,5.3,2.8,5.2,,,Fase 7 (3° EM),-2,,,,2023,7.03125,,,Completo,5.0
RA-94,FASE 5,5L,Aluno-94,,,Feminino,2018,Privada - Programa de Apadrinhamento,7.289333333,Ametista,,,,4.0,7.5,9.6,2.52,7.2,7.795,5.0,,7.7,4.8,9.0,,,Fase 6 (2° EM),-1,,,,2023,8.75,,,Completo,5.0
RA-81,FASE 5,5L,Aluno-81,,15.0,Feminino,2017,Privada - Programa de Apadrinhamento,7.45425,Ametista,,,,4.0,9.6,8.8,2.52,6.3,7.2125,10.0,,8.7,4.7,5.5,,,Fase 5 (1° EM),0,,,,2023,7.8125,,,Completo,5.0
RA-302,FASE 5,5L,Aluno-302,,17.0,Masculino,2022,Pública,5.314333333,Quartzo,,,,4.0,0.0,7.3,5.0,4.3,6.255,5.0,,4.7,2.3,5.8,,,Fase 7 (3° EM),-2,,,,2023,7.5,,,Completo,5.0
RA-171,FASE 5,5L,Aluno-171,,17.0,Masculino,2022,Pública,6.293083333,Agata,,,,4.0,7.5,7.2,5.0,5.2,6.755,5.0,,4.5,4.8,6.2,,,Fase 7 (3° EM),-2,,,,2023,7.1875,,,Completo,5.0
RA-160,FASE 5,5L,Aluno-160,,16.0,Feminino,2021,Privada - Programa de Apadrinhamento,6.598266667,Agata,,,,4.0,8.8,8.3,2.52,5.0,7.46,5.0,,3.3,3.8,8.0,,,Fase 6 (2° EM),-1,,,,2023,8.125,,,Completo,5.0
RA-1204,FASE 5,5L,Aluno-1204,,16.0,Masculino,2023,Pública,6.940416667,Agata,,,,4.0,7.5,8.7,5.0,6.1,7.2125,5.0,,5.0,3.7,9.7,,,Fase 6 (2° EM),-1,,,,2023,7.8125,,,Completo,5.0
RA-1205,FASE 5,5L,Aluno-1205,,18.0,Feminino,2023,Pública,6.806466667,Agata,,,,4.0,9.2,9.2,6.26,5.0,7.085,2.5,,5.2,3.7,6.2,,,Fase 8 (Universitários),-3,,,,2023,7.5,,,Completo,5.0
RA-173,FASE 5,5L,Aluno-173,,17.0,Masculino,2019,Privada - Programa de Apadrinhamento,7.757466667,Ametista,,,,4.0,9.2,8.5,6.26,8.1,7.8775,5.0,,9.0,6.2,9.2,,,Fase 7 (3° EM),-2,,,,2023,8.125,,,Completo,5.0
RA-166,FASE 5,5L,Aluno-166,,,Masculino,2020,Privada - Programa de Apadrinhamento,8.105583333,Topázio,,,,4.0,7.5,8.9,6.26,8.1,7.4625,10.0,,7.0,7.2,10.0,,,Fase 5 (1° EM),0,,,,2023,8.4375,,,Completo,5.0
RA-175,FASE 5,5L,Aluno-175,,,Feminino,2018,Privada - Programa de Apadrinhamento,6.569516667,Agata,,,,4.0,8.8,9.2,2.52,4.8,7.085,5.0,,5.0,5.0,4.5,,,Fase 6 (2° EM),-1,,,,2023,7.1875,,,Completo,5.0
RA-153,FASE 5,5M,Aluno-153,,15.0,Feminino,2018,Privada - Programa de Apadrinhamento,7.289966667,Ametista,,,,4.0,9.2,7.4,2.52,6.4,7.71,10.0,,6.0,5.3,8.0,,,Fase 5 (1° EM),0,,,,2023,8.125,,,Completo,5.0
RA-1206,FASE 5,5M,Aluno-1206,,17.0,Feminino,2023,Pública,6.724183333,Agata,,,,4.0,8.8,8.3,2.52,5.6,7.7125,5.0,,4.7,3.7,8.3,,,Fase 7 (3° EM),-2,,,,2023,7.8125,,,Completo,5.0
RA-157,FASE 5,5M,Aluno-157,,13.0,Feminino,2018,Privada - Programa de Apadrinhamento,7.879008333,Ametista,,,,4.0,7.1,9.9,2.52,6.8,8.63,10.0,,6.0,6.8,7.5,,,Fase 3 (7° e 8° ano),2,,,,2023,8.59375,,,Completo,5.0
RA-1207,FASE 5,5M,Aluno-1207,,,Feminino,2023,Pública,7.58235,Ametista,,,,4.0,8.8,9.0,5.0,5.5,7.63,10.0,,5.0,4.0,7.5,,,Fase 5 (1° EM),0,,,,2023,7.8125,,,Completo,5.0
RA-1208,FASE 5,5M,Aluno-1208,,15.0,Masculino,2023,Pública,7.0651,Ametista,,,,4.0,8.8,8.8,2.52,6.2,6.2525,10.0,,5.0,4.8,8.8,,,Fase 5 (1° EM),0,,,,2023,6.875,,,Completo,5.0
RA-1209,FASE 5,5M,Aluno-1209,,16.0,Feminino,2023,Pública,7.43375,Ametista,,,,4.0,7.5,9.4,5.0,7.4,7.7125,5.0,,7.7,5.7,8.8,,,Fase 6 (2° EM),-1,,,,2023,7.8125,,,Completo,5.0
RA-158,FASE 5,5M,Aluno-158,,,Feminino,2017,Privada - Programa de Apadrinhamento,7.297425,Ametista,,,,4.0,7.1,9.0,2.52,6.0,7.545,10.0,,6.0,5.7,6.3,,,Fase 4 (9° ano),1,,,,2023,8.28125,,,Completo,5.0
RA-161,FASE 5,5M,Aluno-161,,14.0,Feminino,2018,Privada - Programa de Apadrinhamento,6.250166667,Agata,,,,4.0,0.0,7.3,2.52,5.8,7.795,10.0,,7.0,4.5,6.0,,,Fase 4 (9° ano),1,,,,2023,8.125,,,Completo,5.0
RA-164,FASE 5,5M,Aluno-164,,16.0,Masculino,2018,Privada,5.638666667,Quartzo,,,,4.0,0.0,8.2,2.52,5.8,6.9625,5.0,,6.0,4.2,7.3,,,Fase 6 (2° EM),-1,,,,2023,6.875,,,Completo,5.0
RA-1210,FASE 5,5M,Aluno-1210,,16.0,Feminino,2023,Pública,7.171083333,Ametista,,,,4.0,9.6,9.4,5.0,4.7,8.09,5.0,,5.0,2.0,7.0,,,Fase 6 (2° EM),-1,,,,2023,7.8125,,,Completo,5.0
RA-165,FASE 5,5M,Aluno-165,,,Feminino,2017,Privada - Programa de Apadrinhamento,7.583433333,Ametista,,,,4.0,6.7,9.2,2.52,7.3,7.795,10.0,,7.3,6.2,8.3,,,Fase 5 (1° EM),0,,,,2023,8.125,,,Completo,5.0
RA-1211,FASE 5,5M,Aluno-1211,,16.0,Feminino,2023,Pública,7.09205,Ametista,,,,4.0,7.1,9.1,5.0,6.2,7.7125,5.0,,6.3,4.5,7.8,,,Fase 6 (2° EM),-1,,,,2023,7.8125,,,Completo,5.0
RA-1212,FASE 5,5M,Aluno-1212,,16.0,Feminino,2023,Pública,6.755358333,Agata,,,,4.0,8.3,8.9,5.0,4.2,7.715,5.0,,0.0,3.5,9.0,,,Fase 6 (2° EM),-1,,,,2023,7.65625,,,Completo,5.0
RA-1213,FASE 5,5M,Aluno-1213,,,Feminino,2023,Pública,5.95625,Quartzo,,,,4.0,0.0,8.4,2.52,6.0,7.715,5.0,,6.7,4.8,6.5,,,Fase 7 (3° EM),-2,,,,2023,7.8125,,,Completo,5.0
RA-40,FASE 6,6A,Aluno-40,,17.0,Feminino,2016,Privada - Programa de Apadrinhamento,7.169975,Ametista,,,,4.0,7.5,8.2,7.52,5.9,7.755,5.0,,6.2,5.7,5.8,,,Fase 7 (3° EM),-1,,,,2023,7.96875,,,Completo,6.0
RA-1214,FASE 6,6A,Aluno-1214,,16.0,Masculino,2023,Pública,8.378666667,Topázio,,,,4.0,9.6,9.8,6.89,7.4,7.6725,10.0,,8.0,5.0,9.3,,,Fase 6 (2° EM),0,,,,2023,7.5,,,Completo,6.0
RA-71,FASE 6,6A,Aluno-71,,,Feminino,2019,Pública,7.3651,Ametista,,,,4.0,6.7,9.8,6.26,6.6,7.7125,5.0,,7.3,5.5,7.0,,,Fase 8 (Universitários),-2,,,,2023,7.5,,,Completo,6.0
RA-53,FASE 6,6A,Aluno-53,,18.0,Masculino,2022,Concluiu o 3º EM,7.600633333,Ametista,,,,4.0,9.2,9.1,5.63,7.7,7.5875,5.0,,7.3,6.5,9.2,,,Fase 8 (Universitários),-2,,,,2023,7.5,,,Completo,6.0
RA-43,FASE 6,6A,Aluno-43,,17.0,Feminino,2019,Pública,6.4622,Agata,,,,4.0,7.9,6.7,5.63,5.0,7.5875,5.0,,4.0,5.0,6.0,,,Fase 7 (3° EM),-1,,,,2023,7.5,,,Completo,6.0
RA-55,FASE 6,6A,Aluno-55,,,Feminino,2017,Pública,6.898033333,Agata,,,,4.0,7.9,8.1,3.14,7.1,7.545,5.0,,8.7,6.5,6.0,,,Fase 7 (3° EM),-1,,,,2023,7.5,,,Completo,6.0
RA-44,FASE 6,6A,Aluno-44,,,Feminino,2021,Pública,6.258333333,Agata,,,,4.0,0.0,8.5,5.01,6.9,7.17,5.0,,7.3,5.8,7.5,,,Fase 8 (Universitários),-2,,,,2023,7.5,,,Completo,6.0
RA-1215,FASE 6,6A,Aluno-1215,,16.0,Feminino,2023,Pública,6.339466667,Agata,,,,4.0,7.1,5.6,5.0,4.1,7.1725,10.0,,5.0,2.7,4.7,,,Fase 6 (2° EM),0,,,,2023,7.5,,,Completo,6.0
RA-45,FASE 6,6A,Aluno-45,,,Feminino,2019,Privada - Programa de Apadrinhamento,8.303591667,Topázio,,,,4.0,7.1,9.6,6.26,7.9,8.1725,10.0,,7.8,6.3,9.7,,,Fase 6 (2° EM),0,,,,2023,8.28125,,,Completo,6.0
RA-56,FASE 6,6A,Aluno-56,,16.0,Feminino,2019,Privada - Programa de Apadrinhamento,8.284333333,Topázio,,,,4.0,9.6,9.5,5.0,7.8,7.8,10.0,,7.8,5.5,10.0,,,Fase 6 (2° EM),0,,,,2023,8.125,,,Completo,6.0
RA-57,FASE 6,6A,Aluno-57,,,Masculino,2017,Privada - Programa de Apadrinhamento,6.450875,Agata,,,,4.0,0.0,8.0,5.63,7.2,7.755,5.0,,7.8,6.8,7.0,,,Fase 7 (3° EM),-1,,,,2023,7.96875,,,Completo,6.0
RA-58,FASE 6,6A,Aluno-58,,,Masculino,2017,Privada - Programa de Apadrinhamento,7.70625,Ametista,,,,4.0,0.0,9.7,6.26,8.1,8.3825,10.0,,7.8,6.5,10.0,,,Fase 6 (2° EM),0,,,,2023,8.4375,,,Completo,6.0
RA-59,FASE 6,6A,Aluno-59,,,Masculino,2022,Privada - Programa de Apadrinhamento,7.692291667,Ametista,,,,4.0,7.5,9.6,5.63,7.2,8.4225,5.0,,7.7,6.8,7.2,,,Fase 8 (Universitários),-2,,,,2023,8.28125,,,Completo,6.0
RA-1216,FASE 6,6A,Aluno-1216,,19.0,Feminino,2023,Concluiu o 3º EM,7.7105,Ametista,,,,4.0,9.6,9.0,5.63,7.9,7.795,5.0,,8.7,5.3,9.7,,,Fase 8 (Universitários),-2,,,,2023,7.5,,,Completo,6.0
RA-78,FASE 6,6A,Aluno-78,,,Feminino,2018,Privada - Programa de Apadrinhamento,6.434625,Agata,,,,4.0,0.0,7.7,6.26,6.7,8.0025,5.0,,8.5,4.8,6.8,,,Fase 8 (Universitários),-2,,,,2023,8.28125,,,Completo,6.0
RA-79,FASE 6,6A,Aluno-79,,,Feminino,2018,Privada - Programa de Apadrinhamento,6.635883333,Agata,,,,4.0,5.8,6.2,5.0,7.6,7.59,5.0,,6.0,7.7,9.0,,,Fase 7 (3° EM),-1,,,,2023,7.8125,,,Completo,6.0
RA-61,FASE 6,6A,Aluno-61,,16.0,Masculino,2021,Pública,7.382108333,Ametista,,,,4.0,8.3,7.0,6.26,6.2,7.4625,10.0,,6.7,4.3,7.5,,,Fase 6 (2° EM),0,,,,2023,7.96875,,,Completo,6.0
RA-63,FASE 6,6A,Aluno-63,,,Masculino,2018,Pública,8.0641,Topázio,,,,4.0,6.7,9.0,6.89,8.7,8.9675,5.0,,9.3,7.3,9.5,,,Fase 7 (3° EM),-1,,,,2023,8.75,,,Completo,6.0
RA-64,FASE 6,6A,Aluno-64,,,Feminino,2019,Privada - Programa de Apadrinhamento,7.452541667,Ametista,,,,4.0,7.5,9.2,6.89,6.7,7.9625,5.0,,7.0,6.0,7.2,,,Fase 7 (3° EM),-1,,,,2023,7.34375,,,Completo,6.0
RA-48,FASE 6,6A,Aluno-48,,16.0,Feminino,2017,Privada - Programa de Apadrinhamento,7.797058333,Ametista,,,,4.0,6.7,8.4,6.26,7.7,7.6275,10.0,,8.3,5.7,9.0,,,Fase 6 (2° EM),0,,,,2023,7.65625,,,Completo,6.0
RA-109,FASE 6,6A,Aluno-109,,,Masculino,2021,Privada - Programa de Apadrinhamento,8.3184,Topázio,,,,4.0,8.3,9.9,7.52,8.3,8.59,5.0,,7.0,8.2,9.7,,,Fase 7 (3° EM),-1,,,,2023,8.75,,,Completo,6.0
RA-80,FASE 6,6L,Aluno-80,,,Feminino,2017,Privada - Programa de Apadrinhamento,7.252275,Ametista,,,,4.0,8.3,8.4,6.89,6.3,7.465,5.0,,8.2,5.7,5.0,,,Fase 7 (3° EM),-1,,,,2023,7.96875,,,Completo,6.0
RA-91,FASE 6,6L,Aluno-91,,,Feminino,2016,Privada - Programa de Apadrinhamento,7.42395,Ametista,,,,4.0,10.0,7.4,6.89,7.4,7.4675,5.0,,9.5,5.0,7.7,,,Fase 7 (3° EM),-1,,,,2023,7.8125,,,Completo,6.0
RA-1217,FASE 6,6L,Aluno-1217,,17.0,Feminino,2023,Pública,6.064625,Agata,,,,4.0,0.0,7.9,5.63,5.9,7.38,5.0,,7.0,4.0,6.7,,,Fase 7 (3° EM),-1,,,,2023,7.65625,,,Completo,6.0
RA-92,FASE 6,6L,Aluno-92,,,Feminino,2016,Privada - Programa de Apadrinhamento,7.375916667,Ametista,,,,4.0,9.6,9.4,5.63,6.7,7.045,5.0,,8.7,4.8,6.7,,,Fase 7 (3° EM),-1,,,,2023,7.1875,,,Completo,6.0
RA-96,FASE 6,6L,Aluno-96,,17.0,Masculino,2021,Privada - Programa de Apadrinhamento,7.610791667,Ametista,,,,4.0,9.6,8.9,7.52,6.4,7.84,5.0,,6.8,4.8,7.7,,,Fase 7 (3° EM),-1,,,,2023,7.65625,,,Completo,6.0
RA-1218,FASE 6,6L,Aluno-1218,,17.0,Masculino,2023,Pública,6.8265,Agata,,,,4.0,7.5,9.2,5.0,5.3,7.1325,5.0,,6.7,3.5,5.7,,,Fase 7 (3° EM),-1,,,,2023,7.5,,,Completo,6.0
RA-1219,FASE 6,6L,Aluno-1219,,,Feminino,2023,Pública,7.215141667,Ametista,,,,4.0,8.8,6.5,5.63,6.3,7.38,10.0,,7.2,5.5,6.3,,,Fase 6 (2° EM),0,,,,2023,7.34375,,,Completo,6.0
RA-1220,FASE 6,6L,Aluno-1220,,17.0,Feminino,2023,Pública,6.46725,Agata,,,,4.0,0.0,9.0,5.0,6.8,7.63,5.0,,8.8,5.3,6.3,,,Fase 7 (3° EM),-1,,,,2023,7.8125,,,Completo,6.0
RA-84,FASE 6,6L,Aluno-84,,,Feminino,2018,Privada - Programa de Apadrinhamento,6.034416667,Agata,,,,4.0,0.0,8.8,2.52,6.0,7.6725,5.0,,6.8,5.8,5.5,,,Fase 8 (Universitários),-2,,,,2023,7.8125,,,Completo,6.0
RA-99,FASE 6,6L,Aluno-99,,17.0,Masculino,2019,Pública,6.68045,Agata,,,,4.0,7.9,8.3,5.63,4.5,7.4225,5.0,,4.7,4.0,4.8,,,Fase 7 (3° EM),-1,,,,2023,7.8125,,,Completo,6.0
RA-87,FASE 6,6L,Aluno-87,,16.0,Masculino,2021,Privada - Programa de Apadrinhamento,8.6625,Topázio,,,,4.0,7.5,10.0,5.63,9.3,8.385,10.0,,9.5,8.7,9.7,,,Fase 6 (2° EM),0,,,,2023,8.125,,,Completo,6.0
RA-89,FASE 6,6L,Aluno-89,,17.0,Masculino,2021,Pública,6.700775,Agata,,,,4.0,8.3,8.1,5.0,5.1,7.465,5.0,,6.3,2.3,6.7,,,Fase 7 (3° EM),-1,,,,2023,7.34375,,,Completo,6.0
RA-1221,FASE 7,7A,Aluno-1221,,22.0,Feminino,2023,Concluiu o 3º EM,8.027466667,Topázio,,,,4.0,9.2,9.1,6.26,8.7,8.09,5.0,,8.2,8.0,10.0,,,Fase 8 (Universitários),-1,,,,2023,8.0,,,Completo,7.0
RA-27,FASE 7,7A,Aluno-27,,,Masculino,2016,Privada - Programa de Apadrinhamento,7.921266667,Ametista,,,,4.0,6.7,7.7,6.89,6.9,8.8825,10.0,,7.0,5.8,8.0,,,Fase 7 (3° EM),0,,,,2023,8.625,,,Completo,7.0
RA-1222,FASE 7,7A,Aluno-1222,,,Feminino,2023,Nenhuma das opções acima,7.026466667,Ametista,,,,4.0,7.1,10.0,5.63,6.8,6.005,5.0,,5.0,6.5,9.0,,,Fase 8 (Universitários),-1,,,,2023,6.875,,,Completo,7.0
RA-32,FASE 7,7A,Aluno-32,,,Feminino,2018,Privada - Programa de Apadrinhamento,6.716666667,Agata,,,,4.0,0.0,8.2,3.77,7.9,6.8775,10.0,,9.0,5.8,9.0,,,Fase 7 (3° EM),0,,,,2023,7.375,,,Completo,7.0
RA-19,FASE 7,7A,Aluno-19,,19.0,Feminino,2022,Nenhuma das opções acima,7.710866667,Ametista,,,,4.0,7.9,9.4,5.63,7.8,8.1725,5.0,,7.7,7.0,8.8,,,Fase 8 (Universitários),-1,,,,2023,7.75,,,Completo,7.0
RA-62,FASE 7,7A,Aluno-62,,17.0,Feminino,2022,Pública,7.610333333,Ametista,,,,4.0,0.0,9.8,6.89,7.5,8.215,10.0,,9.3,6.8,6.3,,,Fase 7 (3° EM),0,,,,2023,8.25,,,Completo,7.0
RA-1223,FASE 7,7A,Aluno-1223,,,Masculino,2023,Pública,8.187766667,Topázio,,,,4.0,8.8,9.3,5.0,9.0,7.2925,10.0,,9.5,8.3,9.3,,,Fase 7 (3° EM),0,,,,2023,6.875,,,Completo,7.0
RA-38,FASE 7,7A,Aluno-38,,17.0,Feminino,2017,Privada - Programa de Apadrinhamento,8.835333333,Topázio,,,,4.0,9.6,9.7,7.52,7.7,8.8825,10.0,,8.2,8.8,6.0,,,Fase 7 (3° EM),0,,,,2023,8.75,,,Completo,7.0
RA-1224,FASE 7,7A,Aluno-1224,,,Masculino,2023,Concluiu o 3º EM,7.5524,Ametista,,,,4.0,8.3,9.4,5.0,8.0,7.6325,5.0,,8.2,6.3,9.5,,,Fase 8 (Universitários),-1,,,,2023,7.125,,,Completo,7.0
RA-39,FASE 7,7A,Aluno-39,,17.0,Feminino,2017,Privada - Programa de Apadrinhamento,8.710333333,Topázio,,,,4.0,9.6,9.1,7.52,7.8,8.7575,10.0,,8.3,7.8,7.2,,,Fase 7 (3° EM),0,,,,2023,8.75,,,Completo,7.0
RA-1225,FASE 7,7E,Aluno-1225,,18.0,Feminino,2023,Concluiu o 3º EM,,,,,,,7.5,,2.52,,,5.0,,,,,,,Fase 8 (Universitários),-1,,,,2023,,,,Completo,7.0
RA-76,FASE 7,7E,Aluno-76,,15.0,Feminino,2017,Privada *Parcerias com Bolsa 100%,,,,,,,10.0,,2.52,,,10.0,,,,,,,Fase 5 (1° EM),2,,,,2023,,,,Completo,7.0
RA-26,FASE 7,7E,Aluno-26,,,Masculino,2022,Privada *Parcerias com Bolsa 100%,,,,,,,0.0,,7.52,,,5.0,,,,,,,Fase 8 (Universitários),-1,,,,2023,,,,Completo,7.0
RA-1226,FASE 7,7E,Aluno-1226,,,Feminino,2023,Privada *Parcerias com Bolsa 100%,,,,,,,9.2,,7.52,,,10.0,,,,,,,Fase 6 (2° EM),1,,,,2023,,,,Completo,7.0
RA-93,FASE 7,7E,Aluno-93,,16.0,Feminino,2016,Privada - Programa de Apadrinhamento,,,,,,,7.9,,3.14,,,10.0,,,,,,,Fase 6 (2° EM),1,,,,2023,,,,Completo,7.0
RA-119,FASE 7,7E,Aluno-119,,15.0,Feminino,2016,Privada - Programa de Apadrinhamento,,,,,,,6.7,,2.52,,,10.0,,,,,,,Fase 5 (1° EM),2,,,,2023,,,,Completo,7.0
RA-1227,FASE 7,7E,Aluno-1227,,16.0,Feminino,2023,Privada - Programa de Apadrinhamento,,,,,,,9.2,,2.52,,,10.0,,,,,,,Fase 6 (2° EM),1,,,,2023,,,,Completo,7.0
RA-1228,FASE 7,7E,Aluno-1228,,17.0,Feminino,2023,Privada - Programa de Apadrinhamento,,,,,,,7.5,,2.52,,,10.0,,,,,,,Fase 7 (3° EM),0,,,,2023,,,,Completo,7.0
RA-1229,FASE 7,7E,Aluno-1229,,,Feminino,2023,Privada - Programa de Apadrinhamento,,,,,,,8.3,,7.52,,,10.0,,,,,,,Fase 6 (2° EM),1,,,,2023,,,,Completo,7.0
RA-98,FASE 7,7E,Aluno-98,,15.0,Feminino,2017,Privada *Parcerias com Bolsa 100%,,,,,,,7.9,,2.52,,,10.0,,,,,,,Fase 5 (1° EM),2,,,,2023,,,,Completo,7.0
RA-172,FASE 7,7E,Aluno-172,,15.0,Feminino,2018,Privada - Programa de Apadrinhamento,,,,,,,0.0,,3.77,,,10.0,,,,,,,Fase 5 (1° EM),2,,,,2023,,,,Completo,7.0
RA-86,FASE 7,7E,Aluno-86,,,Masculino,2016,Privada *Parcerias com Bolsa 100%,,,,,,,8.3,,6.89,,,10.0,,,,,,,Fase 7 (3° EM),0,,,,2023,,,,Completo,7.0
RA-1230,FASE 7,7E,Aluno-1230,,16.0,Feminino,2021,Privada - Programa de Apadrinhamento,,,,,,,0.0,,2.52,,,10.0,,,,,,,Fase 6 (2° EM),1,,,,2023,,,,Completo,7.0
RA-1231,FASE 8,8A,Aluno-1231,,22.0,Masculino,2021,Privada *Parcerias com Bolsa 100%,,,,,,,,,,,,10.0,,,,,,,Fase 8 (Universitários),0,,,,2023,,,,Completo,8.0
RA-1232,FASE 8,8A,Aluno-1232,,21.0,Masculino,2021,Privada *Parcerias com Bolsa 100%,,,,,,,,,,,,10.0,,,,,,,Fase 8 (Universitários),0,,,,2023,,,,Completo,8.0
RA-1233,FASE 8,8A,Aluno-1233,,22.0,Feminino,2021,Privada *Parcerias com Bolsa 100%,,,,,,,,,,,,10.0,,,,,,,Fase 8 (Universitários),0,,,,2023,,,,Completo,8.0
RA-1234,FASE 8,8A,Aluno-1234,,,Feminino,2021,Privada *Parcerias com Bolsa 100%,,,,,,,,,,,,10.0,,,,,,,Fase 8 (Universitários),0,,,,2023,,,,Completo,8.0
RA-1235,FASE 8,8A,Aluno-1235,,21.0,Masculino,2021,Privada *Parcerias com Bolsa 100%,,,,,,,,,,,,10.0,,,,,,,Fase 8 (Universitários),0,,,,2023,,,,Completo,8.0
RA-1236,FASE 8,8A,Aluno-1236,,21.0,Feminino,2021,Privada *Parcerias com Bolsa 100%,,,,,,,,,,,,10.0,,,,,,,Fase 8 (Universitários),0,,,,2023,,,,Completo,8.0
RA-1237,FASE 8,8A,Aluno-1237,,,Feminino,2021,Privada *Parcerias com Bolsa 100%,,,,,,,,,,,,10.0,,,,,,,Fase 8 (Universitários),0,,,,2023,,,,Completo,8.0
RA-1238,FASE 8,8A,Aluno-1238,,21.0,Feminino,2021,Privada *Parcerias com Bolsa 100%,,,,,,,,,,,,10.0,,,,,,,Fase 8 (Universitários),0,,,,2023,,,,Completo,8.0
RA-1239,FASE 8,8B,Aluno-1239,,,Feminino,2021,Privada *Parcerias com Bolsa 100%,,,,,,,,,,,,10.0,,,,,,,Fase 8 (Universitários),0,,,,2023,,,,Completo,8.0
RA-1240,FASE 8,8B,Aluno-1240,,20.0,Masculino,2021,Privada *Parcerias com Bolsa 100%,,,,,,,,,,,,10.0,,,,,,,Fase 8 (Universitários),0,,,,2023,,,,Completo,8.0
RA-1241,FASE 8,8B,Aluno-1241,,,Feminino,2021,Privada *Parcerias com Bolsa 100%,,,,,,,,,,,,10.0,,,,,,,Fase 8 (Universitários),0,,,,2023,,,,Completo,8.0
RA-1242,FASE 8,8B,Aluno-1242,,19.0,Feminino,2021,Privada *Parcerias com Bolsa 100%,,,,,,,,,,,,10.0,,,,,,,Fase 8 (Universitários),0,,,,2023,,,,Completo,8.0
RA-1243,FASE 8,8B,Aluno-1243,,,Feminino,2021,Privada *Parcerias com Bolsa 100%,,,,,,,,,,,,10.0,,,,,,,Fase 8 (Universitários),0,,,,2023,,,,Completo,8.0
RA-1244,FASE 8,8B,Aluno-1244,,20.0,Feminino,2021,Privada *Parcerias com Bolsa 100%,,,,,,,,,,,,10.0,,,,,,,Fase 8 (Universitários),0,,,,2023,,,,Completo,8.0
RA-1245,FASE 8,8B,Aluno-1245,,,Masculino,2021,Privada *Parcerias com Bolsa 100%,,,,,,,,,,,,10.0,,,,,,,Fase 8 (Universitários),0,,,,2023,,,,Completo,8.0
RA-1246,FASE 8,8B,Aluno-1246,,20.0,Feminino,2021,Privada - Pagamento por *Empresa Parceira,,,,,,,,,,,,10.0,,,,,,,Fase 8 (Universitários),0,,,,2023,,,,Completo,8.0
RA-1247,FASE 8,8B,Aluno-1247,,21.0,Feminino,2021,Privada *Parcerias com Bolsa 100%,,,,,,,,,,,,10.0,,,,,,,Fase 8 (Universitários),0,,,,2023,,,,Completo,8.0
RA-1248,FASE 8,8B,Aluno-1248,,20.0,Masculino,2021,Privada *Parcerias com Bolsa 100%,,,,,,,,,,,,10.0,,,,,,,Fase 8 (Universitários),0,,,,2023,,,,Completo,8.0
RA-1249,FASE 8,8B,Aluno-1249,,,Masculino,2021,Privada *Parcerias com Bolsa 100%,,,,,,,,,,,,10.0,,,,,,,Fase 8 (Universitários),0,,,,2023,,,,Completo,8.0
RA-1250,FASE 8,8B,Aluno-1250,,,Masculino,2021,Privada - Pagamento por *Empresa Parceira,,,,,,,,,,,,10.0,,,,,,,Fase 8 (Universitários),0,,,,2023,,,,Completo,8.0
RA-1251,FASE 8,8B,Aluno-1251,,20.0,Feminino,2021,Privada *Parcerias com Bolsa 100%,,,,,,,,,,,,10.0,,,,,,,Fase 8 (Universitários),0,,,,2023,,,,Completo,8.0
RA-1252,FASE 8,8B,Aluno-1252,,,Feminino,2021,Privada *Parcerias com Bolsa 100%,,,,,,,,,,,,10.0,,,,,,,Fase 8 (Universitários),0,,,,2023,,,,Completo,8.0
RA-1253,FASE 8,8D,Aluno-1253,,23.0,Feminino,2021,Privada *Parcerias com Bolsa 100%,,,,,,,,,,,,10.0,,,,,,,Fase 8 (Universitários),0,,,,2023,,,,Completo,8.0
RA-1254,FASE 8,8D,Aluno-1254,,19.0,Masculino,2021,Privada *Parcerias com Bolsa 100%,,,,,,,,,,,,10.0,,,,,,,Fase 8 (Universitários),0,,,,2023,,,,Completo,8.0
RA-1255,FASE 8,8D,Aluno-1255,,,Masculino,2021,Privada *Parcerias com Bolsa 100%,,,,,,,,,,,,10.0,,,,,,,Fase 8 (Universitários),0,,,,2023,,,,Completo,8.0
RA-1256,FASE 8,8D,Aluno-1256,,18.0,Feminino,2021,Privada *Parcerias com Bolsa 100%,,,,,,,,,,,,10.0,,,,,,,Fase 8 (Universitários),0,,,,2023,,,,Completo,8.0
RA-1257,FASE 8,8D,Aluno-1257,,18.0,Masculino,2021,Privada *Parcerias com Bolsa 100%,,,,,,,,,,,,10.0,,,,,,,Fase 8 (Universitários),0,,,,2023,,,,Completo,8.0
RA-1258,FASE 8,8D,Aluno-1258,,24.0,Masculino,2021,Privada *Parcerias com Bolsa 100%,,,,,,,,,,,,10.0,,,,,,,Fase 8 (Universitários),0,,,,2023,,,,Completo,8.0
RA-1259,FASE 8,8D,Aluno-1259,,,Feminino,2021,Privada *Parcerias com Bolsa 100%,,,,,,,,,,,,10.0,,,,,,,Fase 8 (Universitários),0,,,,2023,,,,Completo,8.0
RA-1260,FASE 8,8D,Aluno-1260,,,Masculino,2021,Privada *Parcerias com Bolsa 100%,,,,,,,,,,,,10.0,,,,,,,Fase 8 (Universitários),0,,,,2023,,,,Completo,8.0
RA-1261,FASE 8,8D,Aluno-1261,,,Feminino,2021,Privada *Parcerias com Bolsa 100%,,,,,,,,,,,,10.0,,,,,,,Fase 8 (Universitários),0,,,,2023,,,,Completo,8.0
RA-1262,FASE 8,8D,Aluno-1262,,19.0,Feminino,2021,Privada *Parcerias com Bolsa 100%,,,,,,,,,,,,10.0,,,,,,,Fase 8 (Universitários),0,,,,2023,,,,Completo,8.0
RA-1263,FASE 8,8D,Aluno-1263,,,Feminino,2021,Privada *Parcerias com Bolsa 100%,,,,,,,,,,,,10.0,,,,,,,Fase 8 (Universitários),0,,,,2023,,,,Completo,8.0
RA-1264,FASE 8,8D,Aluno-1264,,,Feminino,2021,Privada *Parcerias com Bolsa 100%,,,,,,,,,,,,10.0,,,,,,,Fase 8 (Universitários),0,,,,2023,,,,Completo,8.0
RA-1265,FASE 8,8D,Aluno-1265,,,Masculino,2022,Privada *Parcerias com Bolsa 100%,,,,,,,,,,,,10.0,,,,,,,Fase 8 (Universitários),0,,,,2023,,,,Completo,8.0
RA-1266,FASE 8,8D,Aluno-1266,,,Feminino,2021,Privada *Parcerias com Bolsa 100%,,,,,,,,,,,,10.0,,,,,,,Fase 8 (Universitários),0,,,,2023,,,,Completo,8.0
RA-1267,FASE 8,8D,Aluno-1267,,22.0,Feminino,2021,Privada *Parcerias com Bolsa 100%,,,,,,,,,,,,10.0,,,,,,,Fase 8 (Universitários),0,,,,2023,,,,Completo,8.0
RA-1268,FASE 8,8D,Aluno-1268,,19.0,Masculino,2021,Privada *Parcerias com Bolsa 100%,,,,,,,,,,,,10.0,,,,,,,Fase 8 (Universitários),0,,,,2023,,,,Completo,8.0
RA-14,FASE 8,8E,Aluno-14,,21.0,Masculino,2022,Privada *Parcerias com Bolsa 100%,,,,,,,,,,,,10.0,,,,,,,Fase 8 (Universitários),0,,,,2023,,,,Completo,8.0
RA-13,FASE 8,8E,Aluno-13,,18.0,Masculino,2016,Privada *Parcerias com Bolsa 100%,,,,,,,,,,,,10.0,,,,,,,Fase 8 (Universitários),0,,,,2023,,,,Completo,8.0
RA-12,FASE 8,8E,Aluno-12,,18.0,Feminino,2020,Privada *Parcerias com Bolsa 100%,,,,,,,,,,,,10.0,,,,,,,Fase 8 (Universitários),0,,,,2023,,,,Completo,8.0
RA-7,FASE 8,8E,Aluno-7,,,Masculino,2017,Privada *Parcerias com Bolsa 100%,,,,,,,,,,,,10.0,,,,,,,Fase 8 (Universitários),0,,,,2023,,,,Completo,8.0
RA-6,FASE 8,8E,Aluno-6,,,Feminino,2021,Privada - Pagamento por *Empresa Parceira,,,,,,,,,,,,10.0,,,,,,,Fase 8 (Universitários),0,,,,2023,,,,Completo,8.0
RA-5,FASE 8,8E,Aluno-5,,,Feminino,2016,Privada *Parcerias com Bolsa 100%,,,,,,,,,,,,10.0,,,,,,,Fase 8 (Universitários),0,,,,2023,,,,Completo,8.0
RA-1,FASE 8,8E,Aluno-1,,,Feminino,2016,Privada *Parcerias com Bolsa 100%,,,,,,,,,,,,10.0,,,,,,,Fase 8 (Universitários),0,,,,2023,,,,Completo,8.0
RA-36,FASE 8,8E,Aluno-36,,18.0,Feminino,2019,Privada *Parcerias com Bolsa 100%,,,,,,,,,,,,10.0,,,,,,,Fase 8 (Universitários),0,,,,2023,,,,Completo,8.0
RA-35,FASE 8,8E,Aluno-35,,18.0,Feminino,2019,Privada *Parcerias com Bolsa 100%,,,,,,,,,,,,10.0,,,,,,,Fase 8 (Universitários),0,,,,2023,,,,Completo,8.0
RA-34,FASE 8,8E,Aluno-34,,,Masculino,2016,Privada *Parcerias com Bolsa 100%,,,,,,,,,,,,10.0,,,,,,,Fase 8 (Universitários),0,,,,2023,,,,Completo,8.0
RA-31,FASE 8,8E,Aluno-31,,18.0,Feminino,2019,Privada *Parcerias com Bolsa 100%,,,,,,,,,,,,10.0,,,,,,,Fase 8 (Universitários),0,,,,2023,,,,Completo,8.0
RA-23,FASE 8,8E,Aluno-23,,,Masculino,2021,Privada *Parcerias com Bolsa 100%,,,,,,,,,,,,10.0,,,,,,,Fase 7 (3° EM),1,,,,2023,,,,Completo,8.0
RA-88,FASE 8,8E,Aluno-88,,18.0,Masculino,2021,Privada - Pagamento por *Empresa Parceira,,,,,,,,,,,,10.0,,,,,,,Fase 8 (Universitários),0,,,,2023,,,,Completo,8.0
RA-1269,FASE 8,8E,Aluno-1269,,18.0,Feminino,2021,Privada - Pagamento por *Empresa Parceira,,,,,,,,,,,,10.0,,,,,,,Fase 8 (Universitários),0,,,,2023,,,,Completo,8.0
RA-49,FASE 8,8E,Aluno-49,,18.0,Feminino,2022,Privada *Parcerias com Bolsa 100%,,,,,,,,,,,,10.0,,,,,,,Fase 8 (Universitários),0,,,,2023,,,,Completo,8.0
RA-1270,FASE 8,8E,Aluno-1270,,19.0,Feminino,2021,Privada *Parcerias com Bolsa 100%,,,,,,,,,,,,10.0,,,,,,,Fase 8 (Universitários),0,,,,2023,,,,Completo,8.0
RA-29,FASE 8,8E,Aluno-29,,,Masculino,2022,Privada *Parcerias com Bolsa 100%,,,,,,,,,,,,10.0,,,,,,,Fase 8 (Universitários),0,,,,2023,,,,Completo,8.0
RA-17,FASE 8,8E,Aluno-17,,,Masculino,2022,Privada - Pagamento por *Empresa Parceira,,,,,,,,,,,,10.0,,,,,,,Fase 8 (Universitários),0,,,,2023,,,,Completo,8.0
RA-21,FASE 8,8E,Aluno-21,,19.0,Masculino,2022,Privada *Parcerias com Bolsa 100%,,,,,,,,,,,,10.0,,,,,,,Fase 8 (Universitários),0,,,,2023,,,,Completo,8.0
RA-25,FASE 8,8E,Aluno-25,,18.0,Feminino,2021,Privada *Parcerias com Bolsa 100%,,,,,,,,,,,,10.0,,,,,,,Fase 8 (Universitários),0,,,,2023,,,,Completo,8.0
RA-2,FASE 8,8E,Aluno-2,,18.0,Feminino,2017,Privada *Parcerias com Bolsa 100%,,,,,,,,,,,,10.0,,,,,,,Fase 8 (Universitários),0,,,,2023,,,,Completo,8.0
RA-1271,FASE 8,8E,Aluno-1271,,18.0,Feminino,2021,Privada *Parcerias com Bolsa 100%,,,,,,,,,,,,10.0,,,,,,,Fase 8 (Universitários),0,,,,2023,,,,Completo,8.0
RA-1272,FASE 8,8E,Aluno-1272,,,Feminino,2021,Privada *Parcerias com Bolsa 100%,,,,,,,,,,,,10.0,,,,,,,Fase 8 (Universitários),0,,,,2023,,,,Completo,8.0
RA-1273,FASE 8,8E,Aluno-1273,,17.0,Feminino,2023,Privada - Pagamento por *Empresa Parceira,,,,,,,,,,,,10.0,,,,,,,Fase 7 (3° EM),1,,,,2023,,,,Completo,8.0
RA-1274,FASE 8,8E,Aluno-1274,,,Feminino,2021,Privada - Pagamento por *Empresa Parceira,,,,,,,,,,,,10.0,,,,,,,Fase 8 (Universitários),0,,,,2023,,,,Completo,8.0
RA-1275,ALFA,ALFA A - G0/G1,Aluno-1275,,8.0,Masculino,2024,Pública,7.611366666700001,Ametista,,,,3.0,10.002,8.6666666665,6.26,8.0,5.446666667,10.0,,10.0,6.0,,,,ALFA (1° e 2° ano),0,,,,2024,5.625,EE Chácara Florida II,Cursando,Completo,0.0
RA-1276,ALFA,ALFA A - G0/G1,Aluno-1276,,8.0,Feminino,2024,Pública,8.002866666700001,Topázio,,,,3.0,10.002,9.3333333335,3.76,8.0,7.05,10.0,,10.0,6.0,,,,ALFA (1° e 2° ano),0,,,,2024,7.5,EE Chácara Florida II,Cursando,Completo,0.0
RA-1277,ALFA,ALFA A - G0/G1,Aluno-1277,,8.0,Masculino,2024,Pública,7.952200000100001,Ametista,,,,3.0,10.002,9.0833333335,3.76,8.0,7.046666667,10.0,,10.0,6.0,,,,ALFA (1° e 2° ano),0,,,,2024,7.5,EE Dom Pedro Villas Boas de Souza,Cursando,Completo,0.0
RA-868,ALFA,ALFA A - G0/G1,Aluno-868,,8.0,Masculino,2023,Pública,7.156366666600001,Ametista,,,,3.0,8.002,9.75,3.76,7.0,7.213333333,5.0,,8.0,6.0,,,,Fase 1 (3° e 4° ano),-1,,,,2024,6.875,EE Chácara Florida II,Cursando,Completo,0.0
RA-1278,ALFA,ALFA A - G0/G1,Aluno-1278,,9.0,Masculino,2024,Pública,5.444199999900001,Quartzo,,,,3.0,9.002,4.1666666665,3.76,7.5,4.173333333,5.0,,8.0,7.0,,,,Fase 1 (3° e 4° ano),-1,,,,2024,5.0,EM Etelvina Delfim Simões,Cursando,Completo,0.0
RA-1279,ALFA,ALFA B - G2/G3,Aluno-1279,,9.0,Feminino,2024,Pública,8.0822,Topázio,,,,3.0,10.002,10.0,6.26,8.25,7.78,5.0,,9.0,7.5,,,,Fase 1 (3° e 4° ano),-1,,,,2024,7.5,EE Chácara Florida II,Cursando,Completo,0.0
RA-861,ALFA,ALFA B - G2/G3,Aluno-861,,9.0,Feminino,2023,Pública,8.959700000000002,Topázio,,,,3.0,9.502,10.0,7.51,10.0,9.73,5.0,,10.0,10.0,,,,Fase 1 (3° e 4° ano),-1,,,,2024,8.125,EE Dom Pedro Villas Boas de Souza,Cursando,Completo,0.0
RA-862,ALFA,ALFA B - G2/G3,Aluno-862,,10.0,Masculino,2023,Pública,7.346677272700001,Ametista,,,,3.0,9.002,8.6136363635,7.51,7.5,6.27,5.0,,10.0,5.0,,,,Fase 2 (5° e 6° ano),-2,,,,2024,7.1875,EE Dom Pedro Villas Boas de Souza,Cursando,Completo,0.0
RA-1280,ALFA,ALFA B - G2/G3,Aluno-1280,,9.0,Masculino,2024,Pública,8.152624242500002,Topázio,,,,3.0,10.002,9.5454545455,6.26,8.5,8.336666667,5.0,,10.0,7.0,,,,Fase 1 (3° e 4° ano),-1,,,,2024,7.5,EM Etelvina Delfim Simões,Cursando,Completo,0.0
RA-1281,ALFA,ALFA B - G2/G3,Aluno-1281,,9.0,Feminino,2024,Pública,7.982890909100001,Ametista,,,,3.0,7.918,9.5454545455,6.26,9.25,7.78,5.0,,10.0,8.5,,,,Fase 1 (3° e 4° ano),-1,,,,2024,7.5,EE Chácara Florida II,Cursando,Completo,0.0
RA-895,ALFA,ALFA B - G2/G3,Aluno-895,,9.0,Feminino,2023,Pública,8.2579575757,Topázio,,,,3.0,9.502,9.5454545455,6.26,9.5,8.113333333,5.0,,10.0,9.0,,,,Fase 1 (3° e 4° ano),-1,,,,2024,7.5,EE Dom Pedro Villas Boas de Souza,Cursando,Completo,0.0
RA-884,ALFA,ALFA B - G2/G3,Aluno-884,,8.0,Feminino,2023,Pública,8.0345030302,Topázio,,,,3.0,10.002,8.818181818,6.26,8.75,8.223333333,5.0,,10.0,7.5,,,,Fase 1 (3° e 4° ano),-1,,,,2024,7.5,EM Pedro Antonio de Almeida,Cursando,Completo,0.0
RA-1282,ALFA,ALFA B - G2/G3,Aluno-1282,,9.0,Feminino,2024,Pública,7.8769272727000015,Ametista,,,,3.0,9.502,8.1136363635,6.26,9.25,7.89,5.0,,10.0,8.5,,,,Fase 1 (3° e 4° ano),-1,,,,2024,7.5,EE Chácara Florida II,Cursando,Completo,0.0
RA-889,ALFA,ALFA B - G2/G3,Aluno-889,,9.0,Masculino,2023,Pública,8.191290909100001,Topázio,,,,3.0,8.502,9.2954545455,6.26,9.75,8.28,5.0,,10.0,9.5,,,,Fase 1 (3° e 4° ano),-1,,,,2024,7.5,EM Maria Ignez Concelles Irma Ines,Cursando,Completo,0.0
RA-867,ALFA,ALFA B - G2/G3,Aluno-867,,9.0,Masculino,2023,Pública,7.583018181800001,Ametista,,,,3.0,9.002,7.409090909,7.51,8.5,7.5,5.0,,10.0,7.0,,,,Fase 1 (3° e 4° ano),-1,,,,2024,7.5,EE Dom Pedro Villas Boas de Souza,Cursando,Completo,0.0
RA-1283,ALFA,ALFA B - G2/G3,Aluno-1283,,10.0,Masculino,2024,Pública,8.3033538462,Topázio,,,,3.0,10.002,9.230769231,7.51,9.0,8.28,5.0,,10.0,8.0,,,,Fase 2 (5° e 6° ano),-2,,,,2024,7.5,EE Dom Pedro Villas Boas de Souza,Cursando,Completo,0.0
RA-891,ALFA,ALFA B - G2/G3,Aluno-891,,10.0,Feminino,2023,Pública,8.035957575700001,Topázio,,,,3.0,10.002,9.0454545455,6.26,8.75,8.003333333,5.0,,10.0,7.5,,,,Fase 1 (3° e 4° ano),-1,,,,2024,7.5,EE Chácara Florida II,Cursando,Completo,0.0
RA-1284,ALFA,ALFA C - G0/G1,Aluno-1284,,8.0,Feminino,2024,Pública,8.3800152174,Topázio,,,,3.0,9.002,9.347826087,2.51,10.0,7.89,10.0,,10.0,10.0,,,,ALFA (1° e 2° ano),0,,,,2024,7.8125,EE Dom Pedro Villas Boas de Souza,Cursando,Completo,0.0
RA-1012,ALFA,ALFA C - G0/G1,Aluno-1012,,9.0,Feminino,2023,Pública,8.057128571400002,Topázio,,,,3.0,9.502,9.523809524,2.51,9.75,8.443333333,5.0,,10.0,9.5,,,,Fase 1 (3° e 4° ano),-1,,,,2024,8.125,EE Joaquim Mendes Feliz,Cursando,Completo,0.0
RA-1285,ALFA,ALFA C - G0/G1,Aluno-1285,,7.0,Feminino,2024,Pública,8.156578882000002,Topázio,,,,3.0,10.002,8.830227742999998,2.51,8.0,8.946666667,10.0,,8.0,8.0,,,,ALFA (1° e 2° ano),0,,,,2024,7.5,Estuda em outra cidade,Cursando,Completo,0.0
RA-1286,ALFA,ALFA C - G0/G1,Aluno-1286,,7.0,Masculino,2024,Pública,5.914801966800001,Quartzo,,,,3.0,8.002,5.051759834,2.51,7.0,4.61,10.0,,8.0,6.0,,,,ALFA (1° e 2° ano),0,,,,2024,5.3125,EM Etelvina Delfim Simões,Cursando,Completo,0.0
RA-1287,ALFA,ALFA C - G0/G1,Aluno-1287,,8.0,Feminino,2024,Pública,7.619650310500001,Ametista,,,,3.0,10.002,9.3064182195,2.51,7.75,8.223333333,5.0,,8.0,7.5,,,,Fase 1 (3° e 4° ano),-1,,,,2024,8.125,EE Dom Pedro Villas Boas de Souza,Cursando,Completo,0.0
RA-1288,ALFA,ALFA C - G0/G1,Aluno-1288,,7.0,Feminino,2024,Pública,7.9208899585,Ametista,,,,3.0,9.002,7.9813664595,2.51,10.0,7.273333333,10.0,,10.0,10.0,,,,ALFA (1° e 2° ano),0,,,,2024,7.1875,EM Etelvina Delfim Simões,Cursando,Completo,0.0
RA-1289,ALFA,ALFA D - G2/G3,Aluno-1289,,10.0,Feminino,2024,Pública,7.2171722223,Ametista,,,,3.0,7.002,9.4444444445,7.51,7.75,6.166666667,5.0,,9.0,6.5,,,,Fase 1 (3° e 4° ano),-1,,,,2024,5.9375,EE Dom Pedro Villas Boas de Souza,Cursando,Completo,0.0
RA-1290,ALFA,ALFA D - G2/G3,Aluno-1290,,9.0,Masculino,2024,Pública,8.407200000000001,Topázio,,,,3.0,10.002,10.0,7.51,8.75,8.28,5.0,,10.0,7.5,,,,Fase 1 (3° e 4° ano),-1,,,,2024,7.5,EE Dom Pedro Villas Boas de Souza,Cursando,Completo,0.0
RA-1291,ALFA,ALFA D - G2/G3,Aluno-1291,,9.0,Masculino,2024,Pública,8.079200000000002,Topázio,,,,3.0,9.502,9.5,7.51,8.25,7.89,5.0,,10.0,6.5,,,,Fase 1 (3° e 4° ano),-1,,,,2024,7.5,EE Chácara Florida II,Cursando,Completo,0.0
RA-885,ALFA,ALFA D - G2/G3,Aluno-885,,9.0,Masculino,2023,Pública,8.2072,Topázio,,,,3.0,8.502,10.0,7.51,8.5,8.28,5.0,,10.0,7.0,,,,Fase 1 (3° e 4° ano),-1,,,,2024,7.5,EE Dom Pedro Villas Boas de Souza,Cursando,Completo,0.0
RA-1292,ALFA,ALFA D - G2/G3,Aluno-1292,,9.0,Feminino,2024,Pública,6.9031621211,Agata,,,,3.0,7.502,4.7727272725,7.51,8.25,7.893333333,5.0,,10.0,6.5,,,,Fase 1 (3° e 4° ano),-1,,,,2024,7.1875,EE Francisco de Paula Teixeira,Cursando,Completo,0.0
RA-1293,ALFA,ALFA D - G2/G3,Aluno-1293,,9.0,Feminino,2024,Pública,8.005023232300001,Topázio,,,,3.0,8.002,9.4949494945,7.51,8.5,8.336666667,5.0,,8.5,8.5,,,,Fase 1 (3° e 4° ano),-1,,,,2024,6.875,EE Dom Pedro Villas Boas de Souza,Cursando,Completo,0.0
RA-888,ALFA,ALFA D - G2/G3,Aluno-888,,8.0,Masculino,2023,Pública,8.1942,Topázio,,,,3.0,9.002,10.0,6.88,8.5,8.28,5.0,,9.0,8.0,,,,Fase 1 (3° e 4° ano),-1,,,,2024,7.5,EE Dom Pedro Villas Boas de Souza,Cursando,Completo,0.0
RA-1294,ALFA,ALFA D - G2/G3,Aluno-1294,,10.0,Masculino,2024,Pública,7.9493666666,Ametista,,,,3.0,9.502,10.0,7.51,7.75,7.553333333,5.0,,9.0,6.5,,,,Fase 2 (5° e 6° ano),-2,,,,2024,6.875,EE Dom Pedro Villas Boas de Souza,Cursando,Completo,0.0
RA-1009,ALFA,ALFA E - G2/G3,Aluno-1009,,9.0,Masculino,2023,Pública,6.395389393900001,Agata,,,,3.0,8.002,6.8863636365000005,2.51,7.5,6.553333333,5.0,,10.0,5.0,,,,Fase 1 (3° e 4° ano),-1,,,,2024,6.5625,EE Dom Pedro Villas Boas de Souza,Cursando,Completo,0.0
RA-1013,ALFA,ALFA E - G2/G3,Aluno-1013,,8.0,Masculino,2023,Pública,5.7839559808,Quartzo,,,,3.0,9.002,5.6937799039999994,2.51,7.75,4.72,5.0,,8.0,7.5,,,,Fase 1 (3° e 4° ano),-1,,,,2024,5.0,EE Dom Pedro Villas Boas de Souza,Cursando,Completo,0.0
RA-1295,ALFA,ALFA E - G2/G3,Aluno-1295,,8.0,Feminino,2024,Pública,8.0617454545,Topázio,,,,3.0,10.002,9.5227272725,2.51,7.5,8.28,10.0,,7.0,8.0,,,,ALFA (1° e 2° ano),0,,,,2024,7.5,EE Dom Pedro Villas Boas de Souza,Cursando,Completo,0.0
RA-1296,ALFA,ALFA E - G2/G3,Aluno-1296,,9.0,Feminino,2024,Pública,7.0574222223000005,Ametista,,,,3.0,9.002,8.4444444445,2.51,6.5,8.336666667,5.0,,7.5,5.5,,,,Fase 1 (3° e 4° ano),-1,,,,2024,7.5,EM Etelvina Delfim Simões,Cursando,Completo,0.0
RA-863,ALFA,ALFA E - G2/G3,Aluno-863,,8.0,Masculino,2023,Pública,4.6684348484000004,Quartzo,,,,3.0,8.502,3.159090909,2.51,5.5,4.333333333,5.0,,10.0,1.0,,,,Fase 1 (3° e 4° ano),-1,,,,2024,4.6875,EE Dom Pedro Villas Boas de Souza,Cursando,Completo,0.0
RA-1297,ALFA,ALFA E - G2/G3,Aluno-1297,,8.0,Masculino,2024,Pública,7.620247619000001,Ametista,,,,3.0,9.502,9.761904762,2.51,9.25,6.833333333,5.0,,10.0,8.5,,,,Fase 1 (3° e 4° ano),-1,,,,2024,7.5,EE Dom Pedro Villas Boas de Souza,Cursando,Completo,0.0
RA-1014,ALFA,ALFA E - G2/G3,Aluno-1014,,8.0,Feminino,2023,Pública,6.315972727300001,Agata,,,,3.0,8.502,7.8863636365000005,2.51,5.25,7.0,5.0,,6.5,4.0,,,,Fase 1 (3° e 4° ano),-1,,,,2024,6.875,EE Dom Pedro Villas Boas de Souza,Cursando,Completo,0.0
RA-880,ALFA,ALFA E - G2/G3,Aluno-880,,8.0,Feminino,2023,Pública,6.853080434800001,Agata,,,,3.0,9.502,8.445652174,2.51,6.5,7.22,5.0,,7.5,5.5,,,,Fase 1 (3° e 4° ano),-1,,,,2024,7.1875,EE Chácara Florida II,Cursando,Completo,0.0
RA-886,ALFA,ALFA E - G2/G3,Aluno-886,,8.0,Feminino,2023,Pública,8.419200000000002,Topázio,,,,3.0,9.502,10.0,8.13,8.75,8.28,5.0,,9.0,8.5,,,,Fase 1 (3° e 4° ano),-1,,,,2024,7.5,EM Etelvina Delfim Simões,Cursando,Completo,0.0
RA-1298,ALFA,ALFA E - G2/G3,Aluno-1298,,8.0,Masculino,2024,Pública,7.577287995300001,Ametista,,,,3.0,9.502,6.643356643500001,7.51,6.75,7.393333333,10.0,,7.0,6.5,,,,ALFA (1° e 2° ano),0,,,,2024,7.1875,EE Dom Pedro Villas Boas de Souza,Cursando,Completo,0.0
RA-1299,ALFA,ALFA E - G2/G3,Aluno-1299,,10.0,Masculino,2024,Pública,7.069727777800001,Ametista,,,,3.0,8.502,7.638888889,7.51,6.5,7.11,5.0,,7.0,6.0,,,,Fase 2 (5° e 6° ano),-2,,,,2024,7.1875,EM Etelvina Delfim Simões,Cursando,Completo,0.0
RA-904,ALFA,ALFA F - G0/G1,Aluno-904,,8.0,Feminino,2023,Pública,7.6352,Ametista,,,,3.0,9.502,8.75,7.51,6.0,8.67,5.0,,6.0,6.0,,,,Fase 1 (3° e 4° ano),-1,,,,2024,7.5,EE Chácara Florida II,Cursando,Completo,0.0
RA-1300,ALFA,ALFA F - G0/G1,Aluno-1300,,8.0,Feminino,2024,Pública,7.623866666600001,Ametista,,,,3.0,8.502,8.75,2.51,9.0,8.613333333,5.0,,10.0,8.0,,,,Fase 1 (3° e 4° ano),-1,,,,2024,7.5,EM Maria Ignez Concelles Irma Ines,Cursando,Completo,0.0
RA-1301,ALFA,ALFA F - G0/G1,Aluno-1301,,8.0,Masculino,2024,Pública,5.6345333333,Quartzo,,,,3.0,9.502,2.9166666665000003,2.51,7.0,6.0,5.0,,10.0,4.0,,,,Fase 1 (3° e 4° ano),-1,,,,2024,7.5,EM Etelvina Delfim Simões,Cursando,Completo,0.0
RA-1302,ALFA,ALFA F - G0/G1,Aluno-1302,,8.0,Masculino,2024,Pública,5.758866666800001,Quartzo,,,,3.0,10.002,5.416666667,2.51,4.0,4.996666667,10.0,,4.0,4.0,,,,ALFA (1° e 2° ano),0,,,,2024,6.25,EE Dom Pedro Villas Boas de Souza,Cursando,Completo,0.0
RA-1303,ALFA,ALFA F - G0/G1,Aluno-1303,,8.0,Feminino,2024,Pública,8.8352,Topázio,,,,3.0,10.002,10.0,2.51,10.0,9.17,10.0,,10.0,10.0,,,,ALFA (1° e 2° ano),0,,,,2024,7.5,EE Dom Pedro Villas Boas de Souza,Cursando,Completo,0.0
RA-1304,ALFA,ALFA G - G2/G3,Aluno-1304,,10.0,Feminino,2024,Pública,7.085119934500001,Ametista,,,,3.0,9.002,7.9575163395,8.135,6.0,6.493333333,5.0,,6.0,6.0,,,,Fase 2 (5° e 6° ano),-2,,,,2024,7.8125,EM Maria Ignez Concelles Irma Ines,Cursando,Completo,0.0
RA-1305,ALFA,ALFA G - G2/G3,Aluno-1305,,10.0,Feminino,2024,Pública,6.685221929800001,Agata,,,,3.0,8.502,8.710526316,2.51,4.75,8.053333333,5.0,,2.0,7.5,,,,Fase 1 (3° e 4° ano),-1,,,,2024,7.8125,EM Etelvina Delfim Simões,Cursando,Completo,0.0
RA-1306,ALFA,ALFA G - G2/G3,Aluno-1306,,8.0,Feminino,2024,Pública,8.503033333400001,Topázio,,,,3.0,9.002,10.0,8.135,9.75,7.946666667,5.0,,10.0,9.5,,,,Fase 1 (3° e 4° ano),-1,,,,2024,7.5,EM Maria Ignez Concelles Irma Ines,Cursando,Completo,0.0
RA-702,ALFA,ALFA G - G2/G3,Aluno-702,,10.0,Feminino,2022,Pública,7.665116666600001,Ametista,,,,3.0,9.002,9.75,2.51,9.25,7.163333333,5.0,,10.0,8.5,,,,Fase 2 (5° e 6° ano),-2,,,,2024,7.8125,EM Maria Ignez Concelles Irma Ines,Cursando,Completo,0.0
RA-725,ALFA,ALFA G - G2/G3,Aluno-725,,10.0,Masculino,2022,Pública,7.0900771929,Ametista,,,,3.0,7.502,7.6710526315,7.51,7.25,6.773333333,5.0,,7.0,7.5,,,,Fase 1 (3° e 4° ano),-1,,,,2024,7.5,EM Maria Ignez Concelles Irma Ines,Cursando,Completo,0.0
RA-912,ALFA,ALFA G - G2/G3,Aluno-912,,10.0,Feminino,2023,Pública,7.697103508700001,Ametista,,,,3.0,9.002,9.4736842105,7.51,7.25,6.943333333,5.0,,7.0,7.5,,,,Fase 2 (5° e 6° ano),-2,,,,2024,8.125,EM Maria Ignez Concelles Irma Ines,Cursando,Completo,0.0
RA-918,ALFA,ALFA G - G2/G3,Aluno-918,,8.0,Feminino,2023,Pública,5.657357017600001,Quartzo,,,,3.0,7.918,8.697368421,2.51,2.75,6.156666667,5.0,,1.0,4.5,,,,Fase 1 (3° e 4° ano),-1,,,,2024,5.9375,EM Maria Ignez Concelles Irma Ines,Cursando,Completo,0.0
RA-920,ALFA,ALFA G - G2/G3,Aluno-920,,9.0,Feminino,2023,Pública,7.7494938597,Ametista,,,,3.0,9.502,7.6710526315,7.51,8.25,8.226666667,5.0,,9.0,7.5,,,,Fase 1 (3° e 4° ano),-1,,,,2024,7.1875,EM Maria Ignez Concelles Irma Ines,Cursando,Completo,0.0
RA-1307,ALFA,ALFA H - G0/G1,Aluno-1307,,8.0,Masculino,2024,Pública,6.5940333333000005,Agata,,,,3.0,10.002,5.833333333500001,6.255,5.5,5.383333333,10.0,,7.0,4.0,,,,ALFA (1° e 2° ano),0,,,,2024,6.25,EE Dom Pedro Villas Boas de Souza,Cursando,Completo,0.0
RA-1308,ALFA,ALFA H - G0/G1,Aluno-1308,,9.0,Feminino,2024,Pública,6.876997101400001,Agata,,,,3.0,10.002,7.445652174,7.51,6.0,5.933333333,5.0,,8.0,4.0,,,,Fase 1 (3° e 4° ano),-1,,,,2024,7.5,EE Dom Pedro Villas Boas de Souza,Cursando,Completo,0.0
RA-1309,ALFA,ALFA H - G0/G1,Aluno-1309,,7.0,Feminino,2024,Pública,8.379199999899999,Topázio,,,,3.0,9.002,9.1666666665,7.51,7.5,8.223333333,10.0,,8.0,7.0,,,,ALFA (1° e 2° ano),0,,,,2024,7.5,EM Maria Ignez Concelles Irma Ines,Cursando,Completo,0.0
RA-1310,ALFA,ALFA H - G0/G1,Aluno-1310,,7.0,Feminino,2024,Pública,8.3907833334,Topázio,,,,3.0,8.502,9.375,2.51,10.0,8.166666667,10.0,,10.0,10.0,,,,ALFA (1° e 2° ano),0,,,,2024,7.8125,EE Dom Pedro Villas Boas de Souza,Cursando,Completo,0.0
RA-1311,ALFA,ALFA H - G0/G1,Aluno-1311,,8.0,Masculino,2024,Pública,6.4118666668,Agata,,,,3.0,9.002,9.166666667,2.51,0.0,8.386666667,10.0,,0.0,0.0,,,,ALFA (1° e 2° ano),0,,,,2024,7.5,EM Maria Ignez Concelles Irma Ines,Cursando,Completo,0.0
RA-1312,ALFA,ALFA H - G0/G1,Aluno-1312,,9.0,Masculino,2024,Pública,7.510200000000001,Ametista,,,,3.0,10.002,8.333333333,7.51,6.5,8.336666667,5.0,,8.0,5.0,,,,Fase 1 (3° e 4° ano),-1,,,,2024,6.25,EE Dom Pedro Villas Boas de Souza,Cursando,Completo,0.0
RA-1313,ALFA,ALFA H - G0/G1,Aluno-1313,,8.0,Masculino,2024,Pública,8.0155333334,Topázio,,,,3.0,9.502,8.125,7.51,6.25,8.446666667,10.0,,4.0,8.5,,,,ALFA (1° e 2° ano),0,,,,2024,7.5,EM Maria Ignez Concelles Irma Ines,Cursando,Completo,0.0
RA-1314,ALFA,ALFA H - G0/G1,Aluno-1314,,7.0,Feminino,2024,Pública,8.239799999999999,Topázio,,,,3.0,7.418,8.541666667,7.51,9.0,7.443333333,10.0,,8.0,10.0,,,,ALFA (1° e 2° ano),0,,,,2024,7.5,EE Dom Pedro Villas Boas de Souza,Cursando,Completo,0.0
RA-1315,ALFA,ALFA H - G0/G1,Aluno-1315,,7.0,Masculino,2024,Pública,8.3510666667,Topázio,,,,3.0,6.834,8.3333333335,7.51,9.0,8.5,10.0,,10.0,8.0,,,,ALFA (1° e 2° ano),0,,,,2024,7.5,EM Maria Ignez Concelles Irma Ines,Cursando,Completo,0.0
RA-921,ALFA,ALFA I - G2/G3,Aluno-921,,8.0,Feminino,2023,Pública,7.2838203209,Ametista,,,,2.0,8.502,8.6631016045,7.51,6.0,7.5,5.0,,5.0,7.0,,,,Fase 1 (3° e 4° ano),-1,,,,2024,7.5,EE Dom Pedro Villas Boas de Souza,Cursando,Completo,0.0
RA-1316,ALFA,ALFA I - G2/G3,Aluno-1316,,9.0,Feminino,2024,Pública,7.59291123,Ametista,,,,2.0,9.002,8.20855615,7.51,7.75,7.5,5.0,,9.0,6.5,,,,Fase 1 (3° e 4° ano),-1,,,,2024,7.5,EE Dom Pedro Villas Boas de Souza,Cursando,Completo,0.0
RA-1317,ALFA,ALFA I - G2/G3,Aluno-1317,,9.0,Feminino,2024,Pública,7.665638502700001,Ametista,,,,2.0,7.502,7.0721925135,7.51,10.0,7.5,5.0,,10.0,10.0,,,,Fase 1 (3° e 4° ano),-1,,,,2024,7.5,EE Dom Pedro Villas Boas de Souza,Cursando,Completo,0.0
RA-897,ALFA,ALFA I - G2/G3,Aluno-897,,10.0,Masculino,2023,Pública,5.2212050505,Quartzo,,,,2.0,7.002,2.7525252525,2.51,6.0,6.66,5.0,,5.5,6.5,,,,Fase 1 (3° e 4° ano),-1,,,,2024,6.875,EE Francisco de Paula Teixeira,Cursando,Completo,0.0
RA-908,ALFA,ALFA I - G2/G3,Aluno-908,,9.0,Feminino,2023,Pública,6.764292246,Agata,,,,2.0,8.502,8.14171123,7.51,4.75,6.83,5.0,,3.0,6.5,,,,Fase 1 (3° e 4° ano),-1,,,,2024,7.1875,EE Joaquim Mendes Feliz,Cursando,Completo,0.0
RA-916,ALFA,ALFA I - G2/G3,Aluno-916,,10.0,Feminino,2023,Pública,5.5058531621,Quartzo,,,,2.0,8.502,7.3320158105,2.51,2.75,6.16,5.0,,3.5,2.0,,,,Fase 2 (5° e 6° ano),-2,,,,2024,6.5625,EM Maria Ignez Concelles Irma Ines,Cursando,Completo,0.0
RA-924,ALFA,ALFA I - G2/G3,Aluno-924,,9.0,Masculino,2023,Pública,6.4727360962,Agata,,,,2.0,7.002,4.598930481,7.51,7.0,7.415,5.0,,7.5,6.5,,,,Fase 1 (3° e 4° ano),-1,,,,2024,7.1875,EE Dom Pedro Villas Boas de Souza,Cursando,Completo,0.0
RA-925,ALFA,ALFA I - G2/G3,Aluno-925,,8.0,Masculino,2023,Pública,6.587019518800001,Agata,,,,2.0,8.002,7.005347594,7.51,4.75,7.33,5.0,,3.0,6.5,,,,Fase 1 (3° e 4° ano),-1,,,,2024,7.1875,EE Dom Pedro Villas Boas de Souza,Cursando,Completo,0.0
RA-1008,ALFA,ALFA I - G2/G3,Aluno-1008,,9.0,Masculino,2023,Pública,6.8667414438000005,Agata,,,,2.0,7.002,6.483957219,7.51,7.0,7.5,5.0,,6.5,7.5,,,,Fase 1 (3° e 4° ano),-1,,,,2024,7.1875,EE Joaquim Mendes Feliz,Cursando,Completo,0.0
RA-919,ALFA,ALFA I - G2/G3,Aluno-919,,10.0,Masculino,2023,Pública,5.799702673800001,Quartzo,,,,2.0,7.002,4.692513369,6.255,5.25,6.49,5.0,,6.5,4.0,,,,Fase 2 (5° e 6° ano),-2,,,,2024,6.875,EM Maria Ignez Concelles Irma Ines,Cursando,Completo,0.0
RA-1318,ALFA,ALFA I - G2/G3,Aluno-1318,,8.0,Feminino,2024,Pública,6.823383155100001,Agata,,,,2.0,8.502,7.6871657755000005,7.51,5.0,7.33,5.0,,4.0,6.0,,,,Fase 1 (3° e 4° ano),-1,,,,2024,7.1875,EE Dom Pedro Villas Boas de Souza,Cursando,Completo,0.0
RA-1003,ALFA,ALFA J - G2/G3,Aluno-1003,,9.0,Masculino,2023,Pública,7.627588888900001,Ametista,,,,2.0,8.002,8.6944444445,7.51,8.25,7.5,5.0,,10.0,6.5,,,,Fase 1 (3° e 4° ano),-1,,,,2024,6.875,EM Maria Ignez Concelles Irma Ines,Cursando,Completo,0.0
RA-1004,ALFA,ALFA J - G2/G3,Aluno-1004,,9.0,Feminino,2023,Pública,7.801200000000001,Ametista,,,,2.0,9.502,9.25,7.51,7.5,7.5,5.0,,7.5,7.5,,,,Fase 1 (3° e 4° ano),-1,,,,2024,7.5,EM Pedro Antonio de Almeida,Cursando,Completo,0.0
RA-1006,ALFA,ALFA J - G2/G3,Aluno-1006,,9.0,Feminino,2023,Pública,7.040088888900001,Ametista,,,,2.0,8.502,8.4444444445,7.51,5.0,7.5,5.0,,5.0,5.0,,,,Fase 1 (3° e 4° ano),-1,,,,2024,7.5,EM Pedro Antonio de Almeida,Cursando,Completo,0.0
RA-1319,ALFA,ALFA J - G2/G3,Aluno-1319,,9.0,Masculino,2024,Pública,7.201526797300001,Ametista,,,,2.0,8.502,5.7516339865,7.51,8.5,7.5,5.0,,10.0,7.0,,,,Fase 1 (3° e 4° ano),-1,,,,2024,7.5,EM Etelvina Delfim Simões,Cursando,Completo,0.0
RA-858,ALFA,ALFA J - G2/G3,Aluno-858,,9.0,Masculino,2022,Pública,6.917866666700001,Agata,,,,2.0,9.002,6.833333333500001,2.51,8.25,7.5,5.0,,10.0,6.5,,,,Fase 1 (3° e 4° ano),-1,,,,2024,7.5,EE Dom Pedro Villas Boas de Souza,Cursando,Completo,0.0
RA-905,ALFA,ALFA J - G2/G3,Aluno-905,,10.0,Masculino,2023,Pública,6.3925823529,Agata,,,,2.0,9.002,7.7794117645,7.51,3.0,6.99,5.0,,2.0,4.0,,,,Fase 2 (5° e 6° ano),-2,,,,2024,6.875,EM Pedro Antonio de Almeida,Cursando,Completo,0.0
RA-907,ALFA,ALFA J - G2/G3,Aluno-907,,9.0,Feminino,2023,Privada,7.9400888889,Ametista,,,,2.0,9.002,8.9444444445,7.51,8.75,7.5,5.0,,10.0,7.5,,,,Fase 1 (3° e 4° ano),-1,,,,2024,7.5,EE Dom Pedro Villas Boas de Souza,Cursando,Completo,0.0
RA-1320,ALFA,ALFA J - G2/G3,Aluno-1320,,10.0,Masculino,2024,Pública,7.8845333333,Ametista,,,,2.0,9.002,9.1666666665,7.51,8.25,7.5,5.0,,9.0,7.5,,,,Fase 1 (3° e 4° ano),-1,,,,2024,7.5,EE Dom Pedro Villas Boas de Souza,Cursando,Completo,0.0
RA-909,ALFA,ALFA J - G2/G3,Aluno-909,,11.0,Feminino,2023,Pública,7.722033333300001,Ametista,,,,2.0,10.002,8.1666666665,7.51,8.25,7.5,5.0,,10.0,6.5,,,,Fase 2 (5° e 6° ano),-2,,,,2024,6.875,EE Dom Pedro Villas Boas de Souza,Cursando,Completo,0.0
RA-729,ALFA,ALFA J - G2/G3,Aluno-729,,10.0,Feminino,2022,Pública,6.684533333300001,Agata,,,,2.0,8.002,8.4166666665,2.51,6.0,7.5,5.0,,6.0,6.0,,,,Fase 1 (3° e 4° ano),-1,,,,2024,7.5,EM Maria Ignez Concelles Irma Ines,Cursando,Completo,0.0
RA-1321,ALFA,ALFA K - G0/G1,Aluno-1321,,7.0,Masculino,2024,Pública,7.95295,Ametista,,,,2.0,9.002,8.875,6.885,8.75,5.915,10.0,,10.0,7.5,,,,ALFA (1° e 2° ano),0,,,,2024,6.5625,EM Amanda Consuelo da Cunha,Cursando,Completo,0.0
RA-1322,ALFA,ALFA K - G0/G1,Aluno-1322,,8.0,Feminino,2024,Pública,8.47795,Topázio,,,,2.0,9.502,9.0,7.51,7.5,8.165,10.0,,8.5,6.5,,,,ALFA (1° e 2° ano),0,,,,2024,8.4375,EE Jardim Silvania,Cursando,Completo,0.0
RA-1323,ALFA,ALFA K - G0/G1,Aluno-1323,,9.0,Masculino,2024,Pública,7.487366666700001,Ametista,,,,2.0,10.002,9.0833333335,7.51,7.0,6.66,5.0,,10.0,4.0,,,,Fase 1 (3° e 4° ano),-1,,,,2024,6.875,EE Helio Luiz Dobrochinski Prof,Cursando,Completo,0.0
RA-1324,ALFA,ALFA K - G0/G1,Aluno-1324,,9.0,Masculino,2024,Pública,8.332450000000001,Topázio,,,,2.0,10.002,10.0,7.51,8.5,8.0,5.0,,10.0,7.0,,,,Fase 1 (3° e 4° ano),-1,,,,2024,7.8125,EE Helio Luiz Dobrochinski Prof,Cursando,Completo,0.0
RA-931,ALFA,ALFA K - G0/G1,Aluno-931,,9.0,Masculino,2023,Pública,7.075466666700001,Ametista,,,,2.0,7.918,8.5833333335,2.51,8.5,6.83,5.0,,8.0,9.0,,,,Fase 1 (3° e 4° ano),-1,,,,2024,7.5,EM Amanda Consuelo da Cunha,Cursando,Completo,0.0
RA-1325,ALFA,ALFA K - G0/G1,Aluno-1325,,8.0,Masculino,2024,Pública,8.9824954545,Topázio,,,,2.0,9.002,9.5227272725,7.51,10.0,7.915,10.0,,10.0,10.0,,,,ALFA (1° e 2° ano),0,,,,2024,8.4375,EE Helio Luiz Dobrochinski Prof,Cursando,Completo,0.0
RA-1326,ALFA,ALFA K - G0/G1,Aluno-1326,,8.0,Feminino,2024,Pública,7.6397833333000005,Ametista,,,,2.0,9.002,9.2916666665,7.51,4.5,7.245,10.0,,0.0,9.0,,,,ALFA (1° e 2° ano),0,,,,2024,7.8125,EE Helio Luiz Dobrochinski Prof,Cursando,Completo,0.0
RA-1327,ALFA,ALFA K - G0/G1,Aluno-1327,,7.0,Feminino,2024,Pública,8.264116666700001,Topázio,,,,2.0,9.002,9.3333333335,7.51,7.5,7.325,10.0,,10.0,5.0,,,,ALFA (1° e 2° ano),0,,,,2024,7.8125,EM Amanda Consuelo da Cunha,Cursando,Completo,0.0
RA-1328,ALFA,ALFA K - G0/G1,Aluno-1328,,8.0,Feminino,2024,Pública,8.0588666667,Topázio,,,,2.0,8.502,8.2083333335,7.51,10.0,7.83,5.0,,10.0,10.0,,,,Fase 1 (3° e 4° ano),-1,,,,2024,7.5,EM Amanda Consuelo da Cunha,Cursando,Completo,0.0
RA-1329,ALFA,ALFA K - G0/G1,Aluno-1329,,8.0,Masculino,2024,Pública,7.98945,Ametista,,,,2.0,9.502,10.0,7.51,6.5,6.66,10.0,,10.0,3.0,,,,ALFA (1° e 2° ano),0,,,,2024,6.5625,EE Helio Luiz Dobrochinski Prof,Cursando,Completo,0.0
RA-1330,ALFA,ALFA K - G0/G1,Aluno-1330,,8.0,Feminino,2024,Pública,8.944616666700002,Topázio,,,,2.0,10.002,9.3333333335,7.51,9.5,7.915,10.0,,10.0,9.0,,,,ALFA (1° e 2° ano),0,,,,2024,8.4375,EE Helio Luiz Dobrochinski Prof,Cursando,Completo,0.0
RA-1331,ALFA,ALFA K - G0/G1,Aluno-1331,,7.0,Feminino,2024,Pública,7.8522833333,Ametista,,,,2.0,9.002,7.291666666499999,7.51,7.25,7.245,10.0,,8.0,6.5,,,,ALFA (1° e 2° ano),0,,,,2024,8.4375,EE Jardim Campestre,Cursando,Completo,0.0
RA-944,ALFA,ALFA L - G2/G3,Aluno-944,,10.0,Feminino,2023,Pública,7.8262,Ametista,,,,2.0,9.002,7.25,7.51,9.0,7.75,5.0,,10.0,8.0,,,,Fase 2 (5° e 6° ano),-2,,,,2024,8.75,EM Cecilia Cristina de Oliveira Rodrigues,Cursando,Completo,0.0
RA-1332,ALFA,ALFA L - G2/G3,Aluno-1332,,10.0,Masculino,2024,Pública,8.1040529412,Topázio,,,,2.0,8.502,9.411764706,7.51,8.25,7.665,5.0,,10.0,6.5,,,,Fase 2 (5° e 6° ano),-2,,,,2024,9.375,EE Helio Luiz Dobrochinski Prof,Cursando,Completo,0.0
RA-754,ALFA,ALFA L - G2/G3,Aluno-754,,11.0,Masculino,2022,Pública,5.6127,Quartzo,,,,2.0,8.502,6.25,5.625,6.25,4.75,5.0,,6.0,6.5,,,,Fase 2 (5° e 6° ano),-2,,,,2024,2.5,EM Cecilia Cristina de Oliveira Rodrigues,Cursando,Completo,0.0
RA-1333,ALFA,ALFA L - G2/G3,Aluno-1333,,9.0,Masculino,2024,Pública,8.213199999999999,Topázio,,,,2.0,7.502,10.0,6.255,9.25,7.75,5.0,,10.0,8.5,,,,Fase 1 (3° e 4° ano),-1,,,,2024,9.375,EE Helio Luiz Dobrochinski Prof,Cursando,Completo,0.0
RA-934,ALFA,ALFA L - G2/G3,Aluno-934,,9.0,Feminino,2023,Pública,8.338700000000001,Topázio,,,,2.0,9.502,9.75,7.51,8.5,7.75,5.0,,10.0,7.0,,,,Fase 1 (3° e 4° ano),-1,,,,2024,9.375,EM Amanda Consuelo da Cunha,Cursando,Completo,0.0
RA-1334,ALFA,ALFA L - G2/G3,Aluno-1334,,9.0,Masculino,2024,Pública,8.350200000000001,Topázio,,,,2.0,10.002,10.0,5.625,9.0,7.75,5.0,,10.0,8.0,,,,Fase 1 (3° e 4° ano),-1,,,,2024,9.375,EE Helio Luiz Dobrochinski Prof,Cursando,Completo,0.0
RA-941,ALFA,ALFA L - G2/G3,Aluno-941,,9.0,Feminino,2023,Pública,7.746700000000001,Ametista,,,,2.0,8.002,9.25,5.01,8.75,7.665,5.0,,10.0,7.5,,,,Fase 1 (3° e 4° ano),-1,,,,2024,8.125,EM Amanda Consuelo da Cunha,Cursando,Completo,0.0
RA-756,ALFA,ALFA L - G2/G3,Aluno-756,,11.0,Masculino,2022,Pública,7.361700000000001,Ametista,,,,2.0,10.002,8.75,7.51,5.5,7.24,5.0,,10.0,1.0,,,,Fase 2 (5° e 6° ano),-2,,,,2024,8.125,EM Amanda Consuelo da Cunha,Cursando,Completo,0.0
RA-1335,ALFA,ALFA L - G2/G3,Aluno-1335,,10.0,Masculino,2024,Pública,8.3217,Topázio,,,,2.0,9.002,9.75,7.51,8.75,7.665,5.0,,10.0,7.5,,,,Fase 2 (5° e 6° ano),-2,,,,2024,9.375,EE Helio Luiz Dobrochinski Prof,Cursando,Completo,0.0
RA-773,ALFA,ALFA L - G2/G3,Aluno-773,,10.0,Feminino,2022,Pública,6.566200000000001,Agata,,,,2.0,10.002,8.75,2.51,5.0,6.575,5.0,,8.0,2.0,,,,Fase 2 (5° e 6° ano),-2,,,,2024,7.5,EM Cecilia Cristina de Oliveira Rodrigues,Cursando,Completo,0.0
RA-938,ALFA,ALFA L - G2/G3,Aluno-938,,10.0,Masculino,2023,Pública,8.0056026915,Topázio,,,,2.0,9.502,9.544513457499999,7.51,7.75,7.665,5.0,,10.0,5.5,,,,Fase 1 (3° e 4° ano),-1,,,,2024,8.125,EM Amanda Consuelo da Cunha,Cursando,Completo,0.0
RA-1336,ALFA,ALFA M - G0/G1,Aluno-1336,,8.0,Feminino,2024,Pública,7.141365631500001,Ametista,,,,2.0,9.502,6.2008281575,2.51,9.5,7.75,5.0,,10.0,9.0,,,,Fase 1 (3° e 4° ano),-1,,,,2024,7.5,EE Helio Luiz Dobrochinski Prof,Cursando,Completo,0.0
RA-1337,ALFA,ALFA M - G0/G1,Aluno-1337,,10.0,Masculino,2024,Pública,6.015144444400001,Agata,,,,2.0,8.002,4.722222222,7.51,6.0,5.66,5.0,,6.0,6.0,,,,Fase 2 (5° e 6° ano),-2,,,,2024,6.875,EE Helio Luiz Dobrochinski Prof,Cursando,Completo,0.0
RA-1338,ALFA,ALFA M - G0/G1,Aluno-1338,,8.0,Masculino,2024,Pública,6.1368428571,Agata,,,,2.0,8.002,8.6607142855,7.51,3.0,5.33,5.0,,2.0,4.0,,,,Fase 1 (3° e 4° ano),-1,,,,2024,6.875,EM Cecilia Cristina de Oliveira Rodrigues,Cursando,Completo,0.0
RA-1339,ALFA,ALFA M - G0/G1,Aluno-1339,,8.0,Feminino,2024,Pública,7.3547,Ametista,,,,2.0,8.502,10.0,6.885,8.75,5.33,5.0,,10.0,7.5,,,,Fase 1 (3° e 4° ano),-1,,,,2024,5.0,EE Helio Luiz Dobrochinski Prof,Cursando,Completo,0.0
RA-1340,ALFA,ALFA M - G0/G1,Aluno-1340,,8.0,Feminino,2024,Pública,8.3422714286,Topázio,,,,2.0,9.502,8.392857143,7.51,10.0,7.0,10.0,,10.0,10.0,,,,ALFA (1° e 2° ano),0,,,,2024,5.625,EM Etelvina Delfim Simões,Cursando,Completo,0.0
RA-1341,ALFA,ALFA M - G0/G1,Aluno-1341,,9.0,Masculino,2024,Pública,7.862906349200001,Ametista,,,,2.0,10.002,9.246031746,7.51,10.0,6.0,5.0,,10.0,10.0,,,,Fase 1 (3° e 4° ano),-1,,,,2024,5.625,EE Helio Luiz Dobrochinski Prof,Cursando,Completo,0.0
RA-947,ALFA,ALFA M - G0/G1,Aluno-947,,9.0,Masculino,2023,Pública,6.053509523800001,Agata,,,,2.0,9.002,7.619047619,7.51,4.5,4.58,5.0,,4.0,5.0,,,,Fase 1 (3° e 4° ano),-1,,,,2024,5.625,EE Helio Luiz Dobrochinski Prof,Cursando,Completo,0.0
RA-1342,ALFA,ALFA M - G0/G1,Aluno-1342,,8.0,Masculino,2024,Pública,7.8185809524000005,Ametista,,,,2.0,9.502,9.761904762,7.51,9.0,5.575,5.0,,10.0,8.0,,,,Fase 1 (3° e 4° ano),-1,,,,2024,7.5,EM Cecilia Cristina de Oliveira Rodrigues,Cursando,Completo,0.0
RA-1343,ALFA,ALFA M - G0/G1,Aluno-1343,,7.0,Feminino,2024,Pública,8.8262,Topázio,,,,2.0,8.002,10.0,7.51,9.75,8.5,10.0,,10.0,9.5,,,,ALFA (1° e 2° ano),0,,,,2024,6.25,EE Helio Luiz Dobrochinski Prof,Cursando,Completo,0.0
RA-1344,ALFA,ALFA N - G2/G3,Aluno-1344,,8.0,Feminino,2024,Pública,9.3612,Topázio,,,,2.0,8.502,10.0,7.51,10.0,9.425,10.0,,10.0,10.0,,,,ALFA (1° e 2° ano),0,,,,2024,8.75,EE Helio Luiz Dobrochinski Prof,Cursando,Completo,0.0
RA-945,ALFA,ALFA N - G2/G3,Aluno-945,,9.0,Masculino,2023,Pública,7.4195809524000005,Ametista,,,,2.0,9.002,9.511904762,2.51,8.75,6.83,5.0,,10.0,7.5,,,,Fase 1 (3° e 4° ano),-1,,,,2024,7.5,EM Cecilia Cristina de Oliveira Rodrigues,Cursando,Completo,0.0
RA-946,ALFA,ALFA N - G2/G3,Aluno-946,,8.0,Masculino,2023,Pública,6.677723809500001,Agata,,,,2.0,9.502,8.7976190475,2.51,4.5,7.835,5.0,,3.0,6.0,,,,Fase 1 (3° e 4° ano),-1,,,,2024,7.5,EE Helio Luiz Dobrochinski Prof,Cursando,Completo,0.0
RA-1345,ALFA,ALFA N - G2/G3,Aluno-1345,,9.0,Masculino,2023,Pública,7.2340128655000004,Ametista,,,,2.0,8.502,9.4590643275,7.51,6.25,6.83,5.0,,6.0,6.5,,,,Fase 1 (3° e 4° ano),-1,,,,2024,6.25,EM Cecilia Cristina de Oliveira Rodrigues,Cursando,Completo,0.0
RA-771,ALFA,ALFA N - G2/G3,Aluno-771,,9.0,Feminino,2022,Pública,6.066009523800001,Agata,,,,2.0,8.502,6.619047619,3.135,6.5,6.08,5.0,,6.5,6.5,,,,Fase 1 (3° e 4° ano),-1,,,,2024,5.625,EM Cecilia Cristina de Oliveira Rodrigues,Cursando,Completo,0.0
RA-1346,ALFA,ALFA N - G2/G3,Aluno-1346,,8.0,Masculino,2024,Pública,7.3701047619,Ametista,,,,2.0,9.502,8.0595238095,7.51,5.5,6.66,10.0,,5.0,6.0,,,,ALFA (1° e 2° ano),0,,,,2024,6.25,EM Cecilia Cristina de Oliveira Rodrigues,Cursando,Completo,0.0
RA-1347,ALFA,ALFA N - G2/G3,Aluno-1347,,9.0,Masculino,2024,Pública,6.153842857100001,Agata,,,,2.0,8.502,8.7857142855,2.51,5.0,6.165,5.0,,5.0,5.0,,,,Fase 1 (3° e 4° ano),-1,,,,2024,5.625,EE Helio Luiz Dobrochinski Prof,Cursando,Completo,0.0
RA-949,ALFA,ALFA N - G2/G3,Aluno-949,,9.0,Feminino,2023,Pública,7.1323428571,Ametista,,,,2.0,9.002,8.7857142855,7.51,6.5,6.495,5.0,,6.0,7.0,,,,Fase 1 (3° e 4° ano),-1,,,,2024,6.25,EE Luiz Schunck,Cursando,Completo,0.0
RA-950,ALFA,ALFA N - G2/G3,Aluno-950,,9.0,Feminino,2023,Pública,7.693461904800001,Ametista,,,,2.0,9.502,9.023809524,7.51,7.0,8.0,5.0,,7.5,6.5,,,,Fase 1 (3° e 4° ano),-1,,,,2024,6.875,EE Helio Luiz Dobrochinski Prof,Cursando,Completo,0.0
RA-951,ALFA,ALFA N - G2/G3,Aluno-951,,8.0,Feminino,2023,Privada,6.4483428571,Agata,,,,2.0,10.002,9.0357142855,2.51,4.0,7.325,5.0,,5.0,3.0,,,,Fase 1 (3° e 4° ano),-1,,,,2024,6.25,João Friaza Colégio,Cursando,Completo,0.0
RA-1002,ALFA,ALFA N - G2/G3,Aluno-1002,,10.0,Feminino,2023,Pública,7.967866666700001,Ametista,,,,2.0,9.002,7.833333333500001,7.51,9.25,8.25,5.0,,10.0,8.5,,,,Fase 1 (3° e 4° ano),-1,,,,2024,7.5,EM Cecilia Cristina de Oliveira Rodrigues,Cursando,Completo,0.0
RA-774,ALFA,ALFA N - G2/G3,Aluno-774,,10.0,Feminino,2022,Pública,5.685771428600001,Quartzo,,,,2.0,10.002,6.3928571430000005,2.51,3.75,6.405,5.0,,2.0,5.5,,,,Fase 1 (3° e 4° ano),-1,,,,2024,6.25,EM Cecilia Cristina de Oliveira Rodrigues,Cursando,Completo,0.0
RA-749,ALFA,ALFA O - G2/G3,Aluno-749,,10.0,Masculino,2022,Pública,8.3373184211,Topázio,,,,2.0,9.502,9.7368421055,8.13,8.75,7.665,5.0,,10.0,7.5,,,,Fase 2 (5° e 6° ano),-2,,,,2024,8.4375,EM Amanda Consuelo da Cunha,Cursando,Completo,0.0
RA-929,ALFA,ALFA O - G2/G3,Aluno-929,,9.0,Feminino,2023,Pública,7.7244368421,Ametista,,,,2.0,9.002,9.4736842105,7.51,6.75,7.58,5.0,,7.0,6.5,,,,Fase 1 (3° e 4° ano),-1,,,,2024,8.125,EM Amanda Consuelo da Cunha,Cursando,Completo,0.0
RA-930,ALFA,ALFA O - G2/G3,Aluno-930,,9.0,Masculino,2023,Pública,7.9298184211,Ametista,,,,2.0,8.502,9.7368421055,7.51,8.0,7.5,5.0,,8.0,8.0,,,,Fase 1 (3° e 4° ano),-1,,,,2024,7.8125,EE Jardim Campestre,Cursando,Completo,0.0
RA-787,ALFA,ALFA O - G2/G3,Aluno-787,,10.0,Masculino,2022,Pública,7.73495,Ametista,,,,2.0,9.002,9.75,7.51,7.25,7.325,5.0,,10.0,4.5,,,,Fase 1 (3° e 4° ano),-1,,,,2024,7.1875,EE Helio Luiz Dobrochinski Prof,Cursando,Completo,0.0
RA-1348,ALFA,ALFA O - G2/G3,Aluno-1348,,8.0,Masculino,2024,Pública,7.9604662539,Ametista,,,,2.0,7.502,8.5913312695,7.51,9.0,7.83,5.0,,10.0,8.0,,,,Fase 1 (3° e 4° ano),-1,,,,2024,8.75,EE Jardim Silvania,Cursando,Completo,0.0
RA-935,ALFA,ALFA O - G2/G3,Aluno-935,,10.0,Masculino,2023,Pública,8.3422,Topázio,,,,2.0,9.502,10.0,7.51,8.5,7.83,5.0,,10.0,7.0,,,,Fase 1 (3° e 4° ano),-1,,,,2024,8.75,EE Jardim Campestre,Cursando,Completo,0.0
RA-1349,ALFA,ALFA O - G2/G3,Aluno-1349,,10.0,Masculino,2024,Pública,7.855727777800001,Ametista,,,,2.0,8.002,8.388888889,7.51,8.5,7.915,5.0,,10.0,7.0,,,,Fase 1 (3° e 4° ano),-1,,,,2024,8.4375,EE Jardim Campestre,Cursando,Completo,0.0
RA-937,ALFA,ALFA O - G2/G3,Aluno-937,,9.0,Feminino,2023,Pública,8.3792,Topázio,,,,2.0,10.002,10.0,9.38,7.5,7.83,5.0,,8.0,7.0,,,,Fase 1 (3° e 4° ano),-1,,,,2024,8.75,EE Helio Luiz Dobrochinski Prof,Cursando,Completo,0.0
RA-1350,ALFA,ALFA O - G2/G3,Aluno-1350,,10.0,Feminino,2024,Pública,8.335450000000002,Topázio,,,,2.0,8.502,10.0,8.755,8.5,7.83,5.0,,10.0,7.0,,,,Fase 2 (5° e 6° ano),-2,,,,2024,8.4375,EE Jardim Campestre,Cursando,Completo,0.0
RA-1351,ALFA,ALFA O - G2/G3,Aluno-1351,,9.0,Masculino,2024,Pública,8.1861038462,Topázio,,,,2.0,9.002,9.230769231,8.13,8.75,7.665,5.0,,10.0,7.5,,,,Fase 1 (3° e 4° ano),-1,,,,2024,8.4375,EE Helio Luiz Dobrochinski Prof,Cursando,Completo,0.0
RA-959,ALFA,ALFA O - G2/G3,Aluno-959,,9.0,Masculino,2023,Pública,8.379818421100001,Topázio,,,,2.0,10.002,9.7368421055,7.51,9.5,7.5,5.0,,10.0,9.0,,,,Fase 1 (3° e 4° ano),-1,,,,2024,7.8125,EE Jardim Campestre,Cursando,Completo,0.0
RA-1352,ALFA,ALFA O - G2/G3,Aluno-1352,,9.0,Masculino,2024,Pública,8.289950000000001,Topázio,,,,2.0,10.002,9.5,8.13,8.5,7.665,5.0,,8.0,9.0,,,,Fase 1 (3° e 4° ano),-1,,,,2024,8.4375,EM Amanda Consuelo da Cunha,Cursando,Completo,0.0
RA-1353,ALFA,ALFA Q - G2/G3,Aluno-1353,,10.0,Feminino,2024,Pública,6.454700000000001,Agata,,,,2.0,8.002,9.5,7.51,3.0,6.08,5.0,,3.5,2.5,,,,Fase 1 (3° e 4° ano),-1,,,,2024,6.875,EE Luiz Schunck,Cursando,Completo,0.0
RA-1354,ALFA,ALFA Q - G2/G3,Aluno-1354,,10.0,Feminino,2024,Pública,7.353427272700001,Ametista,,,,2.0,9.502,8.3636363635,7.51,6.0,7.335,5.0,,6.5,5.5,,,,Fase 1 (3° e 4° ano),-1,,,,2024,8.125,EE Luiz Schunck,Cursando,Completo,0.0
RA-979,ALFA,ALFA Q - G2/G3,Aluno-979,,9.0,Masculino,2023,Pública,8.0352454545,Topázio,,,,2.0,9.502,9.5227272725,7.51,8.25,7.335,5.0,,9.5,7.0,,,,Fase 1 (3° e 4° ano),-1,,,,2024,8.125,EM Etelvina Delfim Simões,Cursando,Completo,0.0
RA-1355,ALFA,ALFA Q - G2/G3,Aluno-1355,,10.0,Masculino,2024,Pública,7.202245454500001,Ametista,,,,2.0,10.002,6.5227272725,7.51,7.0,7.17,5.0,,8.0,6.0,,,,Fase 1 (3° e 4° ano),-1,,,,2024,8.125,EE Helio Luiz Dobrochinski Prof,Cursando,Completo,0.0
RA-971,ALFA,ALFA Q - G2/G3,Aluno-971,,9.0,Masculino,2023,Pública,6.8916181818,Agata,,,,2.0,7.418,7.909090909,7.51,6.75,6.085,5.0,,8.5,5.0,,,,Fase 1 (3° e 4° ano),-1,,,,2024,7.5,EE Luiz Schunck,Cursando,Completo,0.0
RA-972,ALFA,ALFA Q - G2/G3,Aluno-972,,9.0,Masculino,2023,Pública,7.537472727300001,Ametista,,,,2.0,9.502,8.3863636365,7.51,6.75,7.17,5.0,,8.0,5.5,,,,Fase 1 (3° e 4° ano),-1,,,,2024,8.75,EM Etelvina Delfim Simões,Cursando,Completo,0.0
RA-965,ALFA,ALFA Q - G2/G3,Aluno-965,,10.0,Feminino,2023,Pública,6.1376545455,Agata,,,,2.0,9.002,6.4772727275,7.51,2.25,6.83,5.0,,2.0,2.5,,,,Fase 2 (5° e 6° ano),-2,,,,2024,8.75,EE Luiz Schunck,Cursando,Completo,0.0
RA-973,ALFA,ALFA Q - G2/G3,Aluno-973,,10.0,Masculino,2023,Pública,6.9318363636,Agata,,,,2.0,10.002,9.318181818,7.51,3.75,6.585,5.0,,6.5,1.0,,,,Fase 2 (5° e 6° ano),-2,,,,2024,7.5,EM Cecilia Cristina de Oliveira Rodrigues,Cursando,Completo,0.0
RA-1356,ALFA,ALFA Q - G2/G3,Aluno-1356,,8.0,Feminino,2024,Pública,7.8695888889,Ametista,,,,2.0,9.002,9.4444444445,7.51,5.5,7.085,10.0,,5.5,5.5,,,,ALFA (1° e 2° ano),0,,,,2024,8.125,EE Helio Luiz Dobrochinski Prof,Cursando,Completo,0.0
RA-966,ALFA,ALFA Q - G2/G3,Aluno-966,,10.0,Masculino,2023,Pública,7.9943363636,Ametista,,,,2.0,9.502,8.568181818,7.51,9.0,7.335,5.0,,9.5,8.5,,,,Fase 2 (5° e 6° ano),-2,,,,2024,8.125,EE Helio Luiz Dobrochinski Prof,Cursando,Completo,0.0
RA-1357,ALFA,ALFA Q - G2/G3,Aluno-1357,,9.0,Masculino,2024,Pública,7.1807,Ametista,,,,2.0,8.002,7.5,7.51,6.75,7.335,5.0,,8.0,5.5,,,,Fase 1 (3° e 4° ano),-1,,,,2024,8.125,EE Luiz Schunck,Cursando,Completo,0.0
RA-969,ALFA,ALFA Q - G2/G3,Aluno-969,,9.0,Masculino,2023,Pública,7.453427272700001,Ametista,,,,2.0,9.002,7.8636363634999995,7.51,7.25,7.335,5.0,,9.0,5.5,,,,Fase 1 (3° e 4° ano),-1,,,,2024,8.125,EE Helio Luiz Dobrochinski Prof,Cursando,Completo,0.0
RA-1358,ALFA,ALFA R - G0/G1,Aluno-1358,,7.0,Feminino,2024,Pública,6.552990476200001,Agata,,,,2.0,9.168,7.380952381,5.01,4.0,6.17,10.0,,4.0,4.0,,,,ALFA (1° e 2° ano),0,,,,2024,6.25,EE Luiz Schunck,Cursando,Completo,0.0
RA-1359,ALFA,ALFA R - G0/G1,Aluno-1359,,7.0,Feminino,2024,Pública,7.2102,Ametista,,,,2.0,8.502,9.0,5.635,6.0,6.17,10.0,,4.0,8.0,,,,ALFA (1° e 2° ano),0,,,,2024,5.625,EE Luiz Schunck,Cursando,Completo,0.0
RA-1360,ALFA,ALFA R - G0/G1,Aluno-1360,,8.0,Masculino,2024,Pública,6.8480623189,Agata,,,,2.0,8.502,7.0018115945,7.51,5.0,6.42,10.0,,0.0,10.0,,,,ALFA (1° e 2° ano),0,,,,2024,5.625,EE Luiz Schunck,Cursando,Completo,0.0
RA-1361,ALFA,ALFA R - G0/G1,Aluno-1361,,8.0,Feminino,2024,Pública,8.738700000000001,Topázio,,,,2.0,9.502,9.375,5.635,10.0,8.0,10.0,,10.0,10.0,,,,ALFA (1° e 2° ano),0,,,,2024,7.5,EE Helio Luiz Dobrochinski Prof,Cursando,Completo,0.0
RA-975,ALFA,ALFA R - G0/G1,Aluno-975,,8.0,Feminino,2023,Pública,7.1463666667000005,Ametista,,,,2.0,8.502,7.708333333500001,5.01,8.0,7.33,5.0,,8.0,8.0,,,,Fase 1 (3° e 4° ano),-1,,,,2024,6.875,EE Luiz Schunck,Cursando,Completo,0.0
RA-1362,ALFA,ALFA R - G0/G1,Aluno-1362,,7.0,Masculino,2024,Pública,7.709200000000001,Ametista,,,,2.0,10.002,6.875,5.635,8.5,6.915,10.0,,8.0,9.0,,,,ALFA (1° e 2° ano),0,,,,2024,6.875,EE Luiz Schunck,Cursando,Completo,0.0
RA-977,ALFA,ALFA R - G0/G1,Aluno-977,,8.0,Feminino,2023,Pública,7.188033333300001,Ametista,,,,2.0,10.002,7.291666666499999,6.26,7.0,7.58,5.0,,5.0,9.0,,,,Fase 1 (3° e 4° ano),-1,,,,2024,6.875,EE Luiz Schunck,Cursando,Completo,0.0
RA-1363,ALFA,ALFA S - G2/G3,Aluno-1363,,7.0,Feminino,2024,Pública,7.690800000000001,Ametista,,,,2.0,7.418,10.0,5.635,6.5,6.99,10.0,,6.5,6.5,,,,ALFA (1° e 2° ano),0,,,,2024,6.875,EE Luiz Schunck,Cursando,Completo,0.0
RA-981,ALFA,ALFA S - G2/G3,Aluno-981,,8.0,Feminino,2023,Pública,6.6513739130000005,Agata,,,,2.0,9.002,7.010869565,6.26,6.0,6.99,5.0,,6.0,6.0,,,,Fase 1 (3° e 4° ano),-1,,,,2024,6.25,EE Helio Luiz Dobrochinski Prof,Cursando,Completo,0.0
RA-1364,ALFA,ALFA S - G2/G3,Aluno-1364,,9.0,Masculino,2024,Pública,7.570033333300001,Ametista,,,,2.0,8.002,8.4166666665,7.51,8.75,6.99,5.0,,9.5,8.0,,,,Fase 1 (3° e 4° ano),-1,,,,2024,6.875,EE Luiz Schunck,Cursando,Completo,0.0
RA-1365,ALFA,ALFA S - G2/G3,Aluno-1365,,9.0,Masculino,2024,Pública,7.3700333333,Ametista,,,,2.0,9.002,9.7916666665,6.26,6.5,6.99,5.0,,5.5,7.5,,,,Fase 1 (3° e 4° ano),-1,,,,2024,6.875,EM Cecilia Cristina de Oliveira Rodrigues,Cursando,Completo,0.0
RA-1366,ALFA,ALFA S - G2/G3,Aluno-1366,,8.0,Feminino,2024,Pública,6.919852173900001,Agata,,,,2.0,9.002,6.6032608695,7.51,6.5,6.99,5.0,,6.5,6.5,,,,Fase 1 (3° e 4° ano),-1,,,,2024,7.5,EE Luiz Schunck,Cursando,Completo,0.0
RA-974,ALFA,ALFA S - G2/G3,Aluno-974,,8.0,Masculino,2023,Pública,7.6077217391,Ametista,,,,2.0,9.502,9.282608695499999,7.51,6.5,7.5,5.0,,6.0,7.0,,,,Fase 1 (3° e 4° ano),-1,,,,2024,7.5,EE Helio Luiz Dobrochinski Prof,Cursando,Completo,0.0
RA-1367,ALFA,ALFA S - G2/G3,Aluno-1367,,8.0,Feminino,2024,Pública,8.427286956500001,Topázio,,,,2.0,10.002,8.3804347825,7.51,8.75,7.5,10.0,,9.0,8.5,,,,ALFA (1° e 2° ano),0,,,,2024,7.5,EE Helio Luiz Dobrochinski Prof,Cursando,Completo,0.0
RA-1368,ALFA,ALFA S - G2/G3,Aluno-1368,,8.0,Masculino,2024,Pública,8.6012,Topázio,,,,2.0,7.002,10.0,7.51,9.5,7.5,10.0,,10.0,9.0,,,,ALFA (1° e 2° ano),0,,,,2024,7.5,EE Luiz Schunck,Cursando,Completo,0.0
RA-1369,ALFA,ALFA S - G2/G3,Aluno-1369,,7.0,Feminino,2024,Pública,8.052286956500001,Topázio,,,,2.0,8.502,8.6304347825,6.26,8.0,7.5,10.0,,8.0,8.0,,,,ALFA (1° e 2° ano),0,,,,2024,7.5,EE Luiz Schunck,Cursando,Completo,0.0
RA-978,ALFA,ALFA S - G2/G3,Aluno-978,,8.0,Feminino,2023,Pública,7.4637,Ametista,,,,2.0,9.502,9.5,6.26,6.5,7.5,5.0,,6.0,7.0,,,,Fase 1 (3° e 4° ano),-1,,,,2024,6.875,EE Luiz Schunck,Cursando,Completo,0.0
RA-1370,ALFA,ALFA S - G2/G3,Aluno-1370,,9.0,Masculino,2024,Pública,8.0456444444,Topázio,,,,2.0,10.002,8.722222222,7.51,9.0,7.5,5.0,,10.0,8.0,,,,Fase 1 (3° e 4° ano),-1,,,,2024,7.5,EE Luiz Schunck,Cursando,Completo,0.0
RA-1371,ALFA,ALFA S - G2/G3,Aluno-1371,,11.0,Feminino,2024,Pública,6.4843521739,Agata,,,,2.0,7.502,6.9782608695,7.51,4.5,7.5,5.0,,3.0,6.0,,,,Fase 1 (3° e 4° ano),-1,,,,2024,6.875,EE Helio Luiz Dobrochinski Prof,Cursando,Completo,0.0
RA-1372,ALFA,ALFA T - G2/G3,Aluno-1372,,8.0,Feminino,2024,Pública,7.9632000000000005,Ametista,,,,2.0,9.502,10.0,8.13,4.75,7.5,10.0,,3.0,6.5,,,,ALFA (1° e 2° ano),0,,,,2024,7.5,EE Jardim Silvania,Cursando,Completo,0.0
RA-1373,ALFA,ALFA T - G2/G3,Aluno-1373,,9.0,Feminino,2024,Pública,7.577286956500001,Ametista,,,,2.0,9.502,8.8804347825,7.51,6.75,7.5,5.0,,6.0,7.5,,,,Fase 1 (3° e 4° ano),-1,,,,2024,7.5,EE Joaquim Mendes Feliz,Cursando,Completo,0.0
RA-1374,ALFA,ALFA T - G2/G3,Aluno-1374,,9.0,Masculino,2024,Pública,7.3707652174,Ametista,,,,2.0,9.502,9.347826087,7.51,5.25,7.5,5.0,,5.0,5.5,,,,Fase 1 (3° e 4° ano),-1,,,,2024,7.5,EE Dom Pedro Villas Boas de Souza,Cursando,Completo,0.0
RA-1375,ALFA,ALFA T - G2/G3,Aluno-1375,,9.0,Masculino,2024,Pública,8.101200000000002,Topázio,,,,2.0,9.502,10.0,7.51,8.25,7.5,5.0,,10.0,6.5,,,,Fase 1 (3° e 4° ano),-1,,,,2024,7.5,EE Dom Pedro Villas Boas de Souza,Cursando,Completo,0.0
RA-1376,ALFA,ALFA T - G2/G3,Aluno-1376,,9.0,Masculino,2024,Pública,8.2742769231,Topázio,,,,2.0,9.002,9.6153846155,7.51,9.75,7.5,5.0,,10.0,9.5,,,,Fase 1 (3° e 4° ano),-1,,,,2024,7.5,EE Dom Pedro Villas Boas de Souza,Cursando,Completo,0.0
RA-994,ALFA,ALFA T - G2/G3,Aluno-994,,9.0,Feminino,2023,Pública,7.7982217391,Ametista,,,,2.0,9.002,9.532608695499999,6.88,8.25,7.33,5.0,,10.0,6.5,,,,Fase 1 (3° e 4° ano),-1,,,,2024,6.875,EE Levi Pereira Martins Professor,Cursando,Completo,0.0
RA-1377,ALFA,ALFA T - G2/G3,Aluno-1377,,8.0,Masculino,2024,Pública,7.8987,Ametista,,,,2.0,9.002,10.0,8.13,5.5,6.99,10.0,,5.0,6.0,,,,ALFA (1° e 2° ano),0,,,,2024,6.875,EE Dom Pedro Villas Boas de Souza,Cursando,Completo,0.0
RA-1378,ALFA,ALFA U - G2/G3,Aluno-1378,,10.0,Feminino,2024,Pública,7.6703428571,Ametista,,,,2.0,9.002,9.2857142855,8.13,6.75,7.5,5.0,,7.5,6.0,,,,Fase 1 (3° e 4° ano),-1,,,,2024,7.5,EM Cecilia Cristina de Oliveira Rodrigues,Cursando,Completo,0.0
RA-1379,ALFA,ALFA U - G2/G3,Aluno-1379,,8.0,Masculino,2024,Pública,6.638292105300001,Agata,,,,2.0,9.502,8.6842105265,3.755,7.25,5.16,5.0,,8.5,6.0,,,,Fase 1 (3° e 4° ano),-1,,,,2024,5.9375,EE Helio Luiz Dobrochinski Prof,Cursando,Completo,0.0
RA-1380,ALFA,ALFA U - G2/G3,Aluno-1380,,8.0,Masculino,2024,Pública,7.964342230600001,Ametista,,,,2.0,9.502,8.784461152999999,4.385,8.0,7.5,10.0,,10.0,6.0,,,,ALFA (1° e 2° ano),0,,,,2024,7.1875,Estuda em outra cidade,Cursando,Completo,0.0
RA-770,ALFA,ALFA U - G2/G3,Aluno-770,,9.0,Masculino,2022,Pública,7.3057112782,Ametista,,,,2.0,10.002,9.022556391,7.51,5.0,7.5,5.0,,4.0,6.0,,,,Fase 1 (3° e 4° ano),-1,,,,2024,7.5,EE Luiz Schunck,Cursando,Completo,0.0
RA-1381,ALFA,ALFA U - G2/G3,Aluno-1381,,8.0,Feminino,2024,Pública,9.038200000000002,Topázio,,,,2.0,9.502,10.0,8.13,9.5,7.5,10.0,,10.0,9.0,,,,ALFA (1° e 2° ano),0,,,,2024,8.75,EE Helio Luiz Dobrochinski Prof,Cursando,Completo,0.0
RA-1382,ALFA,ALFA U - G2/G3,Aluno-1382,,9.0,Feminino,2024,Pública,7.834830952400001,Ametista,,,,2.0,8.502,9.761904762,7.51,7.5,7.5,5.0,,8.0,7.0,,,,Fase 1 (3° e 4° ano),-1,,,,2024,7.8125,EE Helio Luiz Dobrochinski Prof,Cursando,Completo,0.0
RA-1383,ALFA,ALFA U - G2/G3,Aluno-1383,,8.0,Feminino,2024,Pública,8.3720803259,Topázio,,,,2.0,8.502,9.2606516295,7.51,8.5,7.5,10.0,,10.0,7.0,,,,ALFA (1° e 2° ano),0,,,,2024,7.1875,EE Luiz Schunck,Cursando,Completo,0.0
RA-1384,ALFA,ALFA U - G2/G3,Aluno-1384,,10.0,Masculino,2024,Pública,6.221984461100001,Agata,,,,2.0,8.002,7.5689223055,7.51,5.0,5.16,5.0,,5.0,5.0,,,,Fase 2 (5° e 6° ano),-2,,,,2024,6.25,EE Helio Luiz Dobrochinski Prof,Cursando,Completo,0.0
RA-1385,ALFA,ALFA U - G2/G3,Aluno-1385,,8.0,Masculino,2024,Pública,7.7262,Ametista,,,,2.0,10.002,10.0,4.385,8.0,7.5,5.0,,9.0,7.0,,,,Fase 1 (3° e 4° ano),-1,,,,2024,6.875,EE Helio Luiz Dobrochinski Prof,Cursando,Completo,0.0
RA-1386,ALFA,ALFA U - G2/G3,Aluno-1386,,8.0,Feminino,2024,Pública,7.803580952400001,Ametista,,,,2.0,9.002,9.761904762,7.51,7.25,7.5,5.0,,8.5,6.0,,,,Fase 1 (3° e 4° ano),-1,,,,2024,7.5,EM Cecilia Cristina de Oliveira Rodrigues,Cursando,Completo,0.0
RA-1387,ALFA,ALFA U - G2/G3,Aluno-1387,,8.0,Feminino,2024,Pública,7.8030796992,Ametista,,,,2.0,9.502,8.759398496,7.51,8.0,7.5,5.0,,9.0,7.0,,,,Fase 1 (3° e 4° ano),-1,,,,2024,7.5,EM Cecilia Cristina de Oliveira Rodrigues,Cursando,Completo,0.0
RA-1388,ALFA,ALFA Y - G0/G1,Aluno-1388,,8.0,Feminino,2024,Pública,7.015057142799999,Ametista,,,,2.0,9.002,8.214285713999999,6.88,5.0,7.67,5.0,,4.0,6.0,,,,Fase 1 (3° e 4° ano),-1,,,,2024,7.5,EE Dom Pedro Villas Boas de Souza,Cursando,Completo,0.0
RA-1389,ALFA,ALFA Y - G0/G1,Aluno-1389,,7.0,Feminino,2024,Pública,8.980533333299999,Topázio,,,,2.0,9.002,9.7916666665,6.88,10.0,8.42,10.0,,10.0,10.0,,,,ALFA (1° e 2° ano),0,,,,2024,7.5,EE Dom Pedro Villas Boas de Souza,Cursando,Completo,0.0
RA-1390,ALFA,ALFA Y - G0/G1,Aluno-1390,,7.0,Feminino,2024,Pública,8.4930333333,Topázio,,,,2.0,9.502,9.7916666665,5.005,8.25,8.42,10.0,,8.0,8.5,,,,ALFA (1° e 2° ano),0,,,,2024,7.5,EE Dom Pedro Villas Boas de Souza,Cursando,Completo,0.0
RA-1391,ALFA,ALFA Y - G0/G1,Aluno-1391,,7.0,Masculino,2024,Pública,8.8435333333,Topázio,,,,2.0,8.502,9.2916666665,7.51,10.0,8.17,10.0,,10.0,10.0,,,,ALFA (1° e 2° ano),0,,,,2024,7.5,EE Dom Pedro Villas Boas de Souza,Cursando,Completo,0.0
RA-1392,ALFA,ALFA Y - G0/G1,Aluno-1392,,9.0,Masculino,2024,Pública,5.4262,Quartzo,,,,2.0,9.002,5.625,7.51,0.0,7.0,5.0,,0.0,0.0,,,,Fase 1 (3° e 4° ano),-1,,,,2024,7.5,EM Etelvina Delfim Simões,Cursando,Completo,0.0
RA-1393,ALFA,ALFA Y - G0/G1,Aluno-1393,,7.0,Feminino,2024,Pública,7.2597000000000005,Ametista,,,,2.0,9.502,7.5,3.755,5.0,8.42,10.0,,10.0,0.0,,,,ALFA (1° e 2° ano),0,,,,2024,7.5,EE Francisco de Paula Teixeira,Cursando,Completo,0.0
RA-990,1A,1A,Aluno-990,,10.0,Masculino,2023,Pública,7.812283333400001,Ametista,,,,3.0,9.502,7.5,7.51,8.0,8.336666667,5.0,,9.5,6.5,,,,Fase 2 (5° e 6° ano),-1,,,,2024,8.4375,EE Chácara Florida II,Cursando,Completo,1.0
RA-1394,1A,1A,Aluno-1394,,10.0,Feminino,2024,Pública,7.503255555500002,Ametista,,,,3.0,9.502,8.6944444445,7.51,5.75,8.003333333,5.0,,5.5,6.0,,,,Fase 2 (5° e 6° ano),-1,,,,2024,8.125,EE Chácara Florida II,Cursando,Completo,1.0
RA-991,1A,1A,Aluno-991,,10.0,Feminino,2023,Pública,7.057230303000001,Ametista,,,,3.0,9.002,8.181818182,6.26,6.5,6.723333333,5.0,,7.0,6.0,,,,Fase 2 (5° e 6° ano),-1,,,,2024,7.5,EM Etelvina Delfim Simões,Cursando,Completo,1.0
RA-1018,1A,1A,Aluno-1018,,10.0,Masculino,2023,Pública,7.7054045454,Ametista,,,,3.0,8.502,7.727272727,6.26,8.25,8.45,5.0,,8.5,8.0,,,,Fase 2 (5° e 6° ano),-1,,,,2024,8.4375,EE Dom Pedro Villas Boas de Souza,Cursando,Completo,1.0
RA-1395,1A,1A,Aluno-1395,,9.0,Feminino,2024,Pública,8.5997833334,Topázio,,,,3.0,9.502,10.0,7.51,7.75,7.836666667,10.0,,7.5,8.0,,,,Fase 1 (3° e 4° ano),0,,,,2024,7.8125,EE Dom Pedro Villas Boas de Souza,Cursando,Completo,1.0
RA-1396,1A,1A,Aluno-1396,,11.0,Feminino,2024,Pública,7.8477,Ametista,,,,3.0,9.502,10.0,7.51,6.5,7.67,5.0,,6.0,7.0,,,,Fase 2 (5° e 6° ano),-1,,,,2024,8.125,EM Bairro Lagoa Grande,Cursando,Completo,1.0
RA-1025,1A,1A,Aluno-1025,,10.0,Masculino,2023,Pública,7.897071212,Ametista,,,,3.0,9.002,7.727272727,7.51,9.0,7.783333333,5.0,,10.0,8.0,,,,Fase 2 (5° e 6° ano),-1,,,,2024,8.4375,EE Dom Pedro Villas Boas de Souza,Cursando,Completo,1.0
RA-1019,1A,1A,Aluno-1019,,9.0,Feminino,2023,Pública,8.692255194900001,Topázio,,,,3.0,9.502,9.3073593075,6.26,8.75,8.616666667,10.0,,9.5,8.0,,,,Fase 1 (3° e 4° ano),0,,,,2024,7.8125,EM Etelvina Delfim Simões,Cursando,Completo,1.0
RA-879,1A,1A,Aluno-879,,10.0,Feminino,2023,Pública,8.1096318182,Topázio,,,,3.0,9.502,9.090909091,6.26,8.5,8.67,5.0,,8.0,9.0,,,,Fase 2 (5° e 6° ano),-1,,,,2024,7.8125,EM Etelvina Delfim Simões,Cursando,Completo,1.0
RA-1020,1A,1A,Aluno-1020,,10.0,Feminino,2023,Pública,8.9544954545,Topázio,,,,3.0,9.002,9.7727272725,6.88,9.0,8.84,10.0,,10.0,8.0,,,,Fase 1 (3° e 4° ano),0,,,,2024,8.4375,EE Dom Pedro Villas Boas de Souza,Cursando,Completo,1.0
RA-1021,1A,1A,Aluno-1021,,10.0,Masculino,2023,Pública,8.0985863636,Topázio,,,,3.0,9.502,9.318181818,7.51,8.0,7.95,5.0,,9.0,7.0,,,,Fase 2 (5° e 6° ano),-1,,,,2024,8.4375,EE Dom Pedro Villas Boas de Souza,Cursando,Completo,1.0
RA-1022,1A,1A,Aluno-1022,,10.0,Masculino,2023,Pública,7.613169697000002,Ametista,,,,3.0,9.502,9.318181818,6.26,6.5,8.116666667,5.0,,5.5,7.5,,,,Fase 2 (5° e 6° ano),-1,,,,2024,7.5,EE Dom Pedro Villas Boas de Souza,Cursando,Completo,1.0
RA-1397,1A,1A,Aluno-1397,,10.0,Feminino,2024,Pública,7.8280333334000005,Ametista,,,,3.0,9.002,10.0,6.26,7.0,7.946666667,5.0,,7.0,7.0,,,,Fase 2 (5° e 6° ano),-1,,,,2024,8.125,EE Dom Pedro Villas Boas de Souza,Cursando,Completo,1.0
RA-699,1A,1A,Aluno-699,,11.0,Masculino,2022,Pública,6.427771212000001,Agata,,,,3.0,6.334,7.727272727000001,6.26,6.5,5.833333333,5.0,,7.0,6.0,,,,Fase 2 (5° e 6° ano),-1,,,,2024,6.5625,EE Dom Pedro Villas Boas de Souza,Cursando,Completo,1.0
RA-1398,1B,1B,Aluno-1398,,11.0,Feminino,2024,Pública,7.989700527000001,Ametista,,,,3.0,6.918,9.555335968,7.51,8.0,8.616666667,5.0,,8.0,8.0,,,,Fase 2 (5° e 6° ano),-1,,,,2024,8.125,EE Leonice de Aquino Oliveira,Cursando,Completo,1.0
RA-871,1B,1B,Aluno-871,,10.0,Masculino,2023,Pública,7.2917293147999995,Ametista,,,,3.0,8.502,9.328063240999999,4.38,7.25,5.783333333,10.0,,6.0,8.5,,,,Fase 1 (3° e 4° ano),0,,,,2024,5.3125,EE Chácara Florida II,Cursando,Completo,1.0
RA-1399,1B,1B,Aluno-1399,,11.0,Feminino,2024,Pública,7.438578787899999,Ametista,,,,3.0,9.002,9.7727272725,5.005,6.0,8.166666667,5.0,,6.0,6.0,,,,Fase 2 (5° e 6° ano),-1,,,,2024,7.5,EE Olivia de Faria Nogueira,Cursando,Completo,1.0
RA-873,1B,1B,Aluno-873,,12.0,Feminino,2023,Pública,7.61095,Ametista,,,,3.0,8.002,10.0,6.88,6.75,7.77,5.0,,7.0,6.5,,,,Fase 3 (7° e 8° ano),-2,,,,2024,7.1875,EE Olivia de Faria Nogueira,Cursando,Completo,1.0
RA-898,1B,1B,Aluno-898,,10.0,Masculino,2023,Pública,7.8661333334000005,Ametista,,,,3.0,6.418,10.0,7.51,7.5,8.616666667,5.0,,9.0,6.0,,,,Fase 2 (5° e 6° ano),-1,,,,2024,7.5,EE Dom Pedro Villas Boas de Souza,Cursando,Completo,1.0
RA-750,1B,1B,Aluno-750,,12.0,Masculino,2021,Pública,4.542230369,Quartzo,,,,3.0,6.249,5.938735178,4.38,3.75,3.176666667,5.0,,0.5,7.0,,,,Fase 3 (7° e 8° ano),-2,,,,2024,4.0625,EE Mario Francisco de Amorim,Cursando,Completo,1.0
RA-899,1B,1B,Aluno-899,,9.0,Masculino,2023,Pública,8.425024769300002,Topázio,,,,3.0,10.002,9.1007905135,5.635,8.25,7.893333333,10.0,,8.0,8.5,,,,Fase 1 (3° e 4° ano),0,,,,2024,8.125,EE Chácara Florida II,Cursando,Completo,1.0
RA-878,1B,1B,Aluno-878,,11.0,Masculino,2023,Pública,6.5335560606000005,Agata,,,,3.0,9.002,6.1363636360000005,4.38,6.75,6.996666667,5.0,,6.0,7.5,,,,Fase 2 (5° e 6° ano),-1,,,,2024,7.1875,EE Chácara Florida II,Cursando,Completo,1.0
RA-893,1B,1B,Aluno-893,,10.0,Masculino,2023,Pública,8.8910333334,Topázio,,,,3.0,9.002,10.0,7.51,9.25,7.886666667,10.0,,10.0,8.5,,,,Fase 1 (3° e 4° ano),0,,,,2024,8.125,EE Chácara Florida II,Cursando,Completo,1.0
RA-1024,1B,1B,Aluno-1024,,11.0,Feminino,2023,Pública,8.6516166666,Topázio,,,,3.0,8.002,10.0,7.51,10.0,8.783333333,5.0,,10.0,10.0,,,,Fase 2 (5° e 6° ano),-1,,,,2024,8.4375,Escola João Paulo II,Cursando,Completo,1.0
RA-900,1B,1B,Aluno-900,,9.0,Feminino,2023,Pública,8.802003030200002,Topázio,,,,3.0,9.002,9.318181818,8.13,8.5,8.563333333,10.0,,8.0,9.0,,,,Fase 1 (3° e 4° ano),0,,,,2024,8.125,EE Dom Pedro Villas Boas de Souza,Cursando,Completo,1.0
RA-903,1B,1B,Aluno-903,,9.0,Feminino,2023,Pública,8.0758287879,Topázio,,,,3.0,10.002,9.7727272725,7.505,5.0,7.946666667,10.0,,6.0,4.0,,,,Fase 1 (3° e 4° ano),0,,,,2024,7.8125,EE Dom Pedro Villas Boas de Souza,Cursando,Completo,1.0
RA-1400,1B,1B,Aluno-1400,,9.0,Masculino,2024,Pública,7.622839525700001,Ametista,,,,3.0,8.418,6.6501976285,7.51,7.25,7.5,10.0,,6.5,8.0,,,,Fase 1 (3° e 4° ano),0,,,,2024,7.5,EE Dom Pedro Villas Boas de Souza,Cursando,Completo,1.0
RA-851,1B,1B,Aluno-851,,10.0,Masculino,2022,Pública,6.2114602109,Agata,,,,3.0,9.002,7.3221343875,5.63,6.0,5.106666667,5.0,,5.0,7.0,,,,Fase 2 (5° e 6° ano),-1,,,,2024,5.625,EM Eurides José Amorim,Cursando,Completo,1.0
RA-1028,1B,1B,Aluno-1028,,12.0,Masculino,2023,Pública,7.1404338602,Ametista,,,,3.0,8.002,7.055335968,5.63,7.5,8.393333333,5.0,,6.0,9.0,,,,Fase 3 (7° e 8° ano),-2,,,,2024,6.875,EE Olivia de Faria Nogueira,Cursando,Completo,1.0
RA-922,1C,1C,Aluno-922,,9.0,Feminino,2023,Pública,8.5209954545,Topázio,,,,2.0,9.002,9.5227272725,7.51,7.75,8.17,10.0,,7.5,8.0,,,,Fase 1 (3° e 4° ano),0,,,,2024,7.8125,EE Francisco de Paula Teixeira,Cursando,Completo,1.0
RA-684,1C,1C,Aluno-684,,9.0,Masculino,2022,Privada,7.769381818200001,Ametista,,,,2.0,10.002,9.090909091,7.51,4.25,8.0,10.0,,2.5,6.0,,,,Fase 1 (3° e 4° ano),0,,,,2024,7.5,Recanto Betânia Centro Educacional,Cursando,Completo,1.0
RA-1031,1C,1C,Aluno-1031,,11.0,Masculino,2023,Pública,6.8757227273,Agata,,,,2.0,9.502,8.6363636365,7.51,6.25,5.83,5.0,,5.5,7.0,,,,Fase 2 (5° e 6° ano),-1,,,,2024,5.3125,EE Joaquim Mendes Feliz,Cursando,Completo,1.0
RA-892,1C,1C,Aluno-892,,9.0,Masculino,2023,Pública,8.697700000000001,Topázio,,,,2.0,8.002,10.0,7.51,8.75,7.92,10.0,,10.0,7.5,,,,Fase 1 (3° e 4° ano),0,,,,2024,8.125,EE Dom Pedro Villas Boas de Souza,Cursando,Completo,1.0
RA-1029,1C,1C,Aluno-1029,,10.0,Feminino,2023,Pública,7.797790909100001,Ametista,,,,2.0,9.002,8.7954545455,6.885,8.75,7.25,5.0,,8.0,9.5,,,,Fase 2 (5° e 6° ano),-1,,,,2024,7.5,EE Dom Pedro Villas Boas de Souza,Cursando,Completo,1.0
RA-1032,1C,1C,Aluno-1032,,11.0,Masculino,2023,Pública,8.01645,Topázio,,,,2.0,8.502,9.75,7.51,8.0,7.92,5.0,,9.0,7.0,,,,Fase 2 (5° e 6° ano),-1,,,,2024,7.8125,EE Joaquim Mendes Feliz,Cursando,Completo,1.0
RA-894,1C,1C,Aluno-894,,10.0,Feminino,2023,Pública,8.67895,Topázio,,,,2.0,10.002,10.0,7.51,9.5,8.42,5.0,,9.0,10.0,,,,Fase 2 (5° e 6° ano),-1,,,,2024,8.4375,EE Dom Pedro Villas Boas de Souza,Cursando,Completo,1.0
RA-1401,1C,1C,Aluno-1401,,13.0,Masculino,2024,Pública,8.1188277778,Topázio,,,,2.0,6.918,8.888888889,7.51,10.0,8.085,5.0,,10.0,10.0,,,,Fase 3 (7° e 8° ano),-2,,,,2024,7.8125,EE Paschoal Carlos Magno,Cursando,Completo,1.0
RA-896,1C,1C,Aluno-896,,8.0,Masculino,2023,Pública,8.2852454545,Topázio,,,,2.0,8.502,9.7727272725,7.51,6.5,8.085,10.0,,6.5,6.5,,,,Fase 1 (3° e 4° ano),0,,,,2024,8.125,EE Dom Pedro Villas Boas de Souza,Cursando,Completo,1.0
RA-693,1C,1C,Aluno-693,,9.0,Feminino,2022,Pública,8.9079954545,Topázio,,,,2.0,10.002,9.5227272725,9.38,8.0,8.42,10.0,,8.0,8.0,,,,Fase 1 (3° e 4° ano),0,,,,2024,7.8125,EE Dom Pedro Villas Boas de Souza,Cursando,Completo,1.0
RA-743,1C,1C,Aluno-743,,11.0,Feminino,2022,Pública,7.655745454500001,Ametista,,,,2.0,9.002,9.2727272725,7.51,7.0,7.5,5.0,,6.5,7.5,,,,Fase 2 (5° e 6° ano),-1,,,,2024,7.5,EE Dom Pedro Villas Boas de Souza,Cursando,Completo,1.0
RA-681,1C,1C,Aluno-681,,11.0,Masculino,2022,Privada,6.0398818182000005,Agata,,,,2.0,9.502,7.840909091,6.26,2.5,6.665,5.0,,5.0,0.0,,,,Fase 2 (5° e 6° ano),-1,,,,2024,5.625,João Friaza Colégio,Cursando,Completo,1.0
RA-1035,1C,1C,Aluno-1035,,10.0,Masculino,2023,Pública,7.833495454500001,Ametista,,,,2.0,9.502,9.0227272725,7.51,7.0,7.92,5.0,,6.5,7.5,,,,Fase 2 (5° e 6° ano),-1,,,,2024,8.4375,EE Dom Pedro Villas Boas de Souza,Cursando,Completo,1.0
RA-850,1C,1C,Aluno-850,,10.0,Masculino,2022,Pública,7.864245454500001,Ametista,,,,2.0,10.002,9.2727272725,6.255,7.75,7.92,5.0,,6.0,9.5,,,,Fase 2 (5° e 6° ano),-1,,,,2024,7.5,EE Chácara Florida II,Cursando,Completo,1.0
RA-1402,1D,1D,Aluno-1402,,10.0,Feminino,2024,Pública,8.588040909100002,Topázio,,,,2.0,10.002,9.5454545455,7.51,7.25,8.17,10.0,,7.0,7.5,,,,Fase 1 (3° e 4° ano),0,,,,2024,8.4375,EE Dom Pedro Villas Boas de Souza,Cursando,Completo,1.0
RA-1403,1D,1D,Aluno-1403,,11.0,Feminino,2024,Pública,8.257421861500001,Topázio,,,,2.0,9.002,9.3073593075,7.51,8.75,8.255,5.0,,7.5,10.0,,,,Fase 2 (5° e 6° ano),-1,,,,2024,8.4375,EE Joaquim Mendes Feliz,Cursando,Completo,1.0
RA-1404,1D,1D,Aluno-1404,,9.0,Feminino,2024,Pública,8.3971318182,Topázio,,,,2.0,8.502,9.090909091,7.51,7.5,8.17,10.0,,6.0,9.0,,,,Fase 1 (3° e 4° ano),0,,,,2024,8.4375,EE Dom Pedro Villas Boas de Souza,Cursando,Completo,1.0
RA-923,1D,1D,Aluno-923,,9.0,Feminino,2023,Pública,7.688609090900001,Ametista,,,,2.0,8.002,7.9545454545,7.51,5.5,8.17,10.0,,5.0,6.0,,,,Fase 1 (3° e 4° ano),0,,,,2024,8.125,EE Dom Pedro Villas Boas de Souza,Cursando,Completo,1.0
RA-847,1D,1D,Aluno-847,,11.0,Masculino,2022,Pública,5.009290909100001,Quartzo,,,,2.0,9.002,4.5454545455,5.01,1.0,6.245,5.0,,0.0,2.0,,,,Fase 2 (5° e 6° ano),-1,,,,2024,7.5,EE Paschoal Carlos Magno,Cursando,Completo,1.0
RA-1405,1D,1D,Aluno-1405,,10.0,Feminino,2024,Pública,8.4749727273,Topázio,,,,2.0,8.002,8.6363636365,7.51,8.75,8.17,10.0,,8.0,9.5,,,,Fase 1 (3° e 4° ano),0,,,,2024,8.125,EE Dom Pedro Villas Boas de Souza,Cursando,Completo,1.0
RA-1406,1D,1D,Aluno-1406,,10.0,Feminino,2024,Pública,7.8186772727000005,Ametista,,,,2.0,8.002,8.8636363635,7.51,7.5,8.255,5.0,,5.5,9.5,,,,Fase 2 (5° e 6° ano),-1,,,,2024,8.4375,EE Joaquim Mendes Feliz,Cursando,Completo,1.0
RA-1407,1D,1D,Aluno-1407,,10.0,Masculino,2024,Pública,7.546086363600001,Ametista,,,,2.0,10.002,9.318181818,7.51,5.75,7.5,5.0,,5.5,6.0,,,,Fase 2 (5° e 6° ano),-1,,,,2024,7.8125,EE Joaquim Mendes Feliz,Cursando,Completo,1.0
RA-1408,1D,1D,Aluno-1408,,11.0,Masculino,2024,Pública,7.626768181800001,Ametista,,,,2.0,10.002,8.409090909,7.51,6.75,7.5,5.0,,5.5,8.0,,,,Fase 2 (5° e 6° ano),-1,,,,2024,8.4375,EE Dom Pedro Villas Boas de Souza,Cursando,Completo,1.0
RA-1409,1D,1D,Aluno-1409,,10.0,Masculino,2024,Pública,7.863131818100001,Ametista,,,,2.0,10.002,9.0909090905,7.51,7.25,7.5,5.0,,7.5,7.0,,,,Fase 2 (5° e 6° ano),-1,,,,2024,8.4375,EE Dom Pedro Villas Boas de Souza,Cursando,Completo,1.0
RA-1410,1E,1E,Aluno-1410,,11.0,Masculino,2024,Pública,7.5319272727,Ametista,,,,2.0,9.002,8.1136363635,7.51,6.25,8.165,5.0,,6.5,6.0,,,,Fase 2 (5° e 6° ano),-1,,,,2024,8.75,EE Levi Pereira Martins Professor,Cursando,Completo,1.0
RA-874,1E,1E,Aluno-874,,10.0,Masculino,2023,Pública,7.0235939394,Ametista,,,,2.0,9.502,4.696969697,6.26,7.75,7.915,5.0,,6.0,9.5,,,,Fase 2 (5° e 6° ano),-1,,,,2024,8.75,EE Chácara Florida II,Cursando,Completo,1.0
RA-1411,1E,1E,Aluno-1411,,11.0,Masculino,2024,Pública,6.886950000000001,Agata,,,,2.0,9.002,9.5,6.26,2.75,7.835,5.0,,5.5,0.0,,,,Fase 2 (5° e 6° ano),-1,,,,2024,8.4375,EE Alexandre Rodrigues Nogueira,Cursando,Completo,1.0
RA-1412,1E,1E,Aluno-1412,,10.0,Masculino,2024,Pública,9.204671861500001,Topázio,,,,2.0,10.002,9.3073593075,7.51,9.75,8.835,10.0,,10.0,9.5,,,,Fase 1 (3° e 4° ano),0,,,,2024,8.75,EE Chácara Florida II,Cursando,Completo,1.0
RA-690,1E,1E,Aluno-690,,11.0,Feminino,2022,Pública,7.3853681818000005,Ametista,,,,2.0,7.918,8.409090909,7.51,6.25,7.835,5.0,,7.5,5.0,,,,Fase 2 (5° e 6° ano),-1,,,,2024,8.4375,EE Dom Pedro Villas Boas de Souza,Cursando,Completo,1.0
RA-1413,1E,1E,Aluno-1413,,12.0,Masculino,2024,Pública,7.747564718600001,Ametista,,,,2.0,9.002,8.593073593,7.51,7.25,7.92,5.0,,7.5,7.0,,,,Fase 3 (7° e 8° ano),-2,,,,2024,8.4375,EE Olivia de Faria Nogueira,Cursando,Completo,1.0
RA-1414,1E,1E,Aluno-1414,,10.0,Feminino,2024,Pública,8.840007359300001,Topázio,,,,2.0,9.502,9.2965367965,6.885,8.5,8.835,10.0,,10.0,7.0,,,,Fase 1 (3° e 4° ano),0,,,,2024,8.75,EM Etelvina Delfim Simões,Cursando,Completo,1.0
RA-995,1E,1E,Aluno-995,,12.0,Feminino,2023,Pública,5.110372077899999,Quartzo,,,,2.0,10.002,5.3896103895,5.635,2.0,4.25,5.0,,0.0,4.0,,,,Fase 3 (7° e 8° ano),-2,,,,2024,7.1875,EE Mario Francisco de Amorim,Cursando,Completo,1.0
RA-853,1G,1G,Aluno-853,,10.0,Feminino,2022,Pública,7.986866666600001,Ametista,,,,3.0,8.502,9.5833333335,6.26,6.25,7.553333333,10.0,,6.5,6.0,,,,Fase 1 (3° e 4° ano),0,,,,2024,8.333333333,EM Maria Ignez Concelles Irma Ines,Cursando,Completo,1.0
RA-854,1G,1G,Aluno-854,,9.0,Feminino,2022,Pública,7.826199999900001,Ametista,,,,3.0,9.502,10.0,6.26,7.0,6.333333333,10.0,,7.0,7.0,,,,Fase 1 (3° e 4° ano),0,,,,2024,5.833333333,EM Maria Ignez Concelles Irma Ines,Cursando,Completo,1.0
RA-1415,1G,1G,Aluno-1415,,10.0,Feminino,2024,Pública,7.3712454546,Ametista,,,,3.0,8.002,9.7727272725,6.26,6.75,7.056666667,5.0,,6.5,7.0,,,,Fase 2 (5° e 6° ano),-1,,,,2024,7.291666667,EM Maria Ignez Concelles Irma Ines,Cursando,Completo,1.0
RA-842,1G,1G,Aluno-842,,10.0,Feminino,2022,Pública,7.072914756400001,Ametista,,,,3.0,8.502,7.549407115,6.26,7.5,6.996666667,5.0,,6.0,9.0,,,,Fase 2 (5° e 6° ano),-1,,,,2024,6.875,EM Etelvina Delfim Simões,Cursando,Completo,1.0
RA-700,1G,1G,Aluno-700,,11.0,Feminino,2022,Pública,7.005745454500001,Ametista,,,,3.0,8.502,9.564393939,5.635,5.25,7.0,5.0,,5.0,5.5,,,,Fase 2 (5° e 6° ano),-1,,,,2024,7.291666667,EM Maria Ignez Concelles Irma Ines,Cursando,Completo,1.0
RA-1416,1G,1G,Aluno-1416,,12.0,Feminino,2024,Pública,7.375503030400001,Ametista,,,,3.0,8.502,8.2765151515,7.51,7.75,6.386666667,5.0,,6.5,9.0,,,,Fase 2 (5° e 6° ano),-1,,,,2024,7.916666667,EE Loris Nassif Mattar Profa,Cursando,Completo,1.0
RA-911,1G,1G,Aluno-911,,12.0,Masculino,2023,Pública,5.4552454547,Quartzo,,,,3.0,8.002,4.772727273,7.51,4.5,4.726666667,5.0,,5.0,4.0,,,,Fase 3 (7° e 8° ano),-2,,,,2024,6.041666667,EE Leonice de Aquino Oliveira,Cursando,Completo,1.0
RA-859,1G,1G,Aluno-859,,9.0,Feminino,2022,Pública,8.5817909091,Topázio,,,,3.0,8.002,9.337121212,7.51,8.0,8.336666667,10.0,,8.0,8.0,,,,Fase 1 (3° e 4° ano),0,,,,2024,8.958333333,EM Maria Ignez Concelles Irma Ines,Cursando,Completo,1.0
RA-860,1G,1G,Aluno-860,,9.0,Masculino,2022,Pública,8.7738666667,Topázio,,,,3.0,9.002,9.7916666665,7.51,8.5,7.946666667,10.0,,8.0,9.0,,,,Fase 1 (3° e 4° ano),0,,,,2024,8.75,EM Maria Ignez Concelles Irma Ines,Cursando,Completo,1.0
RA-727,1G,1G,Aluno-727,,10.0,Masculino,2022,Pública,8.447003030300001,Topázio,,,,3.0,10.002,8.4848484845,6.26,8.5,8.056666667,10.0,,10.0,7.0,,,,Fase 1 (3° e 4° ano),0,,,,2024,8.125,EE Dom Pedro Villas Boas de Souza,Cursando,Completo,1.0
RA-1417,1G,1G,Aluno-1417,,10.0,Masculino,2024,Pública,7.7436242424,Ametista,,,,3.0,9.002,9.337121212,7.51,9.0,6.5,5.0,,10.0,8.0,,,,Fase 2 (5° e 6° ano),-1,,,,2024,6.25,EE Dom Pedro Villas Boas de Souza,Cursando,Completo,1.0
RA-910,1G,1G,Aluno-910,,9.0,Masculino,2023,Pública,8.1163818182,Topázio,,,,3.0,8.502,8.674242424500001,7.51,7.5,7.443333333,10.0,,9.0,6.0,,,,Fase 1 (3° e 4° ano),0,,,,2024,7.916666667,EM Etelvina Delfim Simões,Cursando,Completo,1.0
RA-840,1G,1G,Aluno-840,,10.0,Masculino,2022,Pública,8.5912909091,Topázio,,,,3.0,9.502,9.337121212,7.51,8.0,7.946666667,10.0,,7.0,9.0,,,,Fase 1 (3° e 4° ano),0,,,,2024,8.333333333,EM Maria Ignez Concelles Irma Ines,Cursando,Completo,1.0
RA-926,1G,1G,Aluno-926,,10.0,Feminino,2023,Pública,7.7830787878,Ametista,,,,3.0,9.002,9.7727272725,7.51,7.0,7.22,5.0,,7.0,7.0,,,,Fase 2 (5° e 6° ano),-1,,,,2024,8.333333333,EM Maria Ignez Concelles Irma Ines,Cursando,Completo,1.0
RA-1418,1G,1G,Aluno-1418,,11.0,Masculino,2024,Pública,7.7352909091000015,Ametista,,,,3.0,8.502,9.128787879,7.51,8.25,6.833333333,5.0,,8.5,8.0,,,,Fase 2 (5° e 6° ano),-1,,,,2024,7.916666667,EM Pedro Antonio de Almeida,Cursando,Completo,1.0
RA-927,1G,1G,Aluno-927,,10.0,Feminino,2023,Pública,7.9921696969000005,Ametista,,,,3.0,8.002,9.318181818,7.51,6.5,7.22,10.0,,7.0,6.0,,,,Fase 1 (3° e 4° ano),0,,,,2024,8.333333333,EM Maria Ignez Concelles Irma Ines,Cursando,Completo,1.0
RA-672,1H,1H,Aluno-672,,11.0,Feminino,2021,Pública,4.2118138341,Quartzo,,,,3.0,7.918,3.9525691700000003,6.26,0.0,4.496666667,5.0,,0.0,0.0,,,,Fase 2 (5° e 6° ano),-1,,,,2024,6.041666667,EM Etelvina Delfim Simões,Cursando,Completo,1.0
RA-1043,1H,1H,Aluno-1043,,11.0,Masculino,2023,Pública,7.539847562500002,Ametista,,,,3.0,10.002,7.994071146,7.51,8.25,6.553333333,5.0,,8.5,8.0,,,,Fase 2 (5° e 6° ano),-1,,,,2024,7.291666667,EE João Ortiz Rodrigues,Cursando,Completo,1.0
RA-738,1H,1H,Aluno-738,,10.0,Feminino,2022,Pública,7.2626980238000005,Ametista,,,,3.0,10.002,7.292490119,6.885,7.25,7.39,5.0,,7.5,7.0,,,,Fase 2 (5° e 6° ano),-1,,,,2024,6.875,EM Maria Ignez Concelles Irma Ines,Cursando,Completo,1.0
RA-1419,1H,1H,Aluno-1419,,10.0,Feminino,2024,Pública,8.7536999999,Topázio,,,,3.0,8.502,10.0,7.51,7.5,8.783333333,10.0,,6.0,9.0,,,,Fase 1 (3° e 4° ano),0,,,,2024,8.958333333,EM Pedro Antonio de Almeida,Cursando,Completo,1.0
RA-704,1H,1H,Aluno-704,,12.0,Masculino,2022,Pública,6.8121156785000005,Agata,,,,3.0,7.502,8.646245059,5.635,6.5,6.616666667,5.0,,6.0,7.0,,,,Fase 2 (5° e 6° ano),-1,,,,2024,6.458333333,EE João Ortiz Rodrigues,Cursando,Completo,1.0
RA-705,1H,1H,Aluno-705,,12.0,Masculino,2022,Pública,5.294247619100001,Quartzo,,,,3.0,9.002,6.4285714285,5.005,3.5,4.226666667,5.0,,2.0,5.0,,,,Fase 2 (5° e 6° ano),-1,,,,2024,5.625,EE João Ortiz Rodrigues,Cursando,Completo,1.0
RA-822,1H,1H,Aluno-822,,12.0,Masculino,2022,Pública,5.2645678524,Quartzo,,,,3.0,0.0,4.6245059285,5.01,6.75,6.61,5.0,,7.5,6.0,,,,Fase 3 (7° e 8° ano),-2,,,,2024,6.666666667,EE João Ortiz Rodrigues,Cursando,Completo,1.0
RA-740,1H,1H,Aluno-740,,11.0,Feminino,2022,Privada,8.1611005269,Topázio,,,,3.0,9.002,9.555335968,7.51,8.0,8.223333333,5.0,,8.0,8.0,,,,Fase 2 (5° e 6° ano),-1,,,,2024,8.541666667,Escola João Paulo II,Cursando,Completo,1.0
RA-741,1H,1H,Aluno-741,,12.0,Feminino,2022,Pública,5.0795885374,Quartzo,,,,3.0,8.418,5.2964426875,5.005,3.75,4.223333333,5.0,,3.5,4.0,,,,Fase 2 (5° e 6° ano),-1,,,,2024,5.833333333,EE João Ortiz Rodrigues,Cursando,Completo,1.0
RA-1420,1H,1H,Aluno-1420,,12.0,Masculino,2024,Pública,5.6558,Quartzo,,,,3.0,7.918,5.520833333500001,6.26,4.5,5.44,5.0,,5.0,4.0,,,,Fase 3 (7° e 8° ano),-2,,,,2024,6.458333333,EE Olivia de Faria Nogueira,Cursando,Completo,1.0
RA-709,1H,1H,Aluno-709,,12.0,Feminino,2022,Pública,6.833780895800001,Agata,,,,3.0,7.418,7.994071146,7.51,6.0,6.773333333,5.0,,6.0,6.0,,,,Fase 2 (5° e 6° ano),-1,,,,2024,6.875,EE João Ortiz Rodrigues,Cursando,Completo,1.0
RA-1421,1H,1H,Aluno-1421,,11.0,Masculino,2024,Pública,7.126922222200001,Ametista,,,,3.0,9.002,6.777777778,7.51,7.5,7.163333333,5.0,,8.0,7.0,,,,Fase 2 (5° e 6° ano),-1,,,,2024,6.875,EM Pedro Antonio de Almeida,Cursando,Completo,1.0
RA-1422,1J,1J,Aluno-1422,,11.0,Feminino,2024,Pública,7.0132,Ametista,,,,4.0,9.502,7.5,7.51,4.75,7.7475,5.0,,0.0,9.5,,,,Fase 2 (5° e 6° ano),-1,,,,2024,8.125,EE João Ortiz Rodrigues,Cursando,Completo,1.0
RA-1423,1J,1J,Aluno-1423,,11.0,Masculino,2024,Pública,6.403450000000001,Agata,,,,4.0,8.502,5.3125,7.51,5.75,6.5425,5.0,,4.0,7.5,,,,Fase 2 (5° e 6° ano),-1,,,,2024,7.8125,EE João Ortiz Rodrigues,Cursando,Completo,1.0
RA-733,1J,1J,Aluno-733,,10.0,Feminino,2022,Pública,8.808825,Topázio,,,,4.0,10.002,10.0,7.51,9.25,9.085,5.0,,9.0,9.5,,,,Fase 2 (5° e 6° ano),-1,,,,2024,8.90625,EM Pedro Antonio de Almeida,Cursando,Completo,1.0
RA-836,1J,1J,Aluno-836,,11.0,Masculino,2022,Pública,6.0234537878,Agata,,,,4.0,9.502,6.439393939,7.51,2.75,6.25,5.0,,5.5,0.0,,,,Fase 2 (5° e 6° ano),-1,,,,2024,7.34375,EE João Ortiz Rodrigues,Cursando,Completo,1.0
RA-1424,1J,1J,Aluno-1424,,12.0,Feminino,2024,Pública,7.5543388889,Ametista,,,,4.0,9.002,8.9444444445,7.51,7.25,6.915,5.0,,7.5,7.0,,,,Fase 2 (5° e 6° ano),-1,,,,2024,7.8125,EE João Ortiz Rodrigues,Cursando,Completo,1.0
RA-1425,1J,1J,Aluno-1425,,12.0,Masculino,2024,Pública,6.8290988095000005,Agata,,,,4.0,9.002,6.7976190475,7.51,7.0,5.92,5.0,,6.0,8.0,,,,Fase 2 (5° e 6° ano),-1,,,,2024,7.34375,EE João Ortiz Rodrigues,Cursando,Completo,1.0
RA-1426,1J,1J,Aluno-1426,,11.0,Feminino,2023,Pública,5.8367476190000005,Quartzo,,,,4.0,9.502,5.845238095,7.51,2.75,5.8325,5.0,,5.5,0.0,,,,Fase 2 (5° e 6° ano),-1,,,,2024,7.5,EE Leonice de Aquino Oliveira,Cursando,Completo,1.0
RA-716,1J,1J,Aluno-716,,11.0,Masculino,2022,Pública,6.2372943675000005,Agata,,,,4.0,9.002,5.5335968375,7.51,5.75,5.7875,5.0,,5.5,6.0,,,,Fase 2 (5° e 6° ano),-1,,,,2024,6.71875,EE João Ortiz Rodrigues,Cursando,Completo,1.0
RA-1049,1J,1J,Aluno-1049,,11.0,Masculino,2023,Pública,6.821885606,Agata,,,,4.0,9.502,8.03030303,7.51,4.5,6.745,5.0,,4.0,5.0,,,,Fase 2 (5° e 6° ano),-1,,,,2024,7.65625,EE João Ortiz Rodrigues,Cursando,Completo,1.0
RA-1427,1J,1J,Aluno-1427,,11.0,Feminino,2024,Pública,8.425325,Topázio,,,,4.0,9.502,10.0,7.51,8.0,8.6675,5.0,,6.5,9.5,,,,Fase 2 (5° e 6° ano),-1,,,,2024,8.90625,EM Maria Ignez Concelles Irma Ines,Cursando,Completo,1.0
RA-1052,1J,1J,Aluno-1052,,10.0,Masculino,2023,Pública,7.744032575800001,Ametista,,,,4.0,5.834,9.128787879,6.26,8.25,8.4975,5.0,,8.5,8.0,,,,Fase 2 (5° e 6° ano),-1,,,,2024,8.59375,EM Maria Ignez Concelles Irma Ines,Cursando,Completo,1.0
RA-719,1J,1J,Aluno-719,,12.0,Masculino,2021,Pública,7.1193969697,Ametista,,,,4.0,10.002,7.3484848485,7.51,6.5,6.7425,5.0,,5.0,8.0,,,,Fase 2 (5° e 6° ano),-1,,,,2024,7.5,EE João Ortiz Rodrigues,Cursando,Completo,1.0
RA-1055,1J,1J,Aluno-1055,,12.0,Masculino,2023,Pública,6.403040909100001,Agata,,,,4.0,10.002,5.7954545455,7.51,5.5,5.87,5.0,,4.0,7.0,,,,Fase 3 (7° e 8° ano),-2,,,,2024,7.1875,EE Loris Nassif Mattar Profa,Cursando,Completo,1.0
RA-747,1K,1K,Aluno-747,,12.0,Feminino,2022,Pública,5.8450809523,Quartzo,,,,2.0,10.002,8.095238095,5.005,2.25,5.335,5.0,,4.5,0.0,,,,Fase 3 (7° e 8° ano),-2,,,,2024,7.083333333,EM Cecilia Cristina de Oliveira Rodrigues,Cursando,Completo,1.0
RA-928,1K,1K,Aluno-928,,9.0,Feminino,2023,Pública,8.8733666667,Topázio,,,,2.0,8.002,10.0,7.51,8.75,8.59,10.0,,8.5,9.0,,,,Fase 1 (3° e 4° ano),0,,,,2024,8.541666667,EM Amanda Consuelo da Cunha,Cursando,Completo,1.0
RA-748,1K,1K,Aluno-748,,11.0,Masculino,2021,Pública,8.2272,Topázio,,,,2.0,9.502,10.0,7.51,7.75,8.005,5.0,,7.5,8.0,,,,Fase 2 (5° e 6° ano),-1,,,,2024,8.75,EE Maria André Schunck Dona,Cursando,Completo,1.0
RA-769,1K,1K,Aluno-769,,11.0,Feminino,2022,Pública,7.099342857200002,Ametista,,,,2.0,10.002,5.9523809525,7.51,6.0,8.33,5.0,,6.0,6.0,,,,Fase 2 (5° e 6° ano),-1,,,,2024,7.916666667,EM Cecilia Cristina de Oliveira Rodrigues,Cursando,Completo,1.0
RA-876,1K,1K,Aluno-876,,9.0,Masculino,2023,Pública,7.612057142800001,Ametista,,,,2.0,8.502,9.0476190475,7.51,3.75,8.09,10.0,,7.5,0.0,,,,Fase 1 (3° e 4° ano),0,,,,2024,8.333333333,EM Etelvina Delfim Simões,Cursando,Completo,1.0
RA-776,1K,1K,Aluno-776,,11.0,Feminino,2022,Pública,5.178509523800001,Quartzo,,,,2.0,7.917,5.9523809525,5.63,0.0,6.5,5.0,,0.0,0.0,,,,Fase 2 (5° e 6° ano),-1,,,,2024,8.333333333,EM Cecilia Cristina de Oliveira Rodrigues,Cursando,Completo,1.0
RA-753,1K,1K,Aluno-753,,10.0,Feminino,2022,Pública,8.2450571429,Topázio,,,,2.0,10.002,9.047619048,7.51,8.5,8.255,5.0,,9.0,8.0,,,,Fase 2 (5° e 6° ano),-1,,,,2024,8.333333333,EE Jardim Campestre,Cursando,Completo,1.0
RA-601,1K,1K,Aluno-601,,10.0,Masculino,2021,Pública,8.5107,Topázio,,,,2.0,9.502,10.0,7.505,8.75,8.425,5.0,,9.5,8.0,,,,Fase 2 (5° e 6° ano),-1,,,,2024,8.75,EE Helio Luiz Dobrochinski Prof,Cursando,Completo,1.0
RA-955,1K,1K,Aluno-955,,11.0,Feminino,2023,Pública,6.245452381,Agata,,,,2.0,0.0,6.904761905,7.51,5.75,8.255,5.0,,6.5,5.0,,,,Fase 2 (5° e 6° ano),-1,,,,2024,8.125,EE Maria André Schunck Dona,Cursando,Completo,1.0
RA-831,1K,1K,Aluno-831,,10.0,Masculino,2022,Pública,8.0066285715,Topázio,,,,2.0,10.002,9.523809524,6.26,7.75,8.17,5.0,,6.5,9.0,,,,Fase 2 (5° e 6° ano),-1,,,,2024,7.916666667,EM Cecilia Cristina de Oliveira Rodrigues,Cursando,Completo,1.0
RA-1067,1K,1K,Aluno-1067,,11.0,Masculino,2023,Pública,7.840033333300001,Ametista,,,,2.0,10.002,8.333333332999999,7.51,6.75,8.59,5.0,,6.5,7.0,,,,Fase 2 (5° e 6° ano),-1,,,,2024,8.541666667,EM Cecilia Cristina de Oliveira Rodrigues,Cursando,Completo,1.0
RA-1058,1K,1K,Aluno-1058,,10.0,Feminino,2023,Pública,7.703347619,Ametista,,,,2.0,9.168,8.095238095,6.88,7.75,8.085,5.0,,7.5,8.0,,,,Fase 2 (5° e 6° ano),-1,,,,2024,8.125,EE Helio Luiz Dobrochinski Prof,Cursando,Completo,1.0
RA-757,1K,1K,Aluno-757,,11.0,Feminino,2022,Pública,7.938842857200001,Ametista,,,,2.0,9.502,9.285714286000001,7.51,7.0,8.34,5.0,,6.5,7.5,,,,Fase 2 (5° e 6° ano),-1,,,,2024,8.125,EE Maria André Schunck Dona,Cursando,Completo,1.0
RA-794,1K,1K,Aluno-794,,10.0,Feminino,2022,Pública,7.145652380900001,Ametista,,,,2.0,9.502,6.9047619045,7.51,3.0,8.255,10.0,,6.0,0.0,,,,Fase 1 (3° e 4° ano),0,,,,2024,8.125,EE Helio Luiz Dobrochinski Prof,Cursando,Completo,1.0
RA-960,1K,1K,Aluno-960,,11.0,Masculino,2023,Pública,5.286047619,Quartzo,,,,2.0,0.0,8.095238095,7.51,3.0,5.33,5.0,,6.0,0.0,,,,Fase 2 (5° e 6° ano),-1,,,,2024,7.5,EM Cecilia Cristina de Oliveira Rodrigues,Cursando,Completo,1.0
RA-587,1L,1L,Aluno-587,,12.0,Masculino,2022,Pública,6.817057142900001,Agata,,,,2.0,9.002,7.380952381,7.51,6.25,5.74,5.0,,6.5,6.0,,,,Fase 3 (7° e 8° ano),-2,,,,2024,7.916666667,EM Cecilia Cristina de Oliveira Rodrigues,Cursando,Completo,1.0
RA-826,1L,1L,Aluno-826,,10.0,Masculino,2022,Pública,7.9442,Ametista,,,,2.0,10.002,10.0,6.26,6.75,8.59,5.0,,5.5,8.0,,,,Fase 2 (5° e 6° ano),-1,,,,2024,7.5,EM Cecilia Cristina de Oliveira Rodrigues,Cursando,Completo,1.0
RA-789,1L,1L,Aluno-789,,9.0,Feminino,2022,Pública,8.0443904763,Topázio,,,,2.0,9.002,9.047619048,7.51,5.25,8.085,10.0,,5.5,5.0,,,,Fase 1 (3° e 4° ano),0,,,,2024,9.166666667,EE Helio Luiz Dobrochinski Prof,Cursando,Completo,1.0
RA-1056,1L,1L,Aluno-1056,,10.0,Masculino,2023,Pública,8.192009523800001,Topázio,,,,2.0,8.502,9.2857142855,7.51,8.25,8.335,5.0,,8.5,8.0,,,,Fase 2 (5° e 6° ano),-1,,,,2024,9.166666667,EM Amanda Consuelo da Cunha,Cursando,Completo,1.0
RA-1428,1L,1L,Aluno-1428,,10.0,Masculino,2024,Pública,8.006108496800001,Topázio,,,,2.0,8.502,8.8562091505,7.51,8.0,8.085,5.0,,7.0,9.0,,,,Fase 2 (5° e 6° ano),-1,,,,2024,9.166666667,EM Cecilia Cristina de Oliveira Rodrigues,Cursando,Completo,1.0
RA-830,1L,1L,Aluno-830,,11.0,Feminino,2022,Pública,7.1373428571,Ametista,,,,2.0,9.002,7.619047619,5.63,6.75,7.335,5.0,,6.5,7.0,,,,Fase 2 (5° e 6° ano),-1,,,,2024,8.333333333,EM Cecilia Cristina de Oliveira Rodrigues,Cursando,Completo,1.0
RA-780,1L,1L,Aluno-780,,11.0,Feminino,2022,Pública,7.7430333333,Ametista,,,,2.0,9.502,10.0,5.63,6.0,8.17,5.0,,6.0,6.0,,,,Fase 2 (5° e 6° ano),-1,,,,2024,8.958333333,EM Cecilia Cristina de Oliveira Rodrigues,Cursando,Completo,1.0
RA-1057,1L,1L,Aluno-1057,,10.0,Feminino,2023,Pública,8.2352,Topázio,,,,2.0,10.002,10.0,6.26,8.0,8.17,5.0,,8.0,8.0,,,,Fase 2 (5° e 6° ano),-1,,,,2024,8.75,EE Helio Luiz Dobrochinski Prof,Cursando,Completo,1.0
RA-1062,1L,1L,Aluno-1062,,10.0,Masculino,2023,Pública,7.6147238096,Ametista,,,,2.0,8.002,9.047619048,5.63,7.25,8.085,5.0,,6.5,8.0,,,,Fase 2 (5° e 6° ano),-1,,,,2024,8.75,EM Alfredo Schunk,Cursando,Completo,1.0
RA-1429,1L,1L,Aluno-1429,,11.0,Masculino,2024,Pública,8.041811111100001,Topázio,,,,2.0,9.502,8.888888889,7.51,7.75,8.085,5.0,,8.5,7.0,,,,Fase 2 (5° e 6° ano),-1,,,,2024,8.958333333,EE Helio Luiz Dobrochinski Prof,Cursando,Completo,1.0
RA-1430,1L,1L,Aluno-1430,,11.0,Masculino,2024,Pública,7.864033333300001,Ametista,,,,2.0,8.502,10.0,7.51,6.25,8.085,5.0,,6.0,6.5,,,,Fase 2 (5° e 6° ano),-1,,,,2024,8.958333333,EE Helio Luiz Dobrochinski Prof,Cursando,Completo,1.0
RA-767,1L,1L,Aluno-767,,12.0,Masculino,2021,Pública,8.131890476200002,Topázio,,,,2.0,9.502,9.0476190475,7.51,8.25,8.085,5.0,,8.5,8.0,,,,Fase 3 (7° e 8° ano),-2,,,,2024,8.541666667,EM Cecilia Cristina de Oliveira Rodrigues,Cursando,Completo,1.0
RA-943,1L,1L,Aluno-943,,9.0,Feminino,2023,Pública,8.965033333300001,Topázio,,,,2.0,10.002,10.0,7.51,8.0,8.59,10.0,,7.0,9.0,,,,Fase 1 (3° e 4° ano),0,,,,2024,8.958333333,EM Amanda Consuelo da Cunha,Cursando,Completo,1.0
RA-782,1L,1L,Aluno-782,,10.0,Masculino,2022,Pública,8.1896285714,Topázio,,,,2.0,9.502,7.8571428569999995,7.51,7.75,8.085,10.0,,7.5,8.0,,,,Fase 1 (3° e 4° ano),0,,,,2024,7.5,EM Amanda Consuelo da Cunha,Cursando,Completo,1.0
RA-795,1L,1L,Aluno-795,,10.0,Feminino,2022,Pública,8.441414285700002,Topázio,,,,2.0,9.502,9.761904762,6.26,9.5,8.085,5.0,,10.0,9.0,,,,Fase 2 (5° e 6° ano),-1,,,,2024,8.958333333,EE Helio Luiz Dobrochinski Prof,Cursando,Completo,1.0
RA-1431,1M,1M,Aluno-1431,,11.0,Feminino,2024,Pública,7.9147292443,Ametista,,,,2.0,9.002,7.7432712215,7.51,8.0,9.09,5.0,,8.0,8.0,,,,Fase 2 (5° e 6° ano),-1,,,,2024,7.96875,EE Neide Celestina de Oliveira,Cursando,Completo,1.0
RA-1432,1M,1M,Aluno-1432,,10.0,Feminino,2024,Pública,8.774075000000002,Topázio,,,,2.0,10.002,10.0,7.51,9.5,8.505,5.0,,10.0,9.0,,,,Fase 2 (5° e 6° ano),-1,,,,2024,9.21875,EE Jardim Campestre,Cursando,Completo,1.0
RA-1433,1M,1M,Aluno-1433,,10.0,Feminino,2024,Pública,8.1939895962,Topázio,,,,2.0,8.502,9.068322981,7.51,8.75,8.505,5.0,,8.0,9.5,,,,Fase 2 (5° e 6° ano),-1,,,,2024,8.28125,EE Jardim Campestre,Cursando,Completo,1.0
RA-1434,1M,1M,Aluno-1434,,10.0,Masculino,2024,Pública,8.2775982919,Topázio,,,,2.0,8.502,7.9813664595,6.26,9.0,9.76,5.0,,10.0,8.0,,,,Fase 2 (5° e 6° ano),-1,,,,2024,9.53125,EE Jardim Campestre,Cursando,Completo,1.0
RA-958,1M,1M,Aluno-958,,9.0,Feminino,2023,Pública,9.531325,Topázio,,,,2.0,10.002,10.0,6.26,10.0,9.76,10.0,,10.0,10.0,,,,Fase 1 (3° e 4° ano),0,,,,2024,9.53125,EE Jardim Campestre,Cursando,Completo,1.0
RA-961,1M,1M,Aluno-961,,10.0,Masculino,2023,Pública,6.529417908900001,Agata,,,,2.0,9.002,8.8923395445,6.26,5.5,5.155,5.0,,6.0,5.0,,,,Fase 2 (5° e 6° ano),-1,,,,2024,5.9375,EM Alfredo Schunk,Cursando,Completo,1.0
RA-1435,1M,1M,Aluno-1435,,10.0,Masculino,2024,Pública,7.7196166667,Ametista,,,,2.0,9.502,7.833333333500001,7.51,7.5,6.165,10.0,,7.5,7.5,,,,Fase 1 (3° e 4° ano),0,,,,2024,7.1875,EE Jardim Campestre,Cursando,Completo,1.0
RA-755,1M,1M,Aluno-755,,10.0,Masculino,2022,Pública,8.925450000000001,Topázio,,,,2.0,10.002,10.0,7.51,9.75,9.09,5.0,,10.0,9.5,,,,Fase 2 (5° e 6° ano),-1,,,,2024,9.0625,EE Jardim Campestre,Cursando,Completo,1.0
RA-1436,1M,1M,Aluno-1436,,11.0,Feminino,2024,Pública,7.589914648100001,Ametista,,,,2.0,7.418,8.674948240500001,7.51,8.0,7.17,5.0,,8.0,8.0,,,,Fase 2 (5° e 6° ano),-1,,,,2024,8.28125,EM Alfredo Schunk,Cursando,Completo,1.0
RA-1437,1M,1M,Aluno-1437,,11.0,Feminino,2024,Pública,7.982890217400001,Ametista,,,,2.0,8.502,9.347826087,7.51,8.0,7.92,5.0,,8.0,8.0,,,,Fase 2 (5° e 6° ano),-1,,,,2024,8.28125,EM Cecilia Cristina de Oliveira Rodrigues,Cursando,Completo,1.0
RA-1438,1M,1M,Aluno-1438,,10.0,Feminino,2024,Pública,8.176825000000001,Topázio,,,,2.0,10.002,9.0,7.51,7.0,9.175,5.0,,6.0,8.0,,,,Fase 2 (5° e 6° ano),-1,,,,2024,8.90625,EM Bairro Lagoa Grande,Cursando,Completo,1.0
RA-1439,1M,1M,Aluno-1439,,11.0,Feminino,2024,Pública,8.507700000000002,Topázio,,,,2.0,7.502,10.0,7.51,8.5,9.345,5.0,,9.0,8.0,,,,Fase 2 (5° e 6° ano),-1,,,,2024,9.375,EE Jardim Campestre,Cursando,Completo,1.0
RA-1440,1M,1M,Aluno-1440,,10.0,Feminino,2024,Pública,7.469102691500001,Ametista,,,,2.0,9.002,9.544513457499999,7.51,4.5,8.17,5.0,,9.0,0.0,,,,Fase 2 (5° e 6° ano),-1,,,,2024,8.75,EE Helio Luiz Dobrochinski Prof,Cursando,Completo,1.0
RA-1441,1M,1M,Aluno-1441,,9.0,Masculino,2024,Pública,8.961646169800002,Topázio,,,,2.0,9.502,9.109730849,7.51,8.5,9.005,10.0,,9.0,8.0,,,,Fase 1 (3° e 4° ano),0,,,,2024,9.375,EE Jardim Campestre,Cursando,Completo,1.0
RA-1442,1M,1M,Aluno-1442,,13.0,Masculino,2024,Pública,7.135189648100001,Ametista,,,,2.0,8.002,8.674948240500001,7.51,7.25,5.745,5.0,,8.5,6.0,,,,Fase 3 (7° e 8° ano),-2,,,,2024,7.5,EM Cecilia Cristina de Oliveira Rodrigues,Cursando,Completo,1.0
RA-1443,1N,1N,Aluno-1443,,13.0,Feminino,2024,Pública,6.921633333300001,Agata,,,,2.0,6.918,7.5,6.26,6.75,7.415,5.0,,6.5,7.0,,,,Fase 3 (7° e 8° ano),-2,,,,2024,7.708333333,EE Donizetti Aparecido Leite Professor,Cursando,Completo,1.0
RA-1444,1N,1N,Aluno-1444,,11.0,Masculino,2024,Pública,6.610588888900001,Agata,,,,2.0,8.502,5.277777778,7.51,6.0,7.415,5.0,,8.0,4.0,,,,Fase 2 (5° e 6° ano),-1,,,,2024,7.708333333,EE Donizetti Aparecido Leite Professor,Cursando,Completo,1.0
RA-956,1N,1N,Aluno-956,,12.0,Masculino,2023,Pública,6.1175906455,Agata,,,,2.0,9.502,6.017786561,6.885,3.25,7.085,5.0,,6.5,0.0,,,,Fase 2 (5° e 6° ano),-1,,,,2024,7.083333333,Estuda em outra cidade,Cursando,Completo,1.0
RA-952,1N,1N,Aluno-952,,9.0,Masculino,2023,Pública,8.853624242300002,Topázio,,,,2.0,9.502,9.545454545,6.26,8.5,9.175,10.0,,8.0,9.0,,,,Fase 1 (3° e 4° ano),0,,,,2024,8.333333333,EE Helio Luiz Dobrochinski Prof,Cursando,Completo,1.0
RA-939,1N,1N,Aluno-939,,12.0,Feminino,2023,Pública,7.051379841899999,Ametista,,,,2.0,9.002,8.8833992095,5.63,5.0,7.495,5.0,,6.0,4.0,,,,Fase 2 (5° e 6° ano),-1,,,,2024,8.125,EE Donizetti Aparecido Leite Professor,Cursando,Completo,1.0
RA-953,1N,1N,Aluno-953,,9.0,Feminino,2023,Pública,7.961241502000001,Ametista,,,,2.0,9.002,6.85770751,6.26,8.5,7.755,10.0,,8.0,9.0,,,,Fase 1 (3° e 4° ano),0,,,,2024,8.125,EE Helio Luiz Dobrochinski Prof,Cursando,Completo,1.0
RA-954,1N,1N,Aluno-954,,9.0,Feminino,2023,Pública,8.2823798419,Topázio,,,,2.0,9.502,8.8833992095,6.26,7.75,7.835,10.0,,6.5,9.0,,,,Fase 1 (3° e 4° ano),0,,,,2024,8.125,EM Cecilia Cristina de Oliveira Rodrigues,Cursando,Completo,1.0
RA-792,1N,1N,Aluno-792,,11.0,Feminino,2022,Pública,6.036012253,Agata,,,,2.0,8.502,5.2865612650000005,7.51,3.25,7.075,5.0,,6.5,0.0,,,,Fase 2 (5° e 6° ano),-1,,,,2024,8.125,EE Donizetti Aparecido Leite Professor,Cursando,Completo,1.0
RA-1000,1N,1N,Aluno-1000,,9.0,Feminino,2023,Pública,8.364790909100002,Topázio,,,,2.0,9.002,9.5454545455,6.26,7.75,7.835,10.0,,7.5,8.0,,,,Fase 1 (3° e 4° ano),0,,,,2024,8.125,EE Helio Luiz Dobrochinski Prof,Cursando,Completo,1.0
RA-763,1N,1N,Aluno-763,,11.0,Feminino,2021,Pública,6.984760606,Agata,,,,2.0,9.002,8.8636363635,6.26,5.25,6.825,5.0,,6.5,4.0,,,,Fase 2 (5° e 6° ano),-1,,,,2024,7.708333333,EE Donizetti Aparecido Leite Professor,Cursando,Completo,1.0
RA-1001,1N,1N,Aluno-1001,,10.0,Feminino,2023,Pública,7.7964318841,Ametista,,,,2.0,7.502,9.347826087,7.51,7.75,7.92,5.0,,6.5,9.0,,,,Fase 2 (5° e 6° ano),-1,,,,2024,7.916666667,EE Helio Luiz Dobrochinski Prof,Cursando,Completo,1.0
RA-1445,1N,1N,Aluno-1445,,10.0,Feminino,2024,Pública,7.842866666700001,Ametista,,,,2.0,9.502,9.5,7.51,7.25,7.5,5.0,,6.5,8.0,,,,Fase 2 (5° e 6° ano),-1,,,,2024,7.916666667,EE Helio Luiz Dobrochinski Prof,Cursando,Completo,1.0
RA-1446,1N,1N,Aluno-1446,,9.0,Masculino,2024,Pública,5.9004061924,Quartzo,,,,2.0,8.002,6.6501976285,6.26,0.0,7.075,10.0,,0.0,0.0,,,,Fase 1 (3° e 4° ano),0,,,,2024,7.291666667,EM Cecilia Cristina de Oliveira Rodrigues,Cursando,Completo,1.0
RA-768,1N,1N,Aluno-768,,12.0,Feminino,2021,Pública,7.0345379447,Ametista,,,,2.0,9.002,7.9841897235,6.26,5.5,7.495,5.0,,6.0,5.0,,,,Fase 2 (5° e 6° ano),-1,,,,2024,8.125,EE Donizetti Aparecido Leite Professor,Cursando,Completo,1.0
RA-1447,1N,1N,Aluno-1447,,11.0,Feminino,2024,Pública,7.5402350878,Ametista,,,,2.0,9.502,9.7368421055,7.51,5.25,7.75,5.0,,6.5,4.0,,,,Fase 2 (5° e 6° ano),-1,,,,2024,7.916666667,EE Donizetti Aparecido Leite Professor,Cursando,Completo,1.0
RA-980,1P,1P,Aluno-980,,9.0,Feminino,2023,Pública,7.946388311600001,Ametista,,,,4.0,9.002,9.058441558,7.51,6.25,7.4175,10.0,,6.5,6.0,,,,Fase 1 (3° e 4° ano),0,,,,2024,7.5,EE Luiz Schunck,Cursando,Completo,1.0
RA-982,1P,1P,Aluno-982,,8.0,Masculino,2023,Pública,8.119860173100001,Topázio,,,,4.0,10.002,8.365800865499999,7.51,8.25,6.79,10.0,,6.5,10.0,,,,Fase 1 (3° e 4° ano),0,,,,2024,6.875,EE Luiz Schunck,Cursando,Completo,1.0
RA-1448,1P,1P,Aluno-1448,,13.0,Feminino,2024,Pública,7.466126406900001,Ametista,,,,4.0,9.002,9.5346320345,7.51,6.0,7.29,5.0,,6.0,6.0,,,,Fase 3 (7° e 8° ano),-2,,,,2024,7.5,EE Donizetti Aparecido Leite Professor,Cursando,Completo,1.0
RA-1070,1P,1P,Aluno-1070,,12.0,Masculino,2023,Pública,6.287171861500001,Agata,,,,4.0,9.002,9.3073593075,5.635,2.25,6.6225,5.0,,4.5,0.0,,,,Fase 2 (5° e 6° ano),-1,,,,2024,6.875,EE Donizetti Aparecido Leite Professor,Cursando,Completo,1.0
RA-985,1P,1P,Aluno-985,,9.0,Masculino,2023,Pública,8.2432,Topázio,,,,4.0,8.502,10.0,6.26,7.5,7.585,10.0,,8.0,7.0,,,,Fase 1 (3° e 4° ano),0,,,,2024,7.5,EE Helio Luiz Dobrochinski Prof,Cursando,Completo,1.0
RA-986,1P,1P,Aluno-986,,9.0,Feminino,2023,Pública,8.2603406926,Topázio,,,,4.0,10.002,9.2965367965,6.26,8.5,6.8325,10.0,,7.5,9.5,,,,Fase 1 (3° e 4° ano),0,,,,2024,7.083333333,EE Luiz Schunck,Cursando,Completo,1.0
RA-810,1P,1P,Aluno-810,,10.0,Masculino,2021,Pública,7.704770175400001,Ametista,,,,4.0,7.502,9.4736842105,5.635,9.0,7.7525,5.0,,8.0,10.0,,,,Fase 2 (5° e 6° ano),-1,,,,2024,6.458333333,EE Helio Luiz Dobrochinski Prof,Cursando,Completo,1.0
RA-987,1P,1P,Aluno-987,,9.0,Masculino,2023,Pública,8.3028861472,Topázio,,,,4.0,9.002,9.0692640695,7.51,7.5,7.835,10.0,,8.0,7.0,,,,Fase 1 (3° e 4° ano),0,,,,2024,7.708333333,EE Luiz Schunck,Cursando,Completo,1.0
RA-988,1P,1P,Aluno-988,,10.0,Feminino,2023,Pública,8.1765333333,Topázio,,,,4.0,9.502,10.0,7.51,7.75,7.96,5.0,,6.5,9.0,,,,Fase 2 (5° e 6° ano),-1,,,,2024,8.333333333,EE Helio Luiz Dobrochinski Prof,Cursando,Completo,1.0
RA-805,1R,1R,Aluno-805,,10.0,Masculino,2021,Pública,6.9375869048,Agata,,,,4.0,8.502,9.523809524,4.38,6.0,6.7075,5.0,,7.0,5.0,,,,Fase 2 (5° e 6° ano),-1,,,,2024,7.03125,EE Luiz Schunck,Cursando,Completo,1.0
RA-806,1R,1R,Aluno-806,,10.0,Masculino,2022,Pública,6.972777380900001,Agata,,,,4.0,8.502,6.9047619045,7.51,6.75,6.875,5.0,,6.5,7.0,,,,Fase 2 (5° e 6° ano),-1,,,,2024,7.65625,EE Luiz Schunck,Cursando,Completo,1.0
RA-807,1R,1R,Aluno-807,,10.0,Masculino,2022,Pública,7.797628571400001,Ametista,,,,4.0,9.002,7.8571428569999995,7.51,7.0,7.125,10.0,,6.0,8.0,,,,Fase 1 (3° e 4° ano),0,,,,2024,7.5,EE Luiz Schunck,Cursando,Completo,1.0
RA-808,1R,1R,Aluno-808,,10.0,Masculino,2022,Pública,8.7897,Topázio,,,,4.0,9.002,10.0,7.51,8.75,7.88,10.0,,7.5,10.0,,,,Fase 1 (3° e 4° ano),0,,,,2024,8.125,EE Luiz Schunck,Cursando,Completo,1.0
RA-963,1R,1R,Aluno-963,,10.0,Feminino,2023,Pública,8.375080952400001,Topázio,,,,4.0,7.502,9.761904762,7.51,7.5,8.045,10.0,,5.0,10.0,,,,Fase 1 (3° e 4° ano),0,,,,2024,8.125,EE Helio Luiz Dobrochinski Prof,Cursando,Completo,1.0
RA-989,1R,1R,Aluno-989,,10.0,Masculino,2023,Pública,7.3743785714,Ametista,,,,4.0,9.502,7.8571428569999995,6.26,6.0,6.54,10.0,,6.0,6.0,,,,Fase 1 (3° e 4° ano),0,,,,2024,7.1875,EE Luiz Schunck,Cursando,Completo,1.0
RA-964,1R,1R,Aluno-964,,10.0,Masculino,2023,Pública,7.548241666600001,Ametista,,,,4.0,9.502,8.333333332999999,7.51,7.25,7.1675,5.0,,7.5,7.0,,,,Fase 2 (5° e 6° ano),-1,,,,2024,7.96875,EM Juvenal Coutinho,Cursando,Completo,1.0
RA-1449,1R,1R,Aluno-1449,,10.0,Feminino,2024,Pública,7.214341666700001,Ametista,,,,4.0,7.418,8.3333333335,7.51,6.75,7.04,5.0,,6.5,7.0,,,,Fase 2 (5° e 6° ano),-1,,,,2024,7.96875,EE Luiz Schunck,Cursando,Completo,1.0
RA-801,1R,1R,Aluno-801,,10.0,Masculino,2022,Pública,6.6752,Agata,,,,4.0,9.002,5.75,7.51,8.0,5.745,5.0,,7.0,9.0,,,,Fase 2 (5° e 6° ano),-1,,,,2024,6.25,EE Luiz Schunck,Cursando,Completo,1.0
RA-1450,1R,1R,Aluno-1450,,9.0,Masculino,2024,Pública,7.405235714200002,Ametista,,,,4.0,9.502,8.571428571,7.51,3.5,7.5425,10.0,,0.0,7.0,,,,Fase 1 (3° e 4° ano),0,,,,2024,7.8125,EE Helio Luiz Dobrochinski Prof,Cursando,Completo,1.0
RA-984,1R,1R,Aluno-984,,9.0,Feminino,2023,Pública,8.475080952400003,Topázio,,,,4.0,9.502,9.761904762,7.51,7.0,8.045,10.0,,7.5,6.5,,,,Fase 1 (3° e 4° ano),0,,,,2024,8.125,EE Luiz Schunck,Cursando,Completo,1.0
RA-1451,1R,1R,Aluno-1451,,11.0,Feminino,2024,Pública,7.560479761900002,Ametista,,,,4.0,10.002,8.8095238095,7.51,6.0,7.7525,5.0,,6.0,6.0,,,,Fase 2 (5° e 6° ano),-1,,,,2024,7.96875,EE Luiz Schunck,Cursando,Completo,1.0
RA-967,1R,1R,Aluno-967,,11.0,Masculino,2023,Pública,5.442610714300001,Quartzo,,,,4.0,9.502,3.5714285715,7.51,4.75,4.995,5.0,,3.5,6.0,,,,Fase 2 (5° e 6° ano),-1,,,,2024,5.78125,EE Luiz Schunck,Cursando,Completo,1.0
RA-968,1R,1R,Aluno-968,,10.0,Feminino,2023,Pública,7.8403547619000005,Ametista,,,,4.0,9.002,8.8095238095,7.51,7.75,7.6675,5.0,,8.5,7.0,,,,Fase 2 (5° e 6° ano),-1,,,,2024,8.4375,EE Luiz Schunck,Cursando,Completo,1.0
RA-521,2A,2A,Aluno-521,,11.0,Masculino,2022,Privada,7.4798428571999995,Ametista,,,,3.0,8.002,9.0357142855,5.005,6.25,7.276666667,10.0,,7.0,5.5,,,,Fase 2 (5° e 6° ano),0,,,,2024,6.666666667,Colégio Nogueira e Sonho de Criança,Cursando,Completo,2.0
RA-821,2A,2A,Aluno-821,,11.0,Masculino,2022,Pública,6.643866666600001,Agata,,,,3.0,8.502,5.9166666665,7.51,4.25,6.713333333,10.0,,4.5,4.0,,,,Fase 2 (5° e 6° ano),0,,,,2024,6.666666667,EE Mario Francisco de Amorim,Cursando,Completo,2.0
RA-1075,2A,2A,Aluno-1075,,13.0,Feminino,2023,Pública,6.8100812324,Agata,,,,3.0,7.5,8.5154061625,3.755,6.0,7.553333333,5.0,,5.0,7.0,,,,Fase 3 (7° e 8° ano),-1,,,,2024,7.708333333,EE Leonice de Aquino Oliveira,Cursando,Completo,2.0
RA-1048,2A,2A,Aluno-1048,,11.0,Feminino,2023,Privada,7.5198666666000005,Ametista,,,,3.0,8.502,6.833333333500001,6.255,6.25,8.283333333,10.0,,6.5,6.0,,,,Fase 1 (3° e 4° ano),1,,,,2024,7.708333333,Estuda em outra cidade,Cursando,Completo,2.0
RA-1082,2A,2A,Aluno-1082,,13.0,Feminino,2023,Pública,6.6114857142,Agata,,,,3.0,7.502,7.5714285715,10.0,3.75,6.943333333,5.0,,2.0,5.5,,,,Fase 3 (7° e 8° ano),-1,,,,2024,7.083333333,EE Leonice de Aquino Oliveira,Cursando,Completo,2.0
RA-680,2A,2A,Aluno-680,,12.0,Feminino,2021,Pública,4.9800714287000005,Quartzo,,,,3.0,0.0,6.6428571430000005,5.635,3.0,6.606666667,5.0,,2.5,3.5,,,,Fase 3 (7° e 8° ano),-1,,,,2024,6.666666667,EE Leonice de Aquino Oliveira,Cursando,Completo,2.0
RA-698,2A,2A,Aluno-698,,10.0,Masculino,2021,Pública,7.3363190476,Ametista,,,,3.0,9.002,8.3214285715,6.88,4.5,7.273333333,10.0,,3.0,6.0,,,,Fase 2 (5° e 6° ano),0,,,,2024,7.291666667,EE Dom Pedro Villas Boas de Souza,Cursando,Completo,2.0
RA-1452,2A,2A,Aluno-1452,,12.0,Masculino,2024,Pública,8.6268666667,Topázio,,,,3.0,9.002,10.0,7.51,7.75,8.17,10.0,,7.0,8.5,,,,Fase 2 (5° e 6° ano),0,,,,2024,7.916666667,EE Leonice de Aquino Oliveira,Cursando,Completo,2.0
RA-1453,2A,2A,Aluno-1453,,12.0,Feminino,2021,Pública,7.1234857143,Ametista,,,,3.0,8.502,7.8214285715,6.25,6.5,7.67,5.0,,4.5,8.5,,,,Fase 3 (7° e 8° ano),-1,,,,2024,7.5,EE Leonice de Aquino Oliveira,Cursando,Completo,2.0
RA-1454,2A,2A,Aluno-1454,,10.0,Feminino,2023,Pública,7.7042238095,Ametista,,,,3.0,8.002,5.880952381,7.51,7.75,8.28,10.0,,7.5,8.0,,,,Fase 2 (5° e 6° ano),0,,,,2024,7.708333333,EE Dom Pedro Villas Boas de Souza,Cursando,Completo,2.0
RA-1455,2A,2A,Aluno-1455,,12.0,Feminino,2024,Pública,6.6442555555,Agata,,,,3.0,8.002,7.777777778,7.51,3.5,7.833333333,5.0,,,3.5,,,,Fase 3 (7° e 8° ano),-1,,,,2024,7.708333333,EE Maria André Schunck Dona,Cursando,Completo,2.0
RA-529,2A,2A,Aluno-529,,14.0,Masculino,2021,Pública,5.2661285715,Quartzo,,,,3.0,7.002,6.6071428569999995,4.38,4.25,4.886666667,5.0,,2.5,6.0,,,,Fase 3 (7° e 8° ano),-1,,,,2024,4.791666667,EE Leonice de Aquino Oliveira,Cursando,Completo,2.0
RA-1456,2A,2A,Aluno-1456,,11.0,Masculino,2024,Pública,8.492914285800001,Topázio,,,,3.0,9.502,9.511904762,7.51,7.75,7.946666667,10.0,,5.5,10.0,,,,Fase 2 (5° e 6° ano),0,,,,2024,7.5,EE Leonice de Aquino Oliveira,Cursando,Completo,2.0
RA-1015,2B,2B,Aluno-1015,,11.0,Feminino,2023,Pública,6.643252381000002,Agata,,,,3.0,7.918,7.8214285715,7.51,4.0,5.66,10.0,,2.0,6.0,,,,Fase 2 (5° e 6° ano),0,,,,2024,6.041666667,EE Alexandre Rodrigues Nogueira,Cursando,Completo,2.0
RA-483,2B,2B,Aluno-483,,13.0,Feminino,2021,Pública,6.578604762,Agata,,,,3.0,8.502,5.6428571430000005,6.26,5.25,8.056666667,5.0,,2.0,8.5,,,,Fase 3 (7° e 8° ano),-1,,,,2024,8.125,EE Mario Francisco de Amorim,Cursando,Completo,2.0
RA-497,2B,2B,Aluno-497,,15.0,Feminino,2021,Privada - Programa de apadrinhamento,4.4960809524,Quartzo,,,,3.0,7.502,6.095238095,5.63,1.0,3.506666667,5.0,,0.0,2.0,,,,Fase 3 (7° e 8° ano),-1,,,,2024,5.625,EE Mario Francisco de Amorim,Cursando,Completo,2.0
RA-1457,2B,2B,Aluno-1457,,12.0,Feminino,2024,Pública,6.0197761904,Agata,,,,3.0,3.498,8.0357142855,7.51,2.75,7.663333333,5.0,,2.5,3.0,,,,Fase 3 (7° e 8° ano),-1,,,,2024,7.291666667,EE Leonice de Aquino Oliveira,Cursando,Completo,2.0
RA-688,2B,2B,Aluno-688,,11.0,Masculino,2022,Pública,8.986533333300002,Topázio,,,,3.0,9.502,10.0,8.13,7.5,9.45,10.0,,6.0,9.0,,,,Fase 2 (5° e 6° ano),0,,,,2024,8.333333333,EE Dom Pedro Villas Boas de Souza,Cursando,Completo,2.0
RA-696,2B,2B,Aluno-696,,10.0,Feminino,2021,Pública,7.482680952299999,Ametista,,,,3.0,7.418,7.845238095,7.51,5.25,8.0,10.0,,5.0,5.5,,,,Fase 2 (5° e 6° ano),0,,,,2024,7.708333333,EE Dom Pedro Villas Boas de Souza,Cursando,Completo,2.0
RA-1458,2B,2B,Aluno-1458,,12.0,Feminino,2024,Pública,5.879073684200001,Quartzo,,,,3.0,8.751,7.280701754500001,7.51,3.25,5.213333333,5.0,,0.5,6.0,,,,Fase 3 (7° e 8° ano),-1,,,,2024,6.041666667,EE Alexandre Rodrigues Nogueira,Cursando,Completo,2.0
RA-1034,2B,2B,Aluno-1034,,11.0,Masculino,2023,Pública,8.0333666666,Topázio,,,,3.0,7.502,8.0833333335,7.51,7.5,8.223333333,10.0,,7.5,7.5,,,,Fase 2 (5° e 6° ano),0,,,,2024,7.708333333,EE Alexandre Rodrigues Nogueira,Cursando,Completo,2.0
RA-491,2B,2B,Aluno-491,,12.0,Masculino,2022,Pública,6.995247619100001,Agata,,,,3.0,7.502,9.011904762,7.51,5.25,7.166666667,5.0,,1.5,9.0,,,,Fase 3 (7° e 8° ano),-1,,,,2024,7.083333333,EE Mario Francisco de Amorim,Cursando,Completo,2.0
RA-1027,2B,2B,Aluno-1027,,11.0,Feminino,2023,Pública,8.220866666700001,Topázio,,,,3.0,9.502,10.0,7.51,5.25,8.39,10.0,,6.0,4.5,,,,Fase 2 (5° e 6° ano),0,,,,2024,7.916666667,EE Bairro Boa Vista,Cursando,Completo,2.0
RA-1023,2B,2B,Aluno-1023,,10.0,Feminino,2023,Pública,9.498580952300001,Topázio,,,,3.0,9.502,9.511904762,9.375,9.5,9.563333333,10.0,,9.0,10.0,,,,Fase 2 (5° e 6° ano),0,,,,2024,8.958333333,EE Dom Pedro Villas Boas de Souza,Cursando,Completo,2.0
RA-686,2C,2C,Aluno-686,,11.0,Feminino,2022,Pública,8.040259523700001,Topázio,,,,3.0,8.002,8.7857142855,6.885,7.25,7.503333333,10.0,,5.0,9.5,,,,Fase 2 (5° e 6° ano),0,,,,2024,8.4375,EE Joaquim Mendes Feliz,Cursando,Completo,2.0
RA-480,2C,2C,Aluno-480,,12.0,Feminino,2021,Pública,7.260202380900001,Ametista,,,,3.0,6.25,8.0714285715,7.51,5.0,7.443333333,10.0,,2.5,7.5,,,,Fase 2 (5° e 6° ano),0,,,,2024,7.8125,EE Alexandre Rodrigues Nogueira,Cursando,Completo,2.0
RA-1459,2C,2C,Aluno-1459,,12.0,Masculino,2024,Pública,6.665390476100001,Agata,,,,3.0,8.002,8.2976190475,7.51,3.75,7.273333333,5.0,,2.0,5.5,,,,Fase 3 (7° e 8° ano),-1,,,,2024,7.5,EE Olivia de Faria Nogueira,Cursando,Completo,2.0
RA-1460,2C,2C,Aluno-1460,,12.0,Masculino,2024,Pública,6.784805263200001,Agata,,,,3.0,9.502,7.460526316,7.51,3.25,6.27,10.0,,2.5,4.0,,,,Fase 2 (5° e 6° ano),0,,,,2024,6.875,EE Alexandre Rodrigues Nogueira,Cursando,Completo,2.0
RA-1017,2C,2C,Aluno-1017,,12.0,Masculino,2023,Pública,7.345521428500001,Ametista,,,,3.0,9.502,7.8095238095,6.26,5.0,7.443333333,10.0,,2.5,7.5,,,,Fase 2 (5° e 6° ano),0,,,,2024,7.1875,EE João Ortiz Rodrigues,Cursando,Completo,2.0
RA-499,2C,2C,Aluno-499,,12.0,Masculino,2021,Pública,7.5794738095000005,Ametista,,,,3.0,8.502,9.0476190475,7.51,4.75,7.5,10.0,,2.0,7.5,,,,Fase 2 (5° e 6° ano),0,,,,2024,7.1875,EE Leonice de Aquino Oliveira,Cursando,Completo,2.0
RA-514,2C,2C,Aluno-514,,11.0,Feminino,2022,Pública,6.219580952400001,Agata,,,,3.0,9.002,7.595238095,4.385,3.0,5.996666667,10.0,,3.0,3.0,,,,Fase 2 (5° e 6° ano),0,,,,2024,5.625,EE Paschoal Carlos Magno,Cursando,Completo,2.0
RA-1461,2C,2C,Aluno-1461,,12.0,Feminino,2024,Pública,6.871961904800001,Agata,,,,3.0,10.002,9.273809524,7.51,2.75,7.33,5.0,,0.5,5.0,,,,Fase 3 (7° e 8° ano),-1,,,,2024,7.5,EE Leonice de Aquino Oliveira,Cursando,Completo,2.0
RA-1462,2D,2D,Aluno-1462,,13.0,Feminino,2024,Pública,7.6243666666,Ametista,,,,3.0,8.502,10.0,7.51,6.5,7.053333333,5.0,,6.0,7.0,,,,Fase 3 (7° e 8° ano),-1,,,,2024,8.125,EE Joaquim Mendes Feliz,Cursando,Completo,2.0
RA-1463,2D,2D,Aluno-1463,,12.0,Masculino,2024,Pública,9.074561111000001,Topázio,,,,3.0,8.502,9.722222222,7.51,10.0,8.113333333,10.0,,10.0,10.0,,,,Fase 2 (5° e 6° ano),0,,,,2024,9.0625,EE Paschoal Carlos Magno,Cursando,Completo,2.0
RA-1464,2D,2D,Aluno-1464,,13.0,Feminino,2024,Pública,7.288424359,Ametista,,,,3.0,8.002,7.794871795,7.51,6.25,7.61,5.0,,4.0,8.5,,,,Fase 3 (7° e 8° ano),-1,,,,2024,9.0625,EE Paschoal Carlos Magno,Cursando,Completo,2.0
RA-687,2D,2D,Aluno-687,,11.0,Masculino,2022,Pública,8.2739844611,Topázio,,,,3.0,7.502,9.2355889725,7.51,7.25,8.003333333,10.0,,6.5,8.0,,,,Fase 2 (5° e 6° ano),0,,,,2024,8.75,EE Paschoal Carlos Magno,Cursando,Completo,2.0
RA-1030,2D,2D,Aluno-1030,,12.0,Masculino,2023,Pública,7.7401916040000005,Ametista,,,,3.0,7.418,8.28320802,4.385,8.0,7.61,10.0,,10.0,6.0,,,,Fase 2 (5° e 6° ano),0,,,,2024,7.8125,EE Paschoal Carlos Magno,Cursando,Completo,2.0
RA-1465,2D,2D,Aluno-1465,,12.0,Masculino,2024,Pública,7.3344666666,Ametista,,,,3.0,7.418,8.75,7.51,5.75,7.833333333,5.0,,5.0,6.5,,,,Fase 3 (7° e 8° ano),-1,,,,2024,8.75,EE Paschoal Carlos Magno,Cursando,Completo,2.0
RA-522,2D,2D,Aluno-522,,11.0,Masculino,2021,Pública,8.6777119048,Topázio,,,,3.0,8.002,9.523809524,7.51,9.0,7.89,10.0,,9.5,8.5,,,,Fase 2 (5° e 6° ano),0,,,,2024,8.4375,EE Joaquim Mendes Feliz,Cursando,Completo,2.0
RA-501,2D,2D,Aluno-501,,11.0,Masculino,2021,Privada,8.2779474937,Topázio,,,,3.0,7.002,7.9949874685,7.51,8.75,8.17,10.0,,8.5,9.0,,,,Fase 2 (5° e 6° ano),0,,,,2024,8.4375,João Friaza Colégio,Cursando,Completo,2.0
RA-1466,2D,2D,Aluno-1466,,12.0,Masculino,2024,Pública,8.213723809600001,Topázio,,,,3.0,10.002,7.380952381,7.51,7.5,8.056666667,10.0,,7.0,8.0,,,,Fase 2 (5° e 6° ano),0,,,,2024,8.75,EE Paschoal Carlos Magno,Cursando,Completo,2.0
RA-502,2D,2D,Aluno-502,,10.0,Feminino,2021,Privada - Programa de Apadrinhamento,8.5023309524,Topázio,,,,3.0,9.002,9.761904762,3.755,8.0,8.84,10.0,,6.0,10.0,,,,Fase 2 (5° e 6° ano),0,,,,2024,9.0625,Colégio Arco Íris Evolução,Cursando,Completo,2.0
RA-1467,2D,2D,Aluno-1467,,12.0,Masculino,2024,Pública,8.836711278200001,Topázio,,,,3.0,9.002,9.022556391,7.51,9.25,8.28,10.0,,9.0,9.5,,,,Fase 2 (5° e 6° ano),0,,,,2024,8.75,EE Joaquim Mendes Feliz,Cursando,Completo,2.0
RA-1468,2D,2D,Aluno-1468,,12.0,Feminino,2024,Pública,8.1281028822,Topázio,,,,3.0,8.502,8.972431078,7.51,7.0,7.443333333,10.0,,4.5,9.5,,,,Fase 2 (5° e 6° ano),0,,,,2024,8.4375,EE Joaquim Mendes Feliz,Cursando,Completo,2.0
RA-527,2D,2D,Aluno-527,,11.0,Feminino,2022,Pública,8.1403666666,Topázio,,,,3.0,9.002,10.0,7.51,6.0,7.383333333,10.0,,6.5,5.5,,,,Fase 2 (5° e 6° ano),0,,,,2024,8.125,EE Joaquim Mendes Feliz,Cursando,Completo,2.0
RA-1469,2D,2D,Aluno-1469,,13.0,Masculino,2024,Pública,7.459755555500001,Ametista,,,,3.0,8.502,9.4444444445,7.51,4.75,8.223333333,5.0,,6.0,3.5,,,,Fase 3 (7° e 8° ano),-1,,,,2024,8.75,EE Joaquim Mendes Feliz,Cursando,Completo,2.0
RA-1470,2G,2G,Aluno-1470,,12.0,Feminino,2024,Pública,5.967421532000001,Quartzo,,,,4.0,8.002,6.35610766,6.26,5.0,5.4125,5.0,,5.0,5.0,,,,Fase 3 (7° e 8° ano),-1,,,,2024,6.875,EE Leonice de Aquino Oliveira,Cursando,Completo,2.0
RA-1471,2G,2G,Aluno-1471,,13.0,Masculino,2024,Pública,7.404455434800001,Ametista,,,,4.0,10.002,7.195652174,7.51,7.5,7.2425,5.0,,8.0,7.0,,,,Fase 3 (7° e 8° ano),-1,,,,2024,7.65625,EE Loris Nassif Mattar Profa,Cursando,Completo,2.0
RA-710,2G,2G,Aluno-710,,12.0,Masculino,2021,Pública,7.0366241342,Ametista,,,,4.0,9.168,8.170995671,5.625,6.75,6.5375,5.0,,8.0,5.5,,,,Fase 3 (7° e 8° ano),-1,,,,2024,7.65625,EE João Ortiz Rodrigues,Cursando,Completo,2.0
RA-1472,2G,2G,Aluno-1472,,11.0,Masculino,2022,Pública,8.773575000000001,Topázio,,,,4.0,8.502,10.0,7.51,8.75,8.1275,10.0,,9.0,8.5,,,,Fase 2 (5° e 6° ano),0,,,,2024,7.96875,EE Leonice de Aquino Oliveira,Cursando,Completo,2.0
RA-837,2G,2G,Aluno-837,,10.0,Masculino,2022,Pública,7.9648467391,Ametista,,,,4.0,7.502,9.782608695499999,6.885,6.75,7.5825,10.0,,6.0,7.5,,,,Fase 2 (5° e 6° ano),0,,,,2024,7.03125,EM Maria Ignez Concelles Irma Ines,Cursando,Completo,2.0
RA-549,2G,2G,Aluno-549,,12.0,Masculino,2021,Pública,6.5398187888,Agata,,,,4.0,10.002,7.204968943999999,6.255,5.75,5.9125,5.0,,5.0,6.5,,,,Fase 3 (7° e 8° ano),-1,,,,2024,6.40625,EE Alexandre Rodrigues Nogueira,Cursando,Completo,2.0
RA-571,2G,2G,Aluno-571,,13.0,Feminino,2021,Pública,6.2964554347999995,Agata,,,,4.0,7.002,8.695652174,4.375,5.25,5.8325,5.0,,5.0,5.5,,,,Fase 3 (7° e 8° ano),-1,,,,2024,7.03125,EE João Ortiz Rodrigues,Cursando,Completo,2.0
RA-731,2G,2G,Aluno-731,,12.0,Feminino,2021,Pública,4.7704873377000006,Quartzo,,,,4.0,9.502,4.188311688500001,4.375,2.5,4.835,5.0,,0.0,5.0,,,,Fase 3 (7° e 8° ano),-1,,,,2024,5.78125,EE João Ortiz Rodrigues,Cursando,Completo,2.0
RA-706,2G,2G,Aluno-706,,11.0,Feminino,2021,Pública,5.8701964286,Quartzo,,,,4.0,0.0,7.1428571430000005,6.26,3.25,7.0,10.0,,3.0,3.5,,,,Fase 2 (5° e 6° ano),0,,,,2024,7.65625,EE João Ortiz Rodrigues,Cursando,Completo,2.0
RA-707,2G,2G,Aluno-707,,12.0,Feminino,2021,Pública,6.4975618421000005,Agata,,,,4.0,7.917,7.7236842105,4.375,6.5,6.415,5.0,,7.0,6.0,,,,Fase 3 (7° e 8° ano),-1,,,,2024,6.40625,EE João Ortiz Rodrigues,Cursando,Completo,2.0
RA-1044,2G,2G,Aluno-1044,,11.0,Feminino,2023,Pública,7.966711904800001,Ametista,,,,4.0,7.502,9.523809524,7.51,7.0,7.21,10.0,,7.0,7.0,,,,Fase 2 (5° e 6° ano),0,,,,2024,7.1875,EE Olivia de Faria Nogueira,Cursando,Completo,2.0
RA-1054,2G,2G,Aluno-1054,,13.0,Masculino,2023,Pública,6.985788509300001,Agata,,,,4.0,9.502,7.3291925465,7.51,6.25,6.75,5.0,,6.0,6.5,,,,Fase 3 (7° e 8° ano),-1,,,,2024,7.1875,EE Leonice de Aquino Oliveira,Cursando,Completo,2.0
RA-721,2G,2G,Aluno-721,,10.0,Feminino,2021,Pública,8.8986026915,Topázio,,,,4.0,9.002,9.544513457499999,8.135,8.25,8.755,10.0,,9.0,7.5,,,,Fase 2 (5° e 6° ano),0,,,,2024,8.75,EE Dom Pedro Villas Boas de Souza,Cursando,Completo,2.0
RA-1473,2G,2G,Aluno-1473,,13.0,Masculino,2024,Pública,6.689320600500001,Agata,,,,4.0,9.502,8.4368530025,5.625,5.25,6.415,5.0,,6.0,4.5,,,,Fase 3 (7° e 8° ano),-1,,,,2024,6.5625,EE Loris Nassif Mattar Profa,Cursando,Completo,2.0
RA-735,2H,2H,Aluno-735,,12.0,Feminino,2021,Pública,7.7888467391,Ametista,,,,4.0,8.002,9.782608695499999,6.255,8.0,7.705,5.0,,8.0,8.0,,,,Fase 3 (7° e 8° ano),-1,,,,2024,7.65625,EE João Ortiz Rodrigues,Cursando,Completo,2.0
RA-712,2H,2H,Aluno-712,,13.0,Masculino,2021,Pública,6.2236373706000006,Agata,,,,4.0,7.502,5.983436853,5.625,6.75,6.04,5.0,,7.0,6.5,,,,Fase 3 (7° e 8° ano),-1,,,,2024,6.5625,EE João Ortiz Rodrigues,Cursando,Completo,2.0
RA-1103,2H,2H,Aluno-1103,,11.0,Masculino,2023,Pública,7.861995031000001,Ametista,,,,4.0,8.502,7.763975155000001,7.51,7.25,7.54,10.0,,6.0,8.5,,,,Fase 2 (5° e 6° ano),0,,,,2024,7.5,EE Loris Nassif Mattar Profa,Cursando,Completo,2.0
RA-570,2H,2H,Aluno-570,,12.0,Feminino,2021,Pública,6.8133640787,Agata,,,,4.0,8.002,8.0020703935,5.625,6.75,6.4075,5.0,,6.0,7.5,,,,Fase 3 (7° e 8° ano),-1,,,,2024,7.1875,EE João Ortiz Rodrigues,Cursando,Completo,2.0
RA-713,2H,2H,Aluno-713,,11.0,Masculino,2021,Pública,7.467500983400001,Ametista,,,,4.0,8.002,7.525879916999999,7.51,6.75,6.79,10.0,,6.0,7.5,,,,Fase 2 (5° e 6° ano),0,,,,2024,7.03125,EE João Ortiz Rodrigues,Cursando,Completo,2.0
RA-714,2H,2H,Aluno-714,,13.0,Masculino,2021,Pública,5.4653662008,Quartzo,,,,4.0,0.0,6.873706004,6.255,4.0,6.9975,5.0,,8.0,0.0,,,,Fase 3 (7° e 8° ano),-1,,,,2024,7.65625,EE João Ortiz Rodrigues,Cursando,Completo,2.0
RA-737,2H,2H,Aluno-737,,11.0,Feminino,2022,Pública,8.4695488613,Topázio,,,,4.0,8.502,8.6542443065,6.885,9.25,8.0,10.0,,9.0,9.5,,,,Fase 2 (5° e 6° ano),0,,,,2024,7.5,EE Dom Pedro Villas Boas de Souza,Cursando,Completo,2.0
RA-1474,2H,2H,Aluno-1474,,11.0,Feminino,2024,Pública,7.384207505200001,Ametista,,,,4.0,8.002,7.960662526,5.625,7.5,6.2875,10.0,,7.0,8.0,,,,Fase 2 (5° e 6° ano),0,,,,2024,6.71875,EE João Ortiz Rodrigues,Cursando,Completo,2.0
RA-1036,2H,2H,Aluno-1036,,12.0,Feminino,2023,Pública,8.2841303831,Topázio,,,,4.0,10.002,9.0890269155,7.51,7.0,7.7475,10.0,,7.0,7.0,,,,Fase 2 (5° e 6° ano),0,,,,2024,7.65625,EE João Ortiz Rodrigues,Cursando,Completo,2.0
RA-576,2H,2H,Aluno-576,,12.0,Feminino,2022,Pública,8.93195,Topázio,,,,4.0,8.502,10.0,7.51,9.25,8.4975,10.0,,9.0,9.5,,,,Fase 2 (5° e 6° ano),0,,,,2024,7.8125,EE João Ortiz Rodrigues,Cursando,Completo,2.0
RA-577,2H,2H,Aluno-577,,12.0,Feminino,2022,Pública,6.629159109700001,Agata,,,,4.0,8.502,5.7660455485,5.625,8.0,6.535,5.0,,7.0,9.0,,,,Fase 3 (7° e 8° ano),-1,,,,2024,6.5625,EE João Ortiz Rodrigues,Cursando,Completo,2.0
RA-580,2H,2H,Aluno-580,,12.0,Feminino,2021,Pública,7.9281521222,Ametista,,,,4.0,9.002,8.871635610999999,7.51,9.25,7.2475,5.0,,10.0,8.5,,,,Fase 3 (7° e 8° ano),-1,,,,2024,7.03125,EE João Ortiz Rodrigues,Cursando,Completo,2.0
RA-581,2H,2H,Aluno-581,,12.0,Masculino,2021,Pública,7.0833015528,Ametista,,,,4.0,7.418,8.198757764,5.625,8.75,6.165,5.0,,8.0,9.5,,,,Fase 3 (7° e 8° ano),-1,,,,2024,6.5625,EE João Ortiz Rodrigues,Cursando,Completo,2.0
RA-841,2H,2H,Aluno-841,,12.0,Masculino,2022,Pública,6.035771224300001,Agata,,,,4.0,10.002,6.3272311215000006,7.51,3.25,5.83,5.0,,4.0,2.5,,,,Fase 3 (7° e 8° ano),-1,,,,2024,7.03125,EE João Ortiz Rodrigues,Cursando,Completo,2.0
RA-730,2I,2I,Aluno-730,,11.0,Feminino,2021,Pública,8.469255555700002,Topázio,,,,3.0,8.002,7.152777778,6.885,9.5,8.666666667,10.0,,10.0,9.0,,,,Fase 2 (5° e 6° ano),0,,,,2024,9.166666667,EE Joaquim Mendes Feliz,Cursando,Completo,2.0
RA-855,2I,2I,Aluno-855,,10.0,Feminino,2022,Pública,8.578533333400001,Topázio,,,,3.0,9.002,10.0,7.51,8.5,7.386666667,10.0,,9.0,8.0,,,,Fase 2 (5° e 6° ano),0,,,,2024,7.5,EE Dom Pedro Villas Boas de Souza,Cursando,Completo,2.0
RA-820,2I,2I,Aluno-820,,11.0,Masculino,2022,Pública,7.426572549100001,Ametista,,,,3.0,10.002,6.573529412,7.51,6.25,6.386666667,10.0,,6.0,6.5,,,,Fase 2 (5° e 6° ano),0,,,,2024,8.333333333,EE Dom Pedro Villas Boas de Souza,Cursando,Completo,2.0
RA-715,2I,2I,Aluno-715,,11.0,Feminino,2022,Pública,5.3098253133,Quartzo,,,,3.0,9.002,5.250626566499999,3.755,2.75,4.67,10.0,,2.0,3.5,,,,Fase 2 (5° e 6° ano),0,,,,2024,5.0,EM Maria Ignez Concelles Irma Ines,Cursando,Completo,2.0
RA-1038,2I,2I,Aluno-1038,,11.0,Feminino,2023,Pública,7.9646385965,Ametista,,,,3.0,8.002,7.5438596495,7.51,8.5,7.273333333,10.0,,10.0,7.0,,,,Fase 2 (5° e 6° ano),0,,,,2024,7.5,EE Dom Pedro Villas Boas de Souza,Cursando,Completo,2.0
RA-1475,2I,2I,Aluno-1475,,10.0,Feminino,2024,Pública,7.413901754400001,Ametista,,,,3.0,9.002,8.070175439,7.51,5.0,6.993333333,10.0,,7.0,3.0,,,,Fase 2 (5° e 6° ano),0,,,,2024,7.5,EE Dom Pedro Villas Boas de Souza,Cursando,Completo,2.0
RA-1039,2I,2I,Aluno-1039,,13.0,Masculino,2023,Pública,7.549644444400001,Ametista,,,,3.0,8.002,9.722222222,7.51,7.25,6.77,5.0,,8.0,6.5,,,,Fase 3 (7° e 8° ano),-1,,,,2024,7.5,EE Joaquim Mendes Feliz,Cursando,Completo,2.0
RA-745,2I,2I,Aluno-745,,11.0,Masculino,2021,Privada - Programa de Apadrinhamento,8.6102,Topázio,,,,3.0,9.002,10.0,6.26,8.5,8.17,10.0,,8.0,9.0,,,,Fase 2 (5° e 6° ano),0,,,,2024,7.5,Colégio Arco Íris Evolução,Cursando,Completo,2.0
RA-718,2I,2I,Aluno-718,,10.0,Feminino,2022,Pública,8.705811111100001,Topázio,,,,3.0,10.002,9.5138888885,5.635,9.5,7.946666667,10.0,,9.0,10.0,,,,Fase 1 (3° e 4° ano),1,,,,2024,7.5,EE Joaquim Mendes Feliz,Cursando,Completo,2.0
RA-1040,2I,2I,Aluno-1040,,12.0,Masculino,2023,Pública,7.764199999900001,Ametista,,,,3.0,9.502,8.5416666665,7.51,8.25,7.273333333,5.0,,8.0,8.5,,,,Fase 3 (7° e 8° ano),-1,,,,2024,7.5,EE Joaquim Mendes Feliz,Cursando,Completo,2.0
RA-746,2I,2I,Aluno-746,,10.0,Masculino,2022,Pública,7.903311111100001,Ametista,,,,3.0,8.502,7.4305555555,7.51,8.0,7.33,10.0,,8.0,8.0,,,,Fase 2 (5° e 6° ano),0,,,,2024,7.5,EM Maria Ignez Concelles Irma Ines,Cursando,Completo,2.0
RA-1069,2K,2K,Aluno-1069,,12.0,Masculino,2023,Pública,7.678917391300001,Ametista,,,,4.0,9.002,7.0760869565,7.51,6.25,7.75,10.0,,7.0,5.5,,,,Fase 2 (5° e 6° ano),0,,,,2024,8.125,EE Maria André Schunck Dona,Cursando,Completo,2.0
RA-1476,2K,2K,Aluno-1476,,11.0,Feminino,2024,Pública,8.80795,Topázio,,,,4.0,9.502,10.0,5.635,8.5,8.7525,10.0,,8.0,9.0,,,,Fase 2 (5° e 6° ano),0,,,,2024,8.4375,EE Maria André Schunck Dona,Cursando,Completo,2.0
RA-827,2K,2K,Aluno-827,,12.0,Feminino,2022,Pública,8.2483467391,Topázio,,,,4.0,10.002,9.782608695499999,5.01,7.25,7.875,10.0,,6.0,8.5,,,,Fase 2 (5° e 6° ano),0,,,,2024,7.65625,EE Maria André Schunck Dona,Cursando,Completo,2.0
RA-1477,2K,2K,Aluno-1477,,11.0,Masculino,2024,Pública,7.0514989130000005,Ametista,,,,4.0,8.002,8.010869565,7.51,5.0,6.2875,10.0,,5.0,5.0,,,,Fase 2 (5° e 6° ano),0,,,,2024,6.40625,EE Maria André Schunck Dona,Cursando,Completo,2.0
RA-762,2K,2K,Aluno-762,,14.0,Masculino,2022,Pública,5.9677326087,Quartzo,,,,4.0,10.002,6.4239130435,6.26,3.75,5.7525,5.0,,4.0,3.5,,,,Fase 4 (9° ano),-2,,,,2024,6.5625,EM Cecilia Cristina de Oliveira Rodrigues,Cursando,Completo,2.0
RA-778,2K,2K,Aluno-778,,11.0,Feminino,2021,Pública,8.0754139589,Topázio,,,,4.0,10.002,8.1235697945,7.51,7.0,7.7475,10.0,,5.0,9.0,,,,Fase 2 (5° e 6° ano),0,,,,2024,7.5,Estuda em outra cidade,Cursando,Completo,2.0
RA-591,2K,2K,Aluno-591,,13.0,Masculino,2021,Pública,6.8360336957,Agata,,,,4.0,7.418,7.913043478500001,6.255,7.5,6.54,5.0,,6.0,9.0,,,,Fase 3 (7° e 8° ano),-1,,,,2024,5.78125,EM Cecilia Cristina de Oliveira Rodrigues,Cursando,Completo,2.0
RA-1478,2K,2K,Aluno-1478,,11.0,Masculino,2024,Pública,6.7210333334,Agata,,,,4.0,8.002,6.666666667,6.255,4.25,7.1225,10.0,,4.0,4.5,,,,Fase 2 (5° e 6° ano),0,,,,2024,6.875,EE Maria André Schunck Dona,Cursando,Completo,2.0
RA-829,2K,2K,Aluno-829,,10.0,Feminino,2022,Privada - Programa de Apadrinhamento,9.171825000000002,Topázio,,,,4.0,9.502,9.75,9.38,8.0,9.215,10.0,,6.0,10.0,,,,Fase 1 (3° e 4° ano),1,,,,2024,8.90625,Colégio Arco Íris Evolução,Cursando,Completo,2.0
RA-1479,2K,2K,Aluno-1479,,12.0,Masculino,2024,Pública,6.615766239300001,Agata,,,,4.0,8.502,6.1965811965,7.51,4.25,6.0325,10.0,,4.0,4.5,,,,Fase 2 (5° e 6° ano),0,,,,2024,7.1875,EE Maria André Schunck Dona,Cursando,Completo,2.0
RA-1480,2K,2K,Aluno-1480,,12.0,Masculino,2024,Pública,7.09445,Ametista,,,,4.0,8.502,8.875,7.51,5.5,6.9975,5.0,,,5.5,,,,Fase 3 (7° e 8° ano),-1,,,,2024,7.1875,EM Alfredo Schunk,Cursando,Completo,2.0
RA-438,2K,2K,Aluno-438,,12.0,Masculino,2022,Pública,7.930283695700001,Ametista,,,,4.0,9.168,8.6630434785,7.51,8.25,7.915,5.0,,7.0,9.5,,,,Fase 3 (7° e 8° ano),-1,,,,2024,7.96875,EE Maria André Schunck Dona,Cursando,Completo,2.0
RA-607,2K,2K,Aluno-607,,12.0,Masculino,2022,Pública,7.6486021739000005,Ametista,,,,4.0,8.502,7.4782608695,7.51,7.0,7.165,10.0,,7.0,7.0,,,,Fase 2 (5° e 6° ano),0,,,,2024,7.1875,EE Helio Luiz Dobrochinski Prof,Cursando,Completo,2.0
RA-1481,2K,2K,Aluno-1481,,12.0,Feminino,2024,Pública,6.860721739100001,Agata,,,,4.0,8.502,8.782608695499999,7.51,4.75,6.8275,5.0,,4.0,5.5,,,,Fase 3 (7° e 8° ano),-1,,,,2024,6.875,EM Cecilia Cristina de Oliveira Rodrigues,Cursando,Completo,2.0
RA-1482,2K,2K,Aluno-1482,,14.0,Masculino,2024,Pública,5.2257,Quartzo,,,,4.0,8.502,5.0,7.51,0.0,6.8725,5.0,,0.0,0.0,,,,Fase 3 (7° e 8° ano),-1,,,,2024,7.5,EM Cecilia Cristina de Oliveira Rodrigues,Cursando,Completo,2.0
RA-1483,2K,2K,Aluno-1483,,11.0,Masculino,2024,Pública,7.311433695700001,Ametista,,,,4.0,9.502,7.913043478500001,7.51,6.5,5.7475,10.0,,6.0,7.0,,,,Fase 2 (5° e 6° ano),0,,,,2024,5.78125,EE Jardim Campestre,Cursando,Completo,2.0
RA-1484,2L,2L,Aluno-1484,,14.0,Feminino,2024,Pública,7.754200000000001,Ametista,,,,3.0,9.002,10.0,6.26,7.0,7.89,5.0,,5.0,9.0,,,,Fase 3 (7° e 8° ano),-1,,,,2024,7.5,EE Maria André Schunck Dona,Cursando,Completo,2.0
RA-1485,2L,2L,Aluno-1485,,13.0,Masculino,2024,Pública,6.7386875776999995,Agata,,,,3.0,9.002,7.7432712215,5.625,5.0,7.386666667,5.0,,5.0,5.0,,,,Fase 3 (7° e 8° ano),-1,,,,2024,7.5,EM Cecilia Cristina de Oliveira Rodrigues,Cursando,Completo,2.0
RA-1486,2L,2L,Aluno-1486,,11.0,Masculino,2024,Pública,6.865474509900001,Agata,,,,3.0,8.002,5.431372549,6.26,5.75,7.056666667,10.0,,6.0,5.5,,,,Fase 2 (5° e 6° ano),0,,,,2024,7.916666667,EE Maria André Schunck Dona,Cursando,Completo,2.0
RA-597,2L,2L,Aluno-597,,11.0,Masculino,2022,Pública,7.843291097300001,Ametista,,,,3.0,9.002,9.3271221535,7.51,6.0,6.883333333,10.0,,5.0,7.0,,,,Fase 2 (5° e 6° ano),0,,,,2024,7.5,EE Maria André Schunck Dona,Cursando,Completo,2.0
RA-624,2L,2L,Aluno-624,,12.0,Masculino,2022,Pública,7.229425672900001,Ametista,,,,3.0,8.002,8.219461698,7.51,4.0,7.213333333,10.0,,8.0,0.0,,,,Fase 2 (5° e 6° ano),0,,,,2024,7.916666667,EM Cecilia Cristina de Oliveira Rodrigues,Cursando,Completo,2.0
RA-1487,2L,2L,Aluno-1487,,13.0,Feminino,2024,Pública,8.0267434782,Topázio,,,,3.0,10.002,9.5652173915,6.26,8.25,7.833333333,5.0,,7.0,9.5,,,,Fase 3 (7° e 8° ano),-1,,,,2024,7.708333333,EE Maria André Schunck Dona,Cursando,Completo,2.0
RA-1488,2L,2L,Aluno-1488,,11.0,Feminino,2024,Pública,6.7668935818000016,Agata,,,,3.0,8.002,7.111801242,7.51,3.5,6.716666667,10.0,,7.0,0.0,,,,Fase 2 (5° e 6° ano),0,,,,2024,7.5,EE Maria André Schunck Dona,Cursando,Completo,2.0
RA-1489,2L,2L,Aluno-1489,,12.0,Masculino,2024,Pública,5.9842289855000015,Quartzo,,,,3.0,9.002,5.793478261000001,6.26,5.0,5.663333333,5.0,,5.0,5.0,,,,Fase 3 (7° e 8° ano),-1,,,,2024,6.666666667,EE Maria André Schunck Dona,Cursando,Completo,2.0
RA-600,2L,2L,Aluno-600,,11.0,Feminino,2021,Pública,7.847373913,Ametista,,,,3.0,8.002,8.010869565,7.51,7.5,7.22,10.0,,8.0,7.0,,,,Fase 2 (5° e 6° ano),0,,,,2024,7.5,EM Cecilia Cristina de Oliveira Rodrigues,Cursando,Completo,2.0
RA-663,2L,2L,Aluno-663,,12.0,Masculino,2022,Pública,6.696419461700001,Agata,,,,3.0,8.502,7.0910973085,5.625,6.5,6.89,5.0,,6.0,7.0,,,,Fase 3 (7° e 8° ano),-1,,,,2024,6.875,EE Maria André Schunck Dona,Cursando,Completo,2.0
RA-1490,2L,2L,Aluno-1490,,12.0,Feminino,2024,Privada,7.3725768116,Ametista,,,,3.0,8.502,9.5652173915,6.26,7.75,6.333333333,5.0,,8.0,7.5,,,,Fase 3 (7° e 8° ano),-1,,,,2024,6.666666667,Rede Decisão - Unidade União,Cursando,Completo,2.0
RA-1491,2L,2L,Aluno-1491,,12.0,Masculino,2024,Pública,7.5072,Ametista,,,,3.0,9.002,6.25,7.51,6.5,7.78,10.0,,6.0,7.0,,,,Fase 2 (5° e 6° ano),0,,,,2024,7.5,EE Maria André Schunck Dona,Cursando,Completo,2.0
RA-1066,2L,2L,Aluno-1066,,11.0,Feminino,2023,Pública,7.9326223603,Ametista,,,,3.0,9.502,8.3954451345,6.26,7.25,7.386666667,10.0,,7.0,7.5,,,,Fase 2 (5° e 6° ano),0,,,,2024,7.5,EM Cecilia Cristina de Oliveira Rodrigues,Cursando,Completo,2.0
RA-630,2L,2L,Aluno-630,,11.0,Masculino,2022,Pública,6.879985507300001,Agata,,,,3.0,0.0,8.4782608695,7.51,5.75,7.666666667,10.0,,6.0,5.5,,,,Fase 2 (5° e 6° ano),0,,,,2024,7.5,EE Maria André Schunck Dona,Cursando,Completo,2.0
RA-1492,2L,2L,Aluno-1492,,9.0,Masculino,2024,Pública,8.479020512900002,Topázio,,,,3.0,8.002,8.8141025645,7.51,8.0,8.45,10.0,,6.0,10.0,,,,Fase 1 (3° e 4° ano),1,,,,2024,8.75,EE Helio Luiz Dobrochinski Prof,Cursando,Completo,2.0
RA-834,2L,2L,Aluno-834,,11.0,Masculino,2022,Pública,8.513646169700001,Topázio,,,,3.0,8.002,9.109730849,6.26,8.75,8.723333333,10.0,,9.0,8.5,,,,Fase 2 (5° e 6° ano),0,,,,2024,7.708333333,EE Maria André Schunck Dona,Cursando,Completo,2.0
RA-784,2M,2M,Aluno-784,,11.0,Feminino,2022,Privada - Programa de Apadrinhamento,8.8857454545,Topázio,,,,3.0,8.002,9.7727272725,5.635,8.75,9.4,10.0,,8.0,9.5,,,,Fase 2 (5° e 6° ano),0,,,,2024,9.375,Colégio Arco Íris Evolução,Cursando,Completo,2.0
RA-1059,2M,2M,Aluno-1059,,11.0,Masculino,2023,Pública,8.678450000000002,Topázio,,,,3.0,8.002,10.0,6.26,7.5,9.23,10.0,,7.5,7.5,,,,Fase 2 (5° e 6° ano),0,,,,2024,9.0625,EE Helio Luiz Dobrochinski Prof,Cursando,Completo,2.0
RA-612,2M,2M,Aluno-612,,12.0,Feminino,2021,Privada - Programa de Apadrinhamento,9.134040909100001,Topázio,,,,3.0,8.002,9.5454545455,6.26,9.75,9.4,10.0,,9.5,10.0,,,,Fase 2 (5° e 6° ano),0,,,,2024,9.6875,Colégio Arco Íris Evolução,Cursando,Completo,2.0
RA-1060,2M,2M,Aluno-1060,,12.0,Masculino,2023,Pública,6.448416666600001,Agata,,,,3.0,9.585,6.0,6.26,3.25,6.163333333,10.0,,3.5,3.0,,,,Fase 2 (5° e 6° ano),0,,,,2024,7.8125,EE Donizetti Aparecido Leite Professor,Cursando,Completo,2.0
RA-761,2M,2M,Aluno-761,,11.0,Masculino,2022,Pública,8.174593939300001,Topázio,,,,3.0,8.502,8.8636363635,6.26,7.25,8.003333333,10.0,,8.0,6.5,,,,Fase 2 (5° e 6° ano),0,,,,2024,8.75,EE Donizetti Aparecido Leite Professor,Cursando,Completo,2.0
RA-1493,2M,2M,Aluno-1493,,12.0,Masculino,2024,Pública,6.378661323900001,Agata,,,,3.0,8.502,7.8468899525,7.51,4.0,5.946666667,5.0,,3.5,4.5,,,,Fase 3 (7° e 8° ano),-1,,,,2024,7.1875,EE Donizetti Aparecido Leite Professor,Cursando,Completo,2.0
RA-665,2M,2M,Aluno-665,,12.0,Feminino,2022,Pública,5.698703030200001,Quartzo,,,,3.0,8.334,5.068181818,5.63,4.75,5.443333333,5.0,,3.0,6.5,,,,Fase 3 (7° e 8° ano),-1,,,,2024,7.5,EE Donizetti Aparecido Leite Professor,Cursando,Completo,2.0
RA-1115,2M,2M,Aluno-1115,,12.0,Feminino,2023,Pública,6.570068686900001,Agata,,,,3.0,8.002,4.2676767675,7.51,6.25,5.826666667,10.0,,6.5,6.0,,,,Fase 2 (5° e 6° ano),0,,,,2024,7.5,EE Donizetti Aparecido Leite Professor,Cursando,Completo,2.0
RA-1061,2M,2M,Aluno-1061,,11.0,Masculino,2023,Pública,8.76595,Topázio,,,,3.0,8.502,10.0,6.26,8.5,8.73,10.0,,7.0,10.0,,,,Fase 2 (5° e 6° ano),0,,,,2024,8.4375,EE Helio Luiz Dobrochinski Prof,Cursando,Completo,2.0
RA-1494,2M,2M,Aluno-1494,,11.0,Feminino,2024,Pública,5.8748823529,Quartzo,,,,3.0,0.0,6.7794117645,7.51,4.25,5.84,10.0,,8.5,0.0,,,,Fase 2 (5° e 6° ano),0,,,,2024,7.5,EE Donizetti Aparecido Leite Professor,Cursando,Completo,2.0
RA-1495,2M,2M,Aluno-1495,,11.0,Feminino,2021,Pública,8.4845030302,Topázio,,,,3.0,9.002,8.318181818,7.51,8.25,8.223333333,10.0,,8.5,8.0,,,,Fase 2 (5° e 6° ano),0,,,,2024,8.75,EE Helio Luiz Dobrochinski Prof,Cursando,Completo,2.0
RA-606,2M,2M,Aluno-606,,11.0,Masculino,2022,Pública,6.645260606100001,Agata,,,,3.0,8.502,7.6136363634999995,6.885,3.25,5.606666667,10.0,,3.5,3.0,,,,Fase 2 (5° e 6° ano),0,,,,2024,8.125,EE Donizetti Aparecido Leite Professor,Cursando,Completo,2.0
RA-594,2M,2M,Aluno-594,,12.0,Masculino,2022,Pública,6.890966666600001,Agata,,,,3.0,6.918,5.75,6.26,7.0,6.053333333,10.0,,6.5,7.5,,,,Fase 2 (5° e 6° ano),0,,,,2024,8.125,EE Donizetti Aparecido Leite Professor,Cursando,Completo,2.0
RA-1496,2M,2M,Aluno-1496,,12.0,Feminino,2024,Pública,6.7799738095,Agata,,,,3.0,9.002,5.714285714500001,7.51,4.25,6.773333333,10.0,,2.5,6.0,,,,Fase 2 (5° e 6° ano),0,,,,2024,7.8125,EE Maria André Schunck Dona,Cursando,Completo,2.0
RA-1497,2M,2M,Aluno-1497,,12.0,Feminino,2024,Pública,5.2423787879,Quartzo,,,,3.0,0.0,5.0227272725,7.51,2.0,6.996666667,10.0,,4.0,0.0,,,,Fase 2 (5° e 6° ano),0,,,,2024,6.875,EE Donizetti Aparecido Leite Professor,Cursando,Completo,2.0
RA-1498,2M,2M,Aluno-1498,,13.0,Feminino,2024,Pública,7.147881818200001,Ametista,,,,3.0,8.502,7.840909091,7.51,7.0,6.33,5.0,,5.0,9.0,,,,Fase 3 (7° e 8° ano),-1,,,,2024,8.125,EE Donizetti Aparecido Leite Professor,Cursando,Completo,2.0
RA-1499,2N,2N,Aluno-1499,,12.0,Feminino,2024,Pública,7.914800000000001,Ametista,,,,3.0,8.418,9.25,6.885,6.5,7.11,10.0,,6.0,7.0,,,,Fase 2 (5° e 6° ano),0,,,,2024,8.125,EE Donizetti Aparecido Leite Professor,Cursando,Completo,2.0
RA-788,2N,2N,Aluno-788,,10.0,Masculino,2021,Privada - Programa de Apadrinhamento,7.9221068268,Ametista,,,,3.0,8.418,9.519450801,6.26,5.75,7.783333333,10.0,,4.0,7.5,,,,Fase 2 (5° e 6° ano),0,,,,2024,8.4375,Colégio Arco Íris Evolução,Cursando,Completo,2.0
RA-1500,2N,2N,Aluno-1500,,11.0,Masculino,2024,Pública,7.360450000100002,Ametista,,,,3.0,9.502,8.3333333335,6.885,3.5,7.556666667,10.0,,2.0,5.0,,,,Fase 2 (5° e 6° ano),0,,,,2024,8.4375,EE Donizetti Aparecido Leite Professor,Cursando,Completo,2.0
RA-777,2N,2N,Aluno-777,,10.0,Feminino,2022,Pública,7.563515408100001,Ametista,,,,3.0,8.002,8.7757437075,7.51,4.5,7.723333333,10.0,,3.5,5.5,,,,Fase 2 (5° e 6° ano),0,,,,2024,8.125,EE Helio Luiz Dobrochinski Prof,Cursando,Completo,2.0
RA-1063,2N,2N,Aluno-1063,,12.0,Masculino,2023,Pública,7.279250000000001,Ametista,,,,3.0,5.25,9.75,7.51,7.75,6.11,5.0,,9.0,6.5,,,,Fase 3 (7° e 8° ano),-1,,,,2024,7.8125,EE Donizetti Aparecido Leite Professor,Cursando,Completo,2.0
RA-664,2N,2N,Aluno-664,,12.0,Feminino,2022,Pública,7.5017244089,Ametista,,,,3.0,9.002,6.7734553775,7.51,5.75,7.666666667,10.0,,3.0,8.5,,,,Fase 2 (5° e 6° ano),0,,,,2024,8.125,EE Donizetti Aparecido Leite Professor,Cursando,Completo,2.0
RA-1501,2N,2N,Aluno-1501,,11.0,Feminino,2024,Pública,8.04495,Topázio,,,,3.0,9.502,10.0,7.51,5.0,7.5,10.0,,4.5,5.5,,,,Fase 2 (5° e 6° ano),0,,,,2024,8.4375,EE Donizetti Aparecido Leite Professor,Cursando,Completo,2.0
RA-764,2N,2N,Aluno-764,,10.0,Masculino,2022,Privada,7.838370289900001,Ametista,,,,3.0,8.002,7.8804347825,7.51,6.0,8.336666667,10.0,,3.0,9.0,,,,Fase 2 (5° e 6° ano),0,,,,2024,8.4375,Colégio Franciscano Santa Clara,Cursando,Completo,2.0
RA-1064,2N,2N,Aluno-1064,,11.0,Masculino,2023,Pública,8.9802350877,Topázio,,,,3.0,9.502,9.7368421055,7.51,8.5,8.783333333,10.0,,8.0,9.0,,,,Fase 2 (5° e 6° ano),0,,,,2024,8.75,EE Helio Luiz Dobrochinski Prof,Cursando,Completo,2.0
RA-1065,2N,2N,Aluno-1065,,11.0,Feminino,2023,Pública,8.8634934783,Topázio,,,,3.0,9.502,8.8152173915,6.26,9.25,8.84,10.0,,9.0,9.5,,,,Fase 2 (5° e 6° ano),0,,,,2024,9.0625,EE Helio Luiz Dobrochinski Prof,Cursando,Completo,2.0
RA-1502,2N,2N,Aluno-1502,,12.0,Feminino,2024,Pública,6.886091025600001,Agata,,,,3.0,8.002,7.628205128,7.51,5.25,7.39,5.0,,3.5,7.0,,,,Fase 3 (7° e 8° ano),-1,,,,2024,7.8125,EE Donizetti Aparecido Leite Professor,Cursando,Completo,2.0
RA-781,2N,2N,Aluno-781,,11.0,Feminino,2021,Pública,8.496283333400001,Topázio,,,,3.0,8.002,9.75,7.51,7.25,8.506666667,10.0,,5.0,9.5,,,,Fase 2 (5° e 6° ano),0,,,,2024,8.4375,EE Helio Luiz Dobrochinski Prof,Cursando,Completo,2.0
RA-608,2N,2N,Aluno-608,,11.0,Masculino,2022,Pública,5.778986231800001,Quartzo,,,,3.0,9.002,3.054347826,6.885,4.25,5.053333333,10.0,,5.0,3.5,,,,Fase 2 (5° e 6° ano),0,,,,2024,7.1875,EE Donizetti Aparecido Leite Professor,Cursando,Completo,2.0
RA-796,2P,2P,Aluno-796,,12.0,Feminino,2022,Pública,7.052457703200001,Ametista,,,,3.0,8.502,8.2212885155,7.51,5.25,7.326666667,5.0,,3.0,7.5,,,,Fase 3 (7° e 8° ano),-1,,,,2024,7.916666667,EE Donizetti Aparecido Leite Professor,Cursando,Completo,2.0
RA-797,2P,2P,Aluno-797,,12.0,Masculino,2021,Pública,6.597315151500001,Agata,,,,3.0,9.168,4.840909091,7.51,7.25,6.723333333,5.0,,8.0,6.5,,,,Fase 3 (7° e 8° ano),-1,,,,2024,6.666666667,EE Donizetti Aparecido Leite Professor,Cursando,Completo,2.0
RA-636,2P,2P,Aluno-636,,12.0,Masculino,2022,Pública,6.3802279106,Agata,,,,3.0,8.002,4.9043062200000005,7.51,5.25,5.553333333,10.0,,4.0,6.5,,,,Fase 2 (5° e 6° ano),0,,,,2024,6.875,EE Donizetti Aparecido Leite Professor,Cursando,Completo,2.0
RA-1140,2P,2P,Aluno-1140,,12.0,Feminino,2023,Pública,7.3473880383,Ametista,,,,3.0,6.834,6.112440191499999,7.51,7.0,7.39,10.0,,4.5,9.5,,,,Fase 2 (5° e 6° ano),0,,,,2024,8.125,EE Donizetti Aparecido Leite Professor,Cursando,Completo,2.0
RA-1503,2P,2P,Aluno-1503,,13.0,Feminino,2024,Pública,6.991699999900001,Agata,,,,3.0,7.502,10.0,7.51,2.75,7.723333333,5.0,,3.0,2.5,,,,Fase 3 (7° e 8° ano),-1,,,,2024,8.958333333,EE Donizetti Aparecido Leite Professor,Cursando,Completo,2.0
RA-814,2P,2P,Aluno-814,,11.0,Masculino,2022,Pública,7.971648484800001,Ametista,,,,3.0,7.418,9.090909091,7.51,7.5,7.053333333,10.0,,8.0,7.0,,,,Fase 2 (5° e 6° ano),0,,,,2024,7.5,EE Donizetti Aparecido Leite Professor,Cursando,Completo,2.0
RA-637,2P,2P,Aluno-637,,12.0,Feminino,2021,Pública,7.6853212122,Ametista,,,,3.0,7.502,6.2272727275,7.51,7.75,7.776666667,10.0,,6.5,9.0,,,,Fase 2 (5° e 6° ano),0,,,,2024,8.333333333,EE Donizetti Aparecido Leite Professor,Cursando,Completo,2.0
RA-652,2P,2P,Aluno-652,,11.0,Feminino,2022,Pública,7.361896969700001,Ametista,,,,3.0,8.002,6.931818182000001,7.51,5.5,7.663333333,10.0,,4.5,6.5,,,,Fase 2 (5° e 6° ano),0,,,,2024,7.916666667,EE Donizetti Aparecido Leite Professor,Cursando,Completo,2.0
RA-816,2P,2P,Aluno-816,,11.0,Feminino,2022,Privada - Programa de Apadrinhamento,8.929745454599999,Topázio,,,,3.0,7.002,9.7727272725,7.51,9.25,8.786666667,10.0,,8.5,10.0,,,,Fase 2 (5° e 6° ano),0,,,,2024,9.166666667,Colégio Arco Íris Evolução,Cursando,Completo,2.0
RA-1504,2P,2P,Aluno-1504,,12.0,Feminino,2024,Pública,6.057060605999999,Agata,,,,3.0,7.5,4.6136363634999995,5.63,6.75,6.94,5.0,,5.0,8.5,,,,Fase 3 (7° e 8° ano),-1,,,,2024,5.833333333,EE Donizetti Aparecido Leite Professor,Cursando,Completo,2.0
RA-638,2P,2P,Aluno-638,,11.0,Feminino,2021,Pública,6.7464878789,Agata,,,,3.0,8.502,5.7272727275,7.51,5.0,5.936666667,10.0,,4.0,6.0,,,,Fase 2 (5° e 6° ano),0,,,,2024,8.125,EE Donizetti Aparecido Leite Professor,Cursando,Completo,2.0
RA-1505,2P,2P,Aluno-1505,,13.0,Masculino,2024,Pública,6.7199171717,Agata,,,,3.0,9.502,7.5252525255,7.51,3.75,6.943333333,5.0,,3.0,4.5,,,,Fase 3 (7° e 8° ano),-1,,,,2024,8.75,EE Donizetti Aparecido Leite Professor,Cursando,Completo,2.0
RA-643,2P,2P,Aluno-643,,12.0,Masculino,2022,Pública,6.402239075100001,Agata,,,,3.0,9.002,6.8660287085,7.51,4.5,5.826666667,5.0,,3.0,6.0,,,,Fase 3 (7° e 8° ano),-1,,,,2024,8.125,EE Donizetti Aparecido Leite Professor,Cursando,Completo,2.0
RA-645,2P,2P,Aluno-645,,12.0,Feminino,2022,Pública,7.502239394,Ametista,,,,3.0,7.418,8.3863636365,7.51,5.25,7.556666667,10.0,,3.0,7.5,,,,Fase 2 (5° e 6° ano),0,,,,2024,7.708333333,EE Donizetti Aparecido Leite Professor,Cursando,Completo,2.0
RA-1068,2R,2R,Aluno-1068,,11.0,Masculino,2023,Pública,9.0150030303,Topázio,,,,3.0,9.502,9.068181818,7.51,9.5,8.73,10.0,,9.0,10.0,,,,Fase 2 (5° e 6° ano),0,,,,2024,8.541666667,EE Maria André Schunck Dona,Cursando,Completo,2.0
RA-798,2R,2R,Aluno-798,,12.0,Masculino,2022,Pública,4.6743653679,Quartzo,,,,3.0,6.834,3.5064935065,7.51,4.75,2.943333333,5.0,,4.0,5.5,,,,Fase 3 (7° e 8° ano),-1,,,,2024,5.0,EE Maria André Schunck Dona,Cursando,Completo,2.0
RA-799,2R,2R,Aluno-799,,11.0,Feminino,2022,Pública,7.702648484900001,Ametista,,,,3.0,7.918,9.090909091,7.51,5.25,7.5,10.0,,5.0,5.5,,,,Fase 2 (5° e 6° ano),0,,,,2024,7.916666667,EE Maria André Schunck Dona,Cursando,Completo,2.0
RA-1506,2R,2R,Aluno-1506,,11.0,Feminino,2024,Pública,7.151855844200001,Ametista,,,,3.0,8.002,8.3874458875,7.51,3.5,7.886666667,10.0,,0.0,7.0,,,,Fase 2 (5° e 6° ano),0,,,,2024,6.458333333,EE Helio Luiz Dobrochinski Prof,Cursando,Completo,2.0
RA-802,2R,2R,Aluno-802,,11.0,Masculino,2021,Pública,7.8317974024999994,Ametista,,,,3.0,7.502,7.012987013,7.51,8.75,6.723333333,10.0,,9.0,8.5,,,,Fase 2 (5° e 6° ano),0,,,,2024,8.333333333,EE Maria André Schunck Dona,Cursando,Completo,2.0
RA-1507,2R,2R,Aluno-1507,,12.0,Masculino,2024,Pública,5.046077056300001,Quartzo,,,,3.0,6.918,4.448051948,7.51,5.0,3.776666667,5.0,,5.0,5.0,,,,Fase 3 (7° e 8° ano),-1,,,,2024,4.583333333,EE Maria André Schunck Dona,Cursando,Completo,2.0
RA-1071,2R,2R,Aluno-1071,,12.0,Masculino,2023,Pública,4.8048623378,Quartzo,,,,3.0,8.002,4.188311688500001,7.51,4.5,2.996666667,5.0,,4.0,5.0,,,,Fase 3 (7° e 8° ano),-1,,,,2024,4.166666667,EE Maria André Schunck Dona,Cursando,Completo,2.0
RA-1508,2R,2R,Aluno-1508,,10.0,Feminino,2024,Pública,8.1804207793,Topázio,,,,3.0,7.502,7.2294372295,7.51,9.25,8.166666667,10.0,,10.0,8.5,,,,Fase 2 (5° e 6° ano),0,,,,2024,7.5,EE Helio Luiz Dobrochinski Prof,Cursando,Completo,2.0
RA-1509,2R,2R,Aluno-1509,,11.0,Masculino,2024,Pública,7.560230303200001,Ametista,,,,3.0,8.502,6.5151515155,7.51,7.5,7.446666667,10.0,,7.0,8.0,,,,Fase 2 (5° e 6° ano),0,,,,2024,6.666666667,EE Maria André Schunck Dona,Cursando,Completo,2.0
RA-1510,2R,2R,Aluno-1510,,11.0,Feminino,2024,Pública,9.464745454400001,Topázio,,,,3.0,10.002,9.7727272725,7.51,10.0,9.003333333,10.0,,10.0,10.0,,,,Fase 2 (5° e 6° ano),0,,,,2024,9.583333333,EE Maria André Schunck Dona,Cursando,Completo,2.0
RA-785,2U,2U,Aluno-785,,11.0,Feminino,2022,Pública,9.1548666666,Topázio,,,,3.0,9.502,10.0,7.51,9.0,8.893333333,10.0,,8.0,10.0,,,,Fase 2 (5° e 6° ano),0,,,,2024,8.75,EE Helio Luiz Dobrochinski Prof,Cursando,Completo,2.0
RA-1511,2U,2U,Aluno-1511,,11.0,Feminino,2024,Pública,8.9217077641,Topázio,,,,3.0,10.002,9.3271221535,7.51,8.75,8.556666667,10.0,,8.0,9.5,,,,Fase 2 (5° e 6° ano),0,,,,2024,8.4375,EE Helio Luiz Dobrochinski Prof,Cursando,Completo,2.0
RA-752,2U,2U,Aluno-752,,12.0,Feminino,2022,Pública,6.57279265,Agata,,,,3.0,9.502,7.525879916999999,7.51,5.75,5.613333333,5.0,,7.0,4.5,,,,Fase 3 (7° e 8° ano),-1,,,,2024,5.9375,EE Donizetti Aparecido Leite Professor,Cursando,Completo,2.0
RA-790,2U,2U,Aluno-790,,13.0,Masculino,2022,Pública,6.8089355072,Agata,,,,3.0,7.502,6.811594203,7.51,6.75,6.883333333,5.0,,4.0,9.5,,,,Fase 3 (7° e 8° ano),-1,,,,2024,7.1875,EM Cecilia Cristina de Oliveira Rodrigues,Cursando,Completo,2.0
RA-590,2U,2U,Aluno-590,,12.0,Feminino,2021,Privada,6.712378053800001,Agata,,,,3.0,8.002,8.457556936,6.26,4.0,7.723333333,5.0,,8.0,0.0,,,,Fase 3 (7° e 8° ano),-1,,,,2024,7.5,Colégio Nogueira e Sonho de Criança,Cursando,Completo,2.0
RA-1512,2U,2U,Aluno-1512,,10.0,Feminino,2024,Pública,8.10445,Topázio,,,,3.0,9.502,10.0,7.51,5.5,7.61,10.0,,7.0,4.0,,,,Fase 2 (5° e 6° ano),0,,,,2024,7.8125,EE Helio Luiz Dobrochinski Prof,Cursando,Completo,2.0
RA-472,2U,2U,Aluno-472,,14.0,Feminino,2022,Pública,6.6397610766,Agata,,,,3.0,7.502,7.48447205,7.51,6.25,6.333333333,5.0,,4.0,8.5,,,,Fase 3 (7° e 8° ano),-1,,,,2024,6.25,EM Cecilia Cristina de Oliveira Rodrigues,Cursando,Completo,2.0
RA-628,2U,2U,Aluno-628,,13.0,Masculino,2022,Pública,8.2366166666,Topázio,,,,3.0,9.002,10.0,7.51,9.0,7.833333333,5.0,,8.0,10.0,,,,Fase 3 (7° e 8° ano),-1,,,,2024,7.1875,EM Alfredo Schunk,Cursando,Completo,2.0
RA-1513,2U,2U,Aluno-1513,,12.0,Feminino,2024,Pública,6.5509171717,Agata,,,,3.0,8.502,7.5252525255,7.51,3.75,7.223333333,5.0,,4.0,3.5,,,,Fase 3 (7° e 8° ano),-1,,,,2024,7.5,EE Maria André Schunck Dona,Cursando,Completo,2.0
RA-1514,2U,2U,Aluno-1514,,12.0,Feminino,2024,Pública,7.520576262600001,Ametista,,,,3.0,9.002,7.979797980000001,7.51,5.5,7.273333333,10.0,,5.0,6.0,,,,Fase 2 (5° e 6° ano),0,,,,2024,7.1875,EM Cecilia Cristina de Oliveira Rodrigues,Cursando,Completo,2.0
RA-629,2U,2U,Aluno-629,,11.0,Feminino,2022,Pública,8.061295238200001,Topázio,,,,3.0,10.002,9.523809524,7.51,6.0,7.276666667,10.0,,6.0,6.0,,,,Fase 2 (5° e 6° ano),0,,,,2024,7.5,EM Cecilia Cristina de Oliveira Rodrigues,Cursando,Completo,2.0
RA-832,2U,2U,Aluno-832,,11.0,Masculino,2022,Pública,8.2403304348,Topázio,,,,3.0,9.002,8.695652174,7.51,8.0,7.5,10.0,,7.0,9.0,,,,Fase 2 (5° e 6° ano),0,,,,2024,7.5,EE Helio Luiz Dobrochinski Prof,Cursando,Completo,2.0
RA-1515,2U,2U,Aluno-1515,,12.0,Feminino,2024,Pública,5.832133333300001,Quartzo,,,,3.0,6.418,6.6666666665,6.255,3.5,6.72,5.0,,6.0,1.0,,,,Fase 3 (7° e 8° ano),-1,,,,2024,6.875,EE Maria André Schunck Dona,Cursando,Completo,2.0
RA-833,2U,2U,Aluno-833,,11.0,Masculino,2022,Pública,8.5184577641,Topázio,,,,3.0,9.002,9.3271221535,7.51,8.0,7.946666667,10.0,,9.0,7.0,,,,Fase 2 (5° e 6° ano),0,,,,2024,8.125,EM Cecilia Cristina de Oliveira Rodrigues,Cursando,Completo,2.0
RA-819,2U,2U,Aluno-819,,10.0,Masculino,2022,Pública,8.652552484400001,Topázio,,,,3.0,10.002,7.784679089,7.51,9.0,8.503333333,10.0,,8.0,10.0,,,,Fase 1 (3° e 4° ano),1,,,,2024,8.4375,Estuda em outra cidade,Cursando,Completo,2.0
RA-1073,3A,3A,Aluno-1073,,13.0,Feminino,2022,Pública,7.0859945773333335,Ametista,,,,4.0,9.168,6.370972886666667,7.5,6.5,5.7875,10.0,,6.5,5.0,8.0,,,Fase 3 (7° e 8° ano),0,,,,2024,6.875,EE Mario Francisco de Amorim,Cursando,Completo,3.0
RA-494,3A,3A,Aluno-494,,13.0,Feminino,2022,Privada,7.922281328333334,Ametista,,,,4.0,7.5,7.329323308333333,8.755,6.333333333333333,8.915,10.0,,6.0,5.5,7.5,,,Fase 3 (7° e 8° ano),0,,,,2024,7.8125,Rede Decisão - Unidade União,Cursando,Completo,3.0
RA-484,3A,3A,Aluno-484,,13.0,Masculino,2022,Pública,3.8354776573333336,Quartzo,,,,4.0,8.334,3.9141382866666667,2.51,0.0,3.1225,10.0,,0.0,0.0,0.0,,,Fase 3 (7° e 8° ano),0,,,,2024,3.4375,EE Leonice de Aquino Oliveira,Cursando,Completo,3.0
RA-496,3A,3A,Aluno-496,,13.0,Masculino,2021,Privada,6.726607507733334,Agata,,,,4.0,10.002,5.315995871999999,6.255,5.666666666666667,6.1625,10.0,,5.0,4.5,7.5,,,Fase 3 (7° e 8° ano),0,,,,2024,6.71875,Recanto Betânia Centro Educacional,Cursando,Completo,3.0
RA-1516,3A,3A,Aluno-1516,,13.0,Feminino,2024,Privada,7.217066033133334,Ametista,,,,4.0,9.585,5.404288499000001,9.38,4.666666666666667,7.5475,10.0,,0.0,5.0,9.0,,,Fase 3 (7° e 8° ano),3,,,,2024,7.96875,Colégio Arco Íris Evolução,Cursando,Completo,3.0
RA-1143,3A,3A,Aluno-1143,,16.0,Feminino,2021,Pública,5.881225668333334,Quartzo,,,,4.0,9.585,5.201336675,9.38,3.1666666666666665,6.79,2.5,,3.0,6.5,0.0,,,Fase 6 (2° EM),-3,,,,2024,7.03125,EE Joaquim Mendes Feliz,Cursando,Completo,3.0
RA-1517,3A,3A,Aluno-1517,,15.0,Masculino,2024,Pública,6.240744444466667,Agata,,,,4.0,9.168,4.305555555666667,9.38,4.666666666666667,6.7075,5.0,,5.0,4.5,4.5,,,Fase 4 (9° ano),-1,,,,2024,7.5,EE Maria André Schunck Dona,Cursando,Completo,3.0
RA-1518,3A,3A,Aluno-1518,,15.0,Feminino,2022,Pública,5.721382142866666,Quartzo,,,,4.0,7.084,5.714285714333333,9.38,1.75,6.5825,5.0,,0.0,3.5,,,,Fase 4 (9° ano),-1,,,,2024,7.65625,EE Leonice de Aquino Oliveira,Cursando,Completo,3.0
RA-227,3A,3A,Aluno-227,,13.0,Masculino,2022,Pública,8.074015455333335,Topázio,,,,4.0,9.585,8.097577276666668,9.38,6.5,7.54,10.0,,4.0,6.0,9.5,,,Fase 3 (7° e 8° ano),0,,,,2024,7.5,Colégio Nogueira e Sonho de Criança,Cursando,Completo,3.0
RA-487,3A,3A,Aluno-487,,12.0,Feminino,2021,Privada - Programa de Apadrinhamento,9.4171373016,Topázio,,,,4.0,9.168,9.441269841333334,9.38,9.666666666666666,9.1725,10.0,,10.0,9.0,10.0,,,Fase 3 (7° e 8° ano),0,,,,2024,9.0625,Colégio Arco Íris Evolução,Cursando,Completo,3.0
RA-1076,3A,3A,Aluno-1076,,13.0,Feminino,2021,Pública,7.479598365200001,Ametista,,,,4.0,8.334,7.777033492666668,8.125,6.333333333333333,6.5425,10.0,,5.5,6.5,7.0,,,Fase 3 (7° e 8° ano),0,,,,2024,7.03125,EE Mario Francisco de Amorim,Cursando,Completo,3.0
RA-1084,3A,3A,Aluno-1084,,12.0,Feminino,2023,Pública,6.9071109649333335,Agata,,,,4.0,8.751,7.705263158,5.63,3.6666666666666665,7.4575,10.0,,1.0,6.0,4.0,,,Fase 3 (7° e 8° ano),0,,,,2024,7.03125,EE Leonice de Aquino Oliveira,Cursando,Completo,3.0
RA-1519,3A,3A,Aluno-1519,,15.0,Masculino,2024,,7.210222117800001,Ametista,,,,4.0,9.585,5.560902255666666,8.755,4.833333333333333,7.5025,10.0,,0.0,6.5,8.0,,,Fase 3 (7° e 8° ano),3,,,,2024,7.96875,,Cursando,Completo,3.0
RA-490,3A,3A,Aluno-490,,12.0,Feminino,2022,Privada,7.368084290266667,Ametista,,,,4.0,9.168,5.5110047846666665,8.755,6.166666666666667,7.295,10.0,,5.5,6.0,7.0,,,Fase 2 (5° e 6° ano),1,,,,2024,7.8125,Rede Decisão - Unidade União,Cursando,Completo,3.0
RA-346,3A,3A,Aluno-346,,12.0,Masculino,2022,Pública,7.761749603200001,Ametista,,,,4.0,10.002,9.149206349333333,2.51,6.166666666666667,8.2525,10.0,,6.0,4.5,8.0,,,Fase 3 (7° e 8° ano),0,,,,2024,7.96875,Rede Decisão - Unidade União,Cursando,Completo,3.0
RA-546,3B,3B,Aluno-546,,13.0,Feminino,2021,Pública,5.702426010066667,Quartzo,,,,4.0,5.832,3.7838383836666662,8.135,4.666666666666667,5.5,10.0,,0.0,4.0,10.0,,,Fase 3 (7° e 8° ano),0,,,,2024,5.15625,EE Alexandre Rodrigues Nogueira,Cursando,Completo,3.0
RA-1087,3B,3B,Aluno-1087,,13.0,Feminino,2023,Pública,6.913936532,Agata,,,,4.0,7.917,8.393265993333333,8.755,2.6666666666666665,6.58,10.0,,2.0,5.0,1.0,,,Fase 3 (7° e 8° ano),0,,,,2024,7.1875,EE Mario Francisco de Amorim,Cursando,Completo,3.0
RA-493,3B,3B,Aluno-493,,11.0,Feminino,2021,Pública,7.4643250000000005,Ametista,,,,4.0,10.002,8.933333333333334,10.0,3.1666666666666665,6.705,10.0,,3.0,4.0,2.5,,,Fase 2 (5° e 6° ano),1,,,,2024,7.03125,EE Mario Francisco de Amorim,Cursando,Completo,3.0
RA-1520,3B,3B,Aluno-1520,,14.0,Feminino,2024,Pública,7.0026462121333335,Ametista,,,,4.0,8.334,9.060606060666666,8.75,3.75,7.3325,5.0,,4.0,3.5,,,,Fase 4 (9° ano),-1,,,,2024,7.65625,EE Alexandre Rodrigues Nogueira,Cursando,Completo,3.0
RA-1072,3B,3B,Aluno-1072,,12.0,Masculino,2023,Pública,7.8153856754,Ametista,,,,4.0,8.751,5.627886710333333,8.755,8.166666666666666,7.545,10.0,,8.0,7.0,9.5,,,Fase 3 (7° e 8° ano),0,,,,2024,7.96875,EE Leonice de Aquino Oliveira,Cursando,Completo,3.0
RA-1521,3B,3B,Aluno-1521,,14.0,Feminino,2024,Pública,5.065788844333333,Quartzo,,,,4.0,7.5,6.157902555,2.51,3.1666666666666665,5.4525,5.0,,2.0,5.5,2.0,,,Fase 4 (9° ano),-1,,,,2024,6.09375,EE Alexandre Rodrigues Nogueira,Cursando,Completo,3.0
RA-536,3B,3B,Aluno-536,,11.0,Feminino,2021,Pública,7.7704681818,Ametista,,,,4.0,8.334,9.109090909,8.135,5.5,7.415,10.0,,6.5,4.5,5.5,,,Fase 2 (5° e 6° ano),1,,,,2024,7.1875,EE Leonice de Aquino Oliveira,Cursando,Completo,3.0
RA-1079,3B,3B,Aluno-1079,,13.0,Masculino,2023,Pública,5.4253413299333335,Quartzo,,,,4.0,7.5,4.516498316333333,2.51,6.333333333333333,4.1625,10.0,,5.0,7.5,6.5,,,Fase 3 (7° e 8° ano),0,,,,2024,4.21875,EE Alexandre Rodrigues Nogueira,Cursando,Completo,3.0
RA-331,3B,3B,Aluno-331,,14.0,Feminino,2021,Pública,6.231045707066668,Agata,,,,4.0,8.751,7.735353535333334,8.755,3.5,5.62,5.0,,4.0,3.5,3.0,,,Fase 4 (9° ano),-1,,,,2024,6.09375,EE Leonice de Aquino Oliveira,Cursando,Completo,3.0
RA-1522,3B,3B,Aluno-1522,,13.0,Masculino,2024,Pública,8.3261,Topázio,,,,4.0,8.751,10.0,9.38,7.0,7.1275,10.0,,10.0,4.0,,,,Fase 3 (7° e 8° ano),0,,,,2024,6.875,EE Leonice de Aquino Oliveira,Cursando,Completo,3.0
RA-1096,3B,3B,Aluno-1096,,11.0,Feminino,2023,Pública,9.189883333333334,Topázio,,,,4.0,9.168,9.866666666666667,8.755,8.5,9.09,10.0,,8.5,7.0,10.0,,,Fase 2 (5° e 6° ano),1,,,,2024,9.0625,EE Leonice de Aquino Oliveira,Cursando,Completo,3.0
RA-513,3B,3B,Aluno-513,,11.0,Masculino,2021,Privada,8.728632539666668,Topázio,,,,4.0,10.002,8.831746031666666,8.135,7.666666666666667,8.545,10.0,,9.0,5.5,8.5,,,Fase 2 (5° e 6° ano),1,,,,2024,9.0625,Escola João Paulo II,Cursando,Completo,3.0
RA-531,3B,3B,Aluno-531,,12.0,Masculino,2022,Pública,7.9127926470666665,Ametista,,,,4.0,9.168,9.803921568666667,4.38,6.666666666666667,7.335,10.0,,6.5,4.5,9.0,,,Fase 3 (7° e 8° ano),0,,,,2024,7.96875,EE Leonice de Aquino Oliveira,Cursando,Completo,3.0
RA-1523,3B,3B,Aluno-1523,,11.0,Masculino,2024,Pública,8.67371279,Topázio,,,,4.0,6.666,9.283272283333334,8.755,8.166666666666666,8.755,10.0,,8.0,6.5,10.0,,,Fase 2 (5° e 6° ano),1,,,,2024,8.90625,EE Alexandre Rodrigues Nogueira,Cursando,Completo,3.0
RA-1524,3B,3B,Aluno-1524,,14.0,Feminino,2024,Pública,5.5473805555333335,Quartzo,,,,4.0,7.917,2.777777777666667,7.51,4.0,6.9175,5.0,,4.0,,,,,Fase 4 (9° ano),-1,,,,2024,7.65625,EE Mario Francisco de Amorim,Cursando,Completo,3.0
RA-1147,3B,3B,Aluno-1147,,15.0,Feminino,2023,Pública,5.833118518533334,Quartzo,,,,4.0,8.751,6.125925926,8.755,3.1666666666666665,5.495,5.0,,2.0,5.0,2.5,,,Fase 4 (9° ano),-1,,,,2024,6.25,EE Loris Nassif Mattar Profa,Cursando,Completo,3.0
RA-479,3C,3C,Aluno-479,,12.0,Masculino,2021,Privada - Programa de Apadrinhamento,8.901966666666668,Topázio,,,,3.0,9.168,9.866666666666667,2.51,9.666666666666666,9.45,10.0,,10.0,9.0,10.0,,,Fase 2 (5° e 6° ano),1,,,,2024,9.375,Colégio Arco Íris Evolução,Cursando,Completo,3.0
RA-517,3C,3C,Aluno-517,,14.0,Feminino,2021,Pública,5.880466583166668,Quartzo,,,,3.0,7.5,5.266499582333334,2.51,5.0,6.11,10.0,,4.5,4.0,6.5,,,Fase 3 (7° e 8° ano),0,,,,2024,6.041666667,EE Paschoal Carlos Magno,Cursando,Completo,3.0
RA-325,3C,3C,Aluno-325,,12.0,Masculino,2022,Pública,8.385133333233336,Topázio,,,,3.0,9.168,9.866666666666667,7.51,7.0,7.553333333,10.0,,7.0,5.5,8.5,,,Fase 3 (7° e 8° ano),0,,,,2024,8.333333333,EE Paschoal Carlos Magno,Cursando,Completo,3.0
RA-1525,3C,3C,Aluno-1525,,13.0,Masculino,2024,Pública,7.778263492033334,Ametista,,,,3.0,7.917,8.293650793666666,5.63,7.0,7.553333333,10.0,,6.5,5.5,9.0,,,Fase 3 (7° e 8° ano),0,,,,2024,8.541666667,EE Joaquim Mendes Feliz,Cursando,Completo,3.0
RA-518,3C,3C,Aluno-518,,12.0,Masculino,2022,Pública,6.3467483709,Agata,,,,3.0,8.334,6.8300751879999995,2.51,4.0,6.94,10.0,,7.5,3.5,1.0,,,Fase 3 (7° e 8° ano),0,,,,2024,7.083333333,EE Paschoal Carlos Magno,Cursando,Completo,3.0
RA-1146,3C,3C,Aluno-1146,,15.0,Feminino,2023,Pública,5.3933086048000005,Quartzo,,,,3.0,10.002,5.017209691,6.88,2.0,5.883333333,5.0,,2.0,0.0,4.0,,,Fase 5 (1° EM),-2,,,,2024,6.25,EE Mario Francisco de Amorim,Cursando,Completo,3.0
RA-530,3C,3C,Aluno-530,,12.0,Masculino,2021,Pública,7.214534419433333,Ametista,,,,3.0,8.751,6.468838763666667,9.38,4.5,7.496666667,10.0,,4.0,6.0,3.5,,,Fase 3 (7° e 8° ano),0,,,,2024,7.083333333,EE Joaquim Mendes Feliz,Cursando,Completo,3.0
RA-524,3C,3C,Aluno-524,,13.0,Masculino,2021,Pública,7.026322556366667,Ametista,,,,3.0,7.083,5.111779448666667,2.51,8.666666666666666,7.39,10.0,,8.5,7.5,10.0,,,Fase 3 (7° e 8° ano),0,,,,2024,8.333333333,EE Paschoal Carlos Magno,Cursando,Completo,3.0
RA-578,3C,3C,Aluno-578,,12.0,Masculino,2021,Privada - Programa de Apadrinhamento,9.066199999966669,Topázio,,,,3.0,10.002,10.0,2.51,9.833333333333334,9.45,10.0,,10.0,9.5,10.0,,,Fase 2 (5° e 6° ano),1,,,,2024,9.583333333,Colégio Arco Íris Evolução,Cursando,Completo,3.0
RA-526,3C,3C,Aluno-526,,14.0,Masculino,2022,Pública,7.843157894833334,Ametista,,,,3.0,9.585,9.382456140333334,8.13,7.333333333333333,7.496666667,5.0,,8.5,3.5,10.0,,,Fase 4 (9° ano),-1,,,,2024,7.291666667,EE Paschoal Carlos Magno,Cursando,Completo,3.0
RA-528,3C,3C,Aluno-528,,13.0,Masculino,2021,Pública,7.276330075300001,Ametista,,,,3.0,9.168,5.793483709333334,7.51,6.666666666666667,6.936666667,10.0,,8.5,4.5,7.0,,,Fase 3 (7° e 8° ano),0,,,,2024,7.291666667,EE Joaquim Mendes Feliz,Cursando,Completo,3.0
RA-516,3C,3C,Aluno-516,,11.0,Masculino,2021,Privada - Programa de Apadrinhamento,8.384033333366668,Topázio,,,,3.0,10.002,10.0,2.51,8.833333333333334,7.56,10.0,,8.0,8.5,10.0,,,Fase 2 (5° e 6° ano),1,,,,2024,8.541666667,Colégio Arco Íris Evolução,Cursando,Completo,3.0
RA-534,3C,3C,Aluno-534,,14.0,Masculino,2021,Pública,7.088855054266667,Ametista,,,,3.0,9.585,6.043441938333333,7.51,5.0,7.103333333,10.0,,4.0,4.0,7.0,,,Fase 3 (7° e 8° ano),0,,,,2024,7.5,EE Paschoal Carlos Magno,Cursando,Completo,3.0
RA-1097,3C,3C,Aluno-1097,,15.0,Masculino,2023,Pública,5.475324895633334,Quartzo,,,,3.0,10.002,4.849791144666667,6.25,3.0,5.88,5.0,,4.5,4.5,0.0,,,Fase 4 (9° ano),-1,,,,2024,6.041666667,EE Paschoal Carlos Magno,Cursando,Completo,3.0
RA-360,3C,3C,Aluno-360,,14.0,Feminino,2021,Pública,6.293175689166667,Agata,,,,3.0,8.334,5.618045113,5.0,5.833333333333333,6.993333333,5.0,,4.0,6.0,7.5,,,Fase 4 (9° ano),-1,,,,2024,7.708333333,EE Paschoal Carlos Magno,Cursando,Completo,3.0
RA-1526,3D,3D,Aluno-1526,,13.0,Feminino,2024,Pública,7.9798,Ametista,,,,4.0,9.168,10.0,8.75,3.75,8.1275,10.0,,2.0,5.5,,,,Fase 3 (7° e 8° ano),0,,,,2024,8.125,EE Alexandre Rodrigues Nogueira,Cursando,Completo,3.0
RA-1077,3D,3D,Aluno-1077,,12.0,Masculino,2023,Pública,5.543865740733334,Quartzo,,,,4.0,0.0,7.703703703666666,6.885,2.0,6.37,10.0,,0.0,6.0,0.0,,,Fase 3 (7° e 8° ano),0,,,,2024,6.40625,EE Alexandre Rodrigues Nogueira,Cursando,Completo,3.0
RA-508,3D,3D,Aluno-508,,12.0,Masculino,2022,Pública,6.771708625733333,Agata,,,,4.0,7.083,5.567251461999999,7.51,4.666666666666667,7.5,10.0,,0.0,7.0,7.0,,,Fase 2 (5° e 6° ano),1,,,,2024,7.65625,EE Alexandre Rodrigues Nogueira,Cursando,Completo,3.0
RA-363,3D,3D,Aluno-363,,14.0,Masculino,2022,Privada,7.617803571466666,Ametista,,,,4.0,9.585,9.523809524,5.625,5.333333333333333,6.955,10.0,,4.0,3.5,8.5,,,Fase 3 (7° e 8° ano),0,,,,2024,7.34375,Colégio Nogueira e Sonho de Criança,Cursando,Completo,3.0
RA-340,3D,3D,Aluno-340,,13.0,Masculino,2021,Pública,6.715437329466668,Agata,,,,4.0,7.917,6.585769980666666,7.51,5.166666666666667,5.83,10.0,,6.0,7.0,2.5,,,Fase 3 (7° e 8° ano),0,,,,2024,6.5625,EE Alexandre Rodrigues Nogueira,Cursando,Completo,3.0
RA-1527,3D,3D,Aluno-1527,,13.0,Masculino,2024,Pública,8.631675000000001,Topázio,,,,4.0,9.168,10.0,7.51,8.0,7.835,10.0,,9.0,7.0,,,,Fase 3 (7° e 8° ano),0,,,,2024,7.96875,EE Alexandre Rodrigues Nogueira,Cursando,Completo,3.0
RA-509,3D,3D,Aluno-509,,13.0,Feminino,2021,Pública,6.918152272733334,Agata,,,,4.0,9.168,6.363636363666667,2.51,6.0,7.2475,10.0,,6.0,4.5,7.5,,,Fase 3 (7° e 8° ano),0,,,,2024,8.28125,EE Leonice de Aquino Oliveira,Cursando,Completo,3.0
RA-500,3D,3D,Aluno-500,,12.0,Feminino,2021,Privada - Programa de Apadrinhamento,8.077708333333334,Topázio,,,,4.0,9.585,10.0,2.51,6.666666666666667,8.3775,10.0,,6.0,6.0,8.0,,,Fase 3 (7° e 8° ano),0,,,,2024,8.59375,Colégio Arco Íris Evolução,Cursando,Completo,3.0
RA-1528,3D,3D,Aluno-1528,,13.0,Masculino,2024,Pública,7.622584090933335,Ametista,,,,4.0,9.168,7.787878788,7.51,5.666666666666667,7.335,10.0,,3.0,6.0,8.0,,,Fase 3 (7° e 8° ano),0,,,,2024,7.96875,EE Alexandre Rodrigues Nogueira,Cursando,Completo,3.0
RA-1089,3D,3D,Aluno-1089,,12.0,Feminino,2023,Pública,7.6221531746,Ametista,,,,4.0,9.168,7.039682539666667,8.13,6.833333333333333,6.995,10.0,,6.0,6.0,8.5,,,Fase 3 (7° e 8° ano),0,,,,2024,7.1875,EE Bairro Boa Vista,Cursando,Completo,3.0
RA-1090,3D,3D,Aluno-1090,,14.0,Masculino,2023,Pública,7.7652831384,Ametista,,,,4.0,9.585,7.621832358666666,7.51,6.333333333333333,7.4175,10.0,,3.5,7.5,8.0,,,Fase 3 (7° e 8° ano),0,,,,2024,7.8125,EE Alexandre Rodrigues Nogueira,Cursando,Completo,3.0
RA-503,3D,3D,Aluno-503,,12.0,Masculino,2021,Pública,8.547495614066667,Topázio,,,,4.0,9.585,9.824561403666666,7.51,7.666666666666667,7.7925,10.0,,6.0,8.0,9.0,,,Fase 2 (5° e 6° ano),1,,,,2024,7.8125,EE Leonice de Aquino Oliveira,Cursando,Completo,3.0
RA-1093,3D,3D,Aluno-1093,,12.0,Masculino,2023,Pública,8.5079027778,Topázio,,,,4.0,7.5,7.722222222333333,8.13,8.666666666666666,8.8825,10.0,,8.5,8.0,9.5,,,Fase 3 (7° e 8° ano),0,,,,2024,8.90625,EE Mario Francisco de Amorim,Cursando,Completo,3.0
RA-1094,3D,3D,Aluno-1094,,12.0,Feminino,2023,Pública,8.0164785714,Topázio,,,,4.0,9.168,9.523809523666666,2.51,7.333333333333333,8.1675,10.0,,6.0,7.5,8.5,,,Fase 3 (7° e 8° ano),0,,,,2024,8.4375,EE Leonice de Aquino Oliveira,Cursando,Completo,3.0
RA-1095,3D,3D,Aluno-1095,,14.0,Masculino,2023,Pública,6.108547514666667,Agata,,,,4.0,7.5,7.84502924,7.51,2.3333333333333335,5.125,10.0,,3.0,2.0,2.0,,,Fase 3 (7° e 8° ano),0,,,,2024,5.46875,EE Mario Francisco de Amorim,Cursando,Completo,3.0
RA-1098,3D,3D,Aluno-1098,,14.0,Feminino,2023,Pública,6.5744562514,Agata,,,,4.0,8.751,5.822406257,7.51,3.5,6.7475,10.0,,1.0,3.5,6.0,,,Fase 3 (7° e 8° ano),0,,,,2024,7.34375,EE Alexandre Rodrigues Nogueira,Cursando,Completo,3.0
RA-1106,3F,3F,Aluno-1106,,13.0,Masculino,2023,Pública,5.936272086266667,Quartzo,,,,4.0,8.334,5.4312354313333335,7.51,0.0,7.5,10.0,,0.0,0.0,0.0,,,Fase 3 (7° e 8° ano),0,,,,2024,7.65625,EE João Ortiz Rodrigues,Cursando,Completo,3.0
RA-568,3F,3F,Aluno-568,,16.0,Masculino,2021,Pública,5.545864285733334,Quartzo,,,,5.0,7.917,3.2619047620000003,8.13,5.166666666666667,5.496,5.0,,5.0,5.5,5.0,,,Fase 5 (1° EM),-2,,,,2024,6.5625,EE Joaquim Mendes Feliz,Cursando,Completo,3.0
RA-558,3F,3F,Aluno-558,,16.0,Masculino,2022,Pública,5.048054503133334,Quartzo,,,,5.0,9.168,3.7763975156666674,8.13,3.0,4.268,5.0,,2.5,4.0,2.5,,,Fase 5 (1° EM),-2,,,,2024,6.09375,EE Alexandre Rodrigues Nogueira,Cursando,Completo,3.0
RA-559,3F,3F,Aluno-559,,13.0,Masculino,2021,Pública,6.158158974333333,Agata,,,,5.0,10.002,5.705128205,8.13,3.1666666666666665,4.728,10.0,,1.0,2.5,6.0,,,Fase 3 (7° e 8° ano),0,,,,2024,6.25,EE João Ortiz Rodrigues,Cursando,Completo,3.0
RA-1529,3F,3F,Aluno-1529,,14.0,Feminino,2024,Pública,6.710079487200001,Agata,,,,5.0,6.666,7.435897436,7.51,5.5,6.964,5.0,,6.0,5.5,5.0,,,Fase 4 (9° ano),-1,,,,2024,8.125,EE João Ortiz Rodrigues,Cursando,Completo,3.0
RA-1111,3F,3F,Aluno-1111,,12.0,Feminino,2023,Pública,6.116032815733334,Agata,,,,5.0,6.249,4.600414078666667,7.5,5.0,5.824,10.0,,5.0,4.0,6.0,,,Fase 2 (5° e 6° ano),1,,,,2024,6.5625,EE Leonice de Aquino Oliveira,Cursando,Completo,3.0
RA-1108,3F,3F,Aluno-1108,,13.0,Masculino,2023,Pública,6.017215010400001,Agata,,,,5.0,9.168,3.7546583853333337,8.13,3.6666666666666665,5.422,10.0,,3.5,3.5,4.0,,,Fase 3 (7° e 8° ano),0,,,,2024,7.1875,EE João Ortiz Rodrigues,Cursando,Completo,3.0
RA-542,3F,3F,Aluno-542,,13.0,Feminino,2021,Pública,6.7205649586,Agata,,,,5.0,8.751,6.481366459666667,8.13,3.9333333333333336,6.232,10.0,,1.5,5.0,5.3,,,Fase 3 (7° e 8° ano),0,,,,2024,7.03125,EE João Ortiz Rodrigues,Cursando,Completo,3.0
RA-543,3F,3F,Aluno-543,,12.0,Feminino,2022,Pública,8.0467871118,Topázio,,,,5.0,8.751,9.616977225666666,2.51,6.833333333333333,8.7,10.0,,7.0,6.5,7.0,,,Fase 2 (5° e 6° ano),1,,,,2024,8.90625,EE João Ortiz Rodrigues,Cursando,Completo,3.0
RA-1530,3F,3F,Aluno-1530,,13.0,Masculino,2024,Pública,4.6391535714200005,Quartzo,,,,5.0,0.0,2.5238095237666665,8.13,2.8333333333333335,5.258,10.0,,1.5,7.0,0.0,,,Fase 3 (7° e 8° ano),0,,,,2024,7.03125,EE João Ortiz Rodrigues,Cursando,Completo,3.0
RA-555,3F,3F,Aluno-555,,14.0,Masculino,2021,Pública,5.111470186333333,Quartzo,,,,5.0,10.002,2.7505175983333334,6.885,4.333333333333333,5.03,5.0,,5.0,4.0,4.0,,,Fase 4 (9° ano),-1,,,,2024,5.0,EE Leonice de Aquino Oliveira,Cursando,Completo,3.0
RA-1531,3F,3F,Aluno-1531,,14.0,Masculino,2024,Pública,7.0491790134,Ametista,,,,5.0,8.751,7.9726867336666665,7.505,5.833333333333333,7.14,5.0,,4.5,8.0,5.0,,,Fase 4 (9° ano),-1,,,,2024,7.34375,EE João Ortiz Rodrigues,Cursando,Completo,3.0
RA-1099,3G,3G,Aluno-1099,,14.0,Feminino,2023,Pública,7.332483333333334,Ametista,,,,4.0,8.334,8.133333333333333,10.0,3.8333333333333335,6.6225,10.0,,2.5,3.5,5.5,,,Fase 3 (7° e 8° ano),0,,,,2024,7.8125,EE Leonice de Aquino Oliveira,Cursando,Completo,3.0
RA-1154,3G,3G,Aluno-1154,,14.0,Masculino,2023,Pública,7.5660750000000005,Ametista,,,,4.0,7.917,9.200000000000001,7.51,8.0,6.745,5.0,,7.0,7.0,10.0,,,Fase 4 (9° ano),-1,,,,2024,7.34375,EE João Ortiz Rodrigues,Cursando,Completo,3.0
RA-1100,3G,3G,Aluno-1100,,12.0,Masculino,2023,Pública,6.649708333333334,Agata,,,,4.0,7.5,7.1000000000000005,7.51,4.666666666666667,5.6175,10.0,,4.0,4.0,6.0,,,Fase 2 (5° e 6° ano),1,,,,2024,6.71875,EE João Ortiz Rodrigues,Cursando,Completo,3.0
RA-381,3G,3G,Aluno-381,,15.0,Masculino,2021,Pública,5.940775,Quartzo,,,,4.0,8.334,6.133333333333333,7.51,3.6666666666666665,6.1225,5.0,,2.5,4.5,4.0,,,Fase 5 (1° EM),-2,,,,2024,6.71875,EE Alexandre Rodrigues Nogueira,Cursando,Completo,3.0
RA-364,3G,3G,Aluno-364,,13.0,Masculino,2021,Pública,8.2697037582,Topázio,,,,4.0,8.751,9.526143791,7.51,7.5,7.2075,10.0,,8.0,5.0,9.5,,,Fase 3 (7° e 8° ano),0,,,,2024,7.96875,EE Leonice de Aquino Oliveira,Cursando,Completo,3.0
RA-539,3G,3G,Aluno-539,,13.0,Feminino,2022,Privada - Programa de Apadrinhamento,8.465533333333335,Topázio,,,,4.0,10.002,9.233333333333333,7.51,5.833333333333333,9.13,10.0,,5.0,3.5,9.0,,,Fase 3 (7° e 8° ano),0,,,,2024,8.75,Colégio Arco Íris Evolução,Cursando,Completo,3.0
RA-573,3G,3G,Aluno-573,,13.0,Masculino,2021,Pública,7.839050000000001,Ametista,,,,4.0,9.168,9.5,8.755,5.0,6.8275,10.0,,6.0,3.5,5.5,,,Fase 3 (7° e 8° ano),0,,,,2024,7.8125,EE João Ortiz Rodrigues,Cursando,Completo,3.0
RA-1107,3G,3G,Aluno-1107,,13.0,Feminino,2023,Pública,5.9731,Quartzo,,,,4.0,8.751,6.2,2.51,2.5,6.785,10.0,,1.0,3.5,3.0,,,Fase 3 (7° e 8° ano),0,,,,2024,7.5,EE João Ortiz Rodrigues,Cursando,Completo,3.0
RA-368,3G,3G,Aluno-368,,15.0,Masculino,2021,Pública,6.782158333333333,Agata,,,,4.0,7.917,6.166666666666667,7.51,7.0,6.7025,5.0,,4.5,7.0,9.5,,,Fase 4 (9° ano),-1,,,,2024,7.65625,EE João Ortiz Rodrigues,Cursando,Completo,3.0
RA-387,3G,3G,Aluno-387,,15.0,Masculino,2021,Pública,6.125500000000001,Agata,,,,4.0,7.5,7.166666666666667,7.51,4.333333333333333,5.9975,5.0,,5.0,4.0,4.0,,,Fase 4 (9° ano),-1,,,,2024,6.25,EE Leonice de Aquino Oliveira,Cursando,Completo,3.0
RA-556,3G,3G,Aluno-556,,13.0,Feminino,2021,Pública,5.833377380933333,Quartzo,,,,4.0,7.083,6.171428571333333,2.51,3.8333333333333335,6.1625,10.0,,1.5,4.5,5.5,,,Fase 3 (7° e 8° ano),0,,,,2024,6.40625,EE João Ortiz Rodrigues,Cursando,Completo,3.0
RA-389,3G,3G,Aluno-389,,13.0,Masculino,2021,Pública,7.2079551282,Ametista,,,,4.0,9.585,6.674358974333333,8.76,5.166666666666667,6.745,10.0,,6.5,4.0,5.0,,,Fase 3 (7° e 8° ano),0,,,,2024,6.5625,EE João Ortiz Rodrigues,Cursando,Completo,3.0
RA-390,3G,3G,Aluno-390,,13.0,Feminino,2022,Pública,6.5472236842000004,Agata,,,,4.0,7.5,6.080701754333333,8.755,4.166666666666667,6.08,10.0,,3.0,2.5,7.0,,,Fase 3 (7° e 8° ano),0,,,,2024,6.5625,EE João Ortiz Rodrigues,Cursando,Completo,3.0
RA-376,3G,3G,Aluno-376,,14.0,Feminino,2021,Pública,5.896573588800001,Quartzo,,,,4.0,10.002,8.287284610666667,2.51,2.8333333333333335,6.325,5.0,,2.0,5.0,1.5,,,Fase 4 (9° ano),-1,,,,2024,6.5625,EE Leonice de Aquino Oliveira,Cursando,Completo,3.0
RA-584,3G,3G,Aluno-584,,12.0,Feminino,2021,Pública,6.752914393933334,Agata,,,,4.0,8.751,5.636363636333333,8.755,4.333333333333333,6.37,10.0,,2.0,5.0,6.0,,,Fase 3 (7° e 8° ano),0,,,,2024,7.34375,EE João Ortiz Rodrigues,Cursando,Completo,3.0
RA-535,3H,3H,Aluno-535,,12.0,Feminino,2021,Pública,7.659555952400001,Ametista,,,,5.0,9.168,7.161904762,8.135,6.0,7.5,10.0,,7.0,5.5,5.5,,,Fase 3 (7° e 8° ano),0,,,,2024,7.96875,EE João Ortiz Rodrigues,Cursando,Completo,3.0
RA-547,3H,3H,Aluno-547,,13.0,Feminino,2021,Pública,7.2102906723333335,Ametista,,,,5.0,8.751,7.030620028333334,8.135,6.833333333333333,5.932,10.0,,9.0,4.5,7.0,,,Fase 3 (7° e 8° ano),0,,,,2024,5.625,EE João Ortiz Rodrigues,Cursando,Completo,3.0
RA-557,3H,3H,Aluno-557,,12.0,Masculino,2021,Privada - Programa de Apadrinhamento,9.350986466133334,Topázio,,,,5.0,10.002,8.756265663999999,7.51,9.666666666666666,9.576,10.0,,10.0,9.0,10.0,,,Fase 3 (7° e 8° ano),0,,,,2024,10.0,Colégio Arco Íris Evolução,Cursando,Completo,3.0
RA-548,3H,3H,Aluno-548,,13.0,Masculino,2021,Pública,7.240168803466668,Ametista,,,,5.0,9.168,7.600427350666667,7.51,6.666666666666667,5.626,10.0,,9.0,5.0,6.0,,,Fase 3 (7° e 8° ano),0,,,,2024,5.9375,EE João Ortiz Rodrigues,Cursando,Completo,3.0
RA-1102,3H,3H,Aluno-1102,,12.0,Masculino,2023,Pública,8.440611904733334,Topázio,,,,5.0,8.751,9.390476190333333,8.13,9.333333333333334,7.07,10.0,,10.0,8.0,10.0,,,Fase 2 (5° e 6° ano),1,,,,2024,5.9375,EE Leonice de Aquino Oliveira,Cursando,Completo,3.0
RA-1532,3H,3H,Aluno-1532,,15.0,Masculino,2024,Pública,4.548544781066667,Quartzo,,,,5.0,0.0,3.9057239053333332,7.51,2.0,6.832,5.0,,0.0,6.0,0.0,,,Fase 4 (9° ano),-1,,,,2024,7.5,EE João Ortiz Rodrigues,Cursando,Completo,3.0
RA-538,3H,3H,Aluno-538,,14.0,Masculino,2022,Pública,6.514094017066666,Agata,,,,5.0,8.751,7.668803418666666,7.51,6.166666666666667,5.292,5.0,,10.0,4.5,4.0,,,Fase 4 (9° ano),-1,,,,2024,5.625,EE Mario Francisco de Amorim,Cursando,Completo,3.0
RA-365,3H,3H,Aluno-365,,11.0,Feminino,2022,Pública,8.526983333333334,Topázio,,,,5.0,9.585,10.0,7.51,6.666666666666667,8.202,10.0,,8.0,7.0,5.0,,,Fase 2 (5° e 6° ano),1,,,,2024,8.4375,EE Loris Nassif Mattar Profa,Cursando,Completo,3.0
RA-563,3H,3H,Aluno-563,,12.0,Feminino,2021,Pública,8.595447619066668,Topázio,,,,5.0,9.168,9.461904762000001,8.135,8.333333333333334,7.468,10.0,,10.0,9.0,6.0,,,Fase 3 (7° e 8° ano),0,,,,2024,8.125,EE João Ortiz Rodrigues,Cursando,Completo,3.0
RA-1157,3H,3H,Aluno-1157,,15.0,Masculino,2023,Pública,7.916082936533334,Ametista,,,,5.0,9.585,9.082539682666665,7.51,7.0,8.466,5.0,,8.0,6.0,7.0,,,Fase 4 (9° ano),-1,,,,2024,7.96875,EE Olivia de Faria Nogueira,Cursando,Completo,3.0
RA-258,3H,3H,Aluno-258,,13.0,Feminino,2021,Pública,6.429063888866667,Agata,,,,5.0,7.084,6.944444444333333,7.51,2.5,6.732,10.0,,,5.0,0.0,,,Fase 3 (7° e 8° ano),0,,,,2024,7.34375,EE João Ortiz Rodrigues,Cursando,Completo,3.0
RA-369,3H,3H,Aluno-369,,13.0,Masculino,2022,Pública,5.667282265,Quartzo,,,,5.0,8.751,4.908119658333334,7.51,1.6666666666666667,5.428,10.0,,0.0,0.0,5.0,,,Fase 3 (7° e 8° ano),0,,,,2024,6.40625,EE Leonice de Aquino Oliveira,Cursando,Completo,3.0
RA-375,3H,3H,Aluno-375,,13.0,Masculino,2021,Pública,7.970034615400001,Ametista,,,,5.0,9.585,9.443589743666667,7.51,6.833333333333333,6.432,10.0,,9.0,5.5,6.0,,,Fase 3 (7° e 8° ano),0,,,,2024,7.1875,EE Leonice de Aquino Oliveira,Cursando,Completo,3.0
RA-1533,3I,3I,Aluno-1533,,14.0,Feminino,2024,Pública,9.089828985533336,Topázio,,,,4.0,9.168,9.710144927666667,8.135,9.5,8.3375,10.0,,10.0,8.5,10.0,,,Fase 3 (7° e 8° ano),0,,,,2024,8.5,EE Joaquim Mendes Feliz,Cursando,Completo,3.0
RA-1534,3I,3I,Aluno-1534,,13.0,Feminino,2024,Pública,7.188366666666667,Ametista,,,,4.0,7.917,9.666666666666666,8.135,1.1666666666666667,8.0825,10.0,,2.0,1.5,0.0,,,Fase 3 (7° e 8° ano),0,,,,2024,8.0,EE Paschoal Carlos Magno,Cursando,Completo,3.0
RA-1160,3I,3I,Aluno-1160,,14.0,Masculino,2023,Pública,6.274190982333334,Agata,,,,4.0,8.751,8.201288245,7.51,3.1666666666666665,6.2475,5.0,,5.5,2.0,2.0,,,Fase 4 (9° ano),-1,,,,2024,6.25,EE Joaquim Mendes Feliz,Cursando,Completo,3.0
RA-562,3I,3I,Aluno-562,,13.0,Feminino,2021,Pública,8.392733333333334,Topázio,,,,4.0,8.334,9.833333333333334,8.135,7.833333333333333,7.25,10.0,,7.5,7.5,8.5,,,Fase 3 (7° e 8° ano),0,,,,2024,7.625,EE Joaquim Mendes Feliz,Cursando,Completo,3.0
RA-1112,3I,3I,Aluno-1112,,13.0,Masculino,2023,Pública,6.8560823939999995,Agata,,,,4.0,9.585,9.02791197,8.135,4.0,4.705,10.0,,4.0,4.0,4.0,,,Fase 3 (7° e 8° ano),0,,,,2024,5.375,EE Joaquim Mendes Feliz,Cursando,Completo,3.0
RA-1535,3I,3I,Aluno-1535,,13.0,Feminino,2024,Pública,7.109390969933334,Ametista,,,,4.0,8.751,5.103121516333333,7.51,5.833333333333333,7.9175,10.0,,7.5,5.5,4.5,,,Fase 3 (7° e 8° ano),0,,,,2024,7.125,EE Paschoal Carlos Magno,Cursando,Completo,3.0
RA-1536,3I,3I,Aluno-1536,,15.0,Feminino,2024,Pública,7.653744444466668,Ametista,,,,4.0,9.168,8.722222222333334,8.135,7.0,7.4575,5.0,,10.0,3.5,7.5,,,Fase 4 (9° ano),-1,,,,2024,7.875,EE Paschoal Carlos Magno,Cursando,Completo,3.0
RA-357,3I,3I,Aluno-357,,14.0,Masculino,2022,Pública,7.731569404200001,Ametista,,,,4.0,8.751,9.028180354333333,8.135,7.666666666666667,7.0825,5.0,,8.5,7.0,7.5,,,Fase 4 (9° ano),-1,,,,2024,7.875,EE Joaquim Mendes Feliz,Cursando,Completo,3.0
RA-583,3I,3I,Aluno-583,,14.0,Feminino,2021,Pública,7.447591035933334,Ametista,,,,4.0,7.917,8.904455179666668,8.135,5.0,6.87,10.0,,6.5,4.5,4.0,,,Fase 3 (7° e 8° ano),0,,,,2024,6.875,EE Joaquim Mendes Feliz,Cursando,Completo,3.0
RA-1537,3I,3I,Aluno-1537,,14.0,Feminino,2024,Pública,8.176263231333333,Topázio,,,,4.0,9.168,8.33064949,8.135,8.666666666666666,8.67,5.0,,10.0,6.0,10.0,,,Fase 4 (9° ano),-1,,,,2024,8.125,EE Joaquim Mendes Feliz,Cursando,Completo,3.0
RA-599,3K,3K,Aluno-599,,12.0,Masculino,2022,Pública,8.3569352941,Topázio,,,,3.0,10.002,8.607843137333333,9.375,7.666666666666667,7.28,10.0,,8.0,7.0,8.0,,,Fase 2 (5° e 6° ano),1,,,,2024,7.083333333,EE Maria André Schunck Dona,Cursando,Completo,3.0
RA-651,3K,3K,Aluno-651,,12.0,Feminino,2022,Pública,8.689300000100001,Topázio,,,,3.0,9.168,10.0,7.51,7.5,8.336666667,10.0,,10.0,6.0,6.5,,,Fase 2 (5° e 6° ano),1,,,,2024,8.541666667,EE Mario Francisco de Amorim,Cursando,Completo,3.0
RA-1131,3K,3K,Aluno-1131,,13.0,Feminino,2023,Privada - Programa de Apadrinhamento,8.2889555555,Topázio,,,,3.0,8.334,9.277777777666666,6.255,8.333333333333334,7.893333333,10.0,,8.0,7.0,10.0,,,Fase 3 (7° e 8° ano),0,,,,2024,7.291666667,Colégio Arco Íris Evolução,Cursando,Completo,3.0
RA-403,3K,3K,Aluno-403,,14.0,Masculino,2021,Pública,8.008488888833334,Topázio,,,,3.0,8.751,7.361111111,7.51,7.666666666666667,7.613333333,10.0,,6.0,8.0,9.0,,,Fase 3 (7° e 8° ano),0,,,,2024,8.541666667,EE Maria André Schunck Dona,Cursando,Completo,3.0
RA-1538,3K,3K,Aluno-1538,,13.0,Masculino,2021,Pública,7.9631703704333345,Ametista,,,,3.0,9.168,7.935185184999999,8.13,7.166666666666667,7.106666667,10.0,,7.5,6.0,8.0,,,Fase 2 (5° e 6° ano),1,,,,2024,7.916666667,EE Maria André Schunck Dona,Cursando,Completo,3.0
RA-469,3K,3K,Aluno-469,,13.0,Feminino,2022,Pública,7.684639869300001,Ametista,,,,3.0,9.168,9.498366013,7.51,5.0,6.94,10.0,,6.0,4.0,5.0,,,Fase 3 (7° e 8° ano),0,,,,2024,7.291666667,EE Maria André Schunck Dona,Cursando,Completo,3.0
RA-1121,3K,3K,Aluno-1121,,12.0,Masculino,2023,Pública,8.407166666633334,Topázio,,,,3.0,9.585,10.0,7.51,6.666666666666667,8.28,10.0,,9.0,5.0,6.0,,,Fase 3 (7° e 8° ano),0,,,,2024,7.083333333,EE Maria André Schunck Dona,Cursando,Completo,3.0
RA-1122,3K,3K,Aluno-1122,,12.0,Masculino,2023,Pública,7.817322222166666,Ametista,,,,3.0,8.751,9.861111111,7.51,5.333333333333333,7.22,10.0,,5.0,4.5,6.5,,,Fase 2 (5° e 6° ano),1,,,,2024,7.083333333,EE Maria André Schunck Dona,Cursando,Completo,3.0
RA-422,3K,3K,Aluno-422,,14.0,Masculino,2022,Pública,5.544981481433334,Quartzo,,,,3.0,7.5,6.157407407333333,7.51,2.8333333333333335,5.5,5.0,,3.0,4.5,1.0,,,Fase 4 (9° ano),-1,,,,2024,6.458333333,EE Maria André Schunck Dona,Cursando,Completo,3.0
RA-1117,3K,3K,Aluno-1117,,12.0,Feminino,2023,Pública,7.601562962866668,Ametista,,,,3.0,8.751,8.314814814666667,7.51,5.666666666666667,6.833333333,10.0,,5.0,5.0,7.0,,,Fase 2 (5° e 6° ano),1,,,,2024,8.125,EE Maria André Schunck Dona,Cursando,Completo,3.0
RA-1539,3K,3K,Aluno-1539,,13.0,Feminino,2024,Pública,7.709588888900001,Ametista,,,,3.0,6.667,9.027777777666666,6.885,6.833333333333333,7.056666667,10.0,,6.0,7.0,7.5,,,Fase 3 (7° e 8° ano),0,,,,2024,7.708333333,EE Maria André Schunck Dona,Cursando,Completo,3.0
RA-618,3K,3K,Aluno-618,,15.0,Masculino,2021,Pública,6.718348148233334,Agata,,,,3.0,10.002,8.324074074,6.88,4.166666666666667,6.826666667,5.0,,5.0,4.5,3.0,,,Fase 5 (1° EM),-2,,,,2024,6.666666667,EE Donizetti Aparecido Leite Professor,Cursando,Completo,3.0
RA-669,3K,3K,Aluno-669,,12.0,Masculino,2022,Pública,6.6438703703,Agata,,,,3.0,7.5,4.851851851666666,7.51,5.333333333333333,6.883333333,10.0,,5.0,6.0,5.0,,,Fase 3 (7° e 8° ano),0,,,,2024,7.291666667,EE Maria André Schunck Dona,Cursando,Completo,3.0
RA-408,3K,3K,Aluno-408,,14.0,Feminino,2022,Pública,6.5276296297,Agata,,,,3.0,7.5,4.981481481666667,7.51,4.833333333333333,6.776666667,10.0,,3.0,5.5,6.0,,,Fase 3 (7° e 8° ano),0,,,,2024,7.083333333,EE Maria André Schunck Dona,Cursando,Completo,3.0
RA-610,3K,3K,Aluno-610,,11.0,Feminino,2022,Pública,7.894888888933334,Ametista,,,,3.0,9.585,9.694444444333334,3.76,6.333333333333333,8.336666667,10.0,,8.0,5.0,6.0,,,Fase 2 (5° e 6° ano),1,,,,2024,6.875,EE Maria André Schunck Dona,Cursando,Completo,3.0
RA-409,3K,3K,Aluno-409,,13.0,Feminino,2022,Pública,8.225462962900002,Topázio,,,,3.0,9.585,9.231481481333333,7.51,7.166666666666667,7.223333333,10.0,,7.0,7.5,7.0,,,Fase 3 (7° e 8° ano),0,,,,2024,7.916666667,EE Maria André Schunck Dona,Cursando,Completo,3.0
RA-464,3L,3L,Aluno-464,,15.0,Feminino,2022,Pública,6.872009064333334,Agata,,,,4.0,9.168,7.851461988333334,8.76,4.333333333333333,7.1175,5.0,,3.0,3.5,6.5,,,Fase 4 (9° ano),-1,,,,2024,7.1875,EE Maria André Schunck Dona,Cursando,Completo,3.0
RA-1165,3L,3L,Aluno-1165,,13.0,Feminino,2023,Pública,7.908044272466667,Ametista,,,,4.0,8.751,6.829721362333333,8.135,8.0,7.83,10.0,,9.0,7.5,7.5,,,Fase 3 (7° e 8° ano),0,,,,2024,6.875,EM Alfredo Schunk,Cursando,Completo,3.0
RA-466,3L,3L,Aluno-466,,15.0,Masculino,2022,Pública,6.778749122800001,Agata,,,,4.0,8.751,7.223245614,8.76,4.0,7.665,5.0,,3.0,6.5,2.5,,,Fase 4 (9° ano),-1,,,,2024,7.5,EE Maria André Schunck Dona,Cursando,Completo,3.0
RA-414,3L,3L,Aluno-414,,14.0,Feminino,2021,Pública,7.187625925933334,Ametista,,,,4.0,7.917,8.429629629666666,7.51,6.0,5.67,10.0,,9.0,3.0,6.0,,,Fase 3 (7° e 8° ano),0,,,,2024,6.25,EE Maria André Schunck Dona,Cursando,Completo,3.0
RA-401,3L,3L,Aluno-401,,14.0,Feminino,2021,Pública,6.728911403533334,Agata,,,,4.0,6.666,6.839473684333334,6.885,4.833333333333333,6.915,10.0,,7.0,5.0,2.5,,,Fase 3 (7° e 8° ano),0,,,,2024,6.5625,EE Maria André Schunck Dona,Cursando,Completo,3.0
RA-1141,3L,3L,Aluno-1141,,13.0,Feminino,2023,Pública,6.793890866866667,Agata,,,,4.0,9.585,6.191537667666666,7.51,4.166666666666667,6.7825,10.0,,5.0,4.5,3.0,,,Fase 3 (7° e 8° ano),0,,,,2024,6.5625,EE Maria André Schunck Dona,Cursando,Completo,3.0
RA-592,3L,3L,Aluno-592,,12.0,Feminino,2021,Privada,7.121622213600001,Ametista,,,,4.0,7.917,6.108152734666667,2.51,7.833333333333333,7.625,10.0,,7.0,8.0,8.5,,,Fase 2 (5° e 6° ano),1,,,,2024,7.65625,Escola João Paulo II,Cursando,Completo,3.0
RA-474,3L,3L,Aluno-474,,15.0,Masculino,2021,Pública,6.024753703733333,Agata,,,,4.0,9.168,5.818518518666667,7.51,3.0,6.8725,5.0,,4.0,3.0,2.0,,,Fase 4 (9° ano),-1,,,,2024,7.1875,EE Maria André Schunck Dona,Cursando,Completo,3.0
RA-602,3L,3L,Aluno-602,,13.0,Masculino,2021,Pública,8.647409313733334,Topázio,,,,4.0,9.585,9.670588235333334,7.51,7.333333333333333,8.545,10.0,,9.0,5.0,8.0,,,Fase 3 (7° e 8° ano),0,,,,2024,8.28125,EE Maria André Schunck Dona,Cursando,Completo,3.0
RA-666,3L,3L,Aluno-666,,12.0,Masculino,2022,Pública,8.185838802933334,Topázio,,,,4.0,10.002,7.881527348,7.51,7.166666666666667,8.375,10.0,,10.0,5.5,6.0,,,Fase 3 (7° e 8° ano),0,,,,2024,7.5,EE Maria André Schunck Dona,Cursando,Completo,3.0
RA-604,3L,3L,Aluno-604,,12.0,Feminino,2021,Pública,7.429623555266667,Ametista,,,,4.0,8.334,7.5029927763333335,8.13,7.0,6.21,10.0,,8.0,5.5,7.5,,,Fase 2 (5° e 6° ano),1,,,,2024,6.40625,EE Maria André Schunck Dona,Cursando,Completo,3.0
RA-476,3L,3L,Aluno-476,,14.0,Feminino,2021,Pública,6.7359982456,Agata,,,,4.0,7.917,6.5964912280000005,7.51,4.5,6.745,10.0,,7.0,4.0,2.5,,,Fase 3 (7° e 8° ano),0,,,,2024,6.25,EE Maria André Schunck Dona,Cursando,Completo,3.0
RA-423,3L,3L,Aluno-423,,14.0,Feminino,2022,Pública,6.616193704866666,Agata,,,,4.0,5.833,6.501135191,8.13,4.333333333333333,6.8275,10.0,,6.0,3.5,3.5,,,Fase 3 (7° e 8° ano),0,,,,2024,6.875,EE Maria André Schunck Dona,Cursando,Completo,3.0
RA-631,3L,3L,Aluno-631,,14.0,Masculino,2022,Pública,6.795673420466667,Agata,,,,4.0,8.334,7.2122004356666665,8.75,4.166666666666667,6.245,10.0,,7.0,3.5,2.0,,,Fase 3 (7° e 8° ano),0,,,,2024,5.625,EE Maria André Schunck Dona,Cursando,Completo,3.0
RA-658,3M,3M,Aluno-658,,12.0,Feminino,2022,Pública,7.507033333333333,Ametista,,,,5.0,8.751,10.0,8.135,3.6666666666666665,6.738,10.0,,5.5,2.5,3.0,,,Fase 2 (5° e 6° ano),1,,,,2024,7.375,EM Cecilia Cristina de Oliveira Rodrigues,Cursando,Completo,3.0
RA-1540,3M,3M,Aluno-1540,,14.0,Feminino,2024,Pública,5.696233333333334,Quartzo,,,,5.0,8.334,5.0,7.51,2.6666666666666665,6.83,5.0,,2.0,2.0,4.0,,,Fase 4 (9° ano),-1,,,,2024,7.125,EE Donizetti Aparecido Leite Professor,Cursando,Completo,3.0
RA-1541,3M,3M,Aluno-1541,,13.0,Masculino,2024,Pública,8.337,Topázio,,,,5.0,9.168,8.633333333333333,6.88,8.166666666666666,7.736,10.0,,9.0,7.0,8.5,,,Fase 3 (7° e 8° ano),0,,,,2024,8.25,EM Alfredo Schunk,Cursando,Completo,3.0
RA-1114,3M,3M,Aluno-1114,,12.0,Feminino,2023,Pública,7.437466666666667,Ametista,,,,5.0,8.751,9.533333333333333,2.51,5.0,7.836,10.0,,5.0,3.0,7.0,,,Fase 3 (7° e 8° ano),0,,,,2024,8.375,EM Cecilia Cristina de Oliveira Rodrigues,Cursando,Completo,3.0
RA-662,3M,3M,Aluno-662,,13.0,Feminino,2022,Pública,7.1074778554666675,Ametista,,,,5.0,7.917,7.6107226106666666,7.51,4.166666666666667,7.234,10.0,,4.5,5.0,3.0,,,Fase 3 (7° e 8° ano),0,,,,2024,7.625,EM Cecilia Cristina de Oliveira Rodrigues,Cursando,Completo,3.0
RA-760,3M,3M,Aluno-760,,13.0,Masculino,2021,Pública,6.942581818200001,Agata,,,,5.0,9.168,7.090909091,7.51,5.0,6.158,10.0,,2.5,3.5,9.0,,,Fase 3 (7° e 8° ano),0,,,,2024,6.25,EM Cecilia Cristina de Oliveira Rodrigues,Cursando,Completo,3.0
RA-1542,3M,3M,Aluno-1542,,16.0,Feminino,2024,Pública,6.0886079922,Agata,,,,5.0,7.501,6.304873294333333,8.135,3.1666666666666665,6.966,5.0,,1.0,3.5,5.0,,,Fase 5 (1° EM),-2,,,,2024,7.375,EE Donizetti Aparecido Leite Professor,Cursando,Completo,3.0
RA-404,3M,3M,Aluno-404,,14.0,Feminino,2021,Pública,6.624588235266668,Agata,,,,5.0,8.334,6.286274509666666,2.51,5.666666666666667,6.998,10.0,,6.0,5.0,6.0,,,Fase 3 (7° e 8° ano),0,,,,2024,7.5,EM Cecilia Cristina de Oliveira Rodrigues,Cursando,Completo,3.0
RA-1119,3M,3M,Aluno-1119,,14.0,Feminino,2023,Pública,7.388266666666667,Ametista,,,,5.0,9.585,8.716666666666667,7.51,5.666666666666667,7.698,5.0,,6.0,3.5,7.5,,,Fase 4 (9° ano),-1,,,,2024,7.625,EM Cecilia Cristina de Oliveira Rodrigues,Cursando,Completo,3.0
RA-1116,3M,3M,Aluno-1116,,15.0,Masculino,2023,Pública,3.7894777778,Quartzo,,,,5.0,0.0,3.3555555556666667,6.26,2.3333333333333335,5.066,5.0,,1.0,3.0,3.0,,,Fase 4 (9° ano),-1,,,,2024,5.125,EM Cecilia Cristina de Oliveira Rodrigues,Cursando,Completo,3.0
RA-667,3M,3M,Aluno-667,,13.0,Masculino,2021,Pública,7.177130604266668,Ametista,,,,5.0,9.168,7.038986354666666,7.51,4.666666666666667,6.966,10.0,,5.5,4.5,4.0,,,Fase 3 (7° e 8° ano),0,,,,2024,7.75,EM Cecilia Cristina de Oliveira Rodrigues,Cursando,Completo,3.0
RA-605,3M,3M,Aluno-605,,13.0,Feminino,2021,Pública,6.0175222222,Agata,,,,5.0,7.5,6.194444444333333,6.885,2.6666666666666665,5.534,10.0,,1.5,3.5,3.0,,,Fase 3 (7° e 8° ano),0,,,,2024,7.0,EM Cecilia Cristina de Oliveira Rodrigues,Cursando,Completo,3.0
RA-1543,3M,3M,Aluno-1543,,14.0,Masculino,2024,Pública,6.754584615400001,Agata,,,,5.0,7.5,8.076923077,7.51,5.0,7.066,5.0,,6.0,4.0,,,,Fase 4 (9° ano),-1,,,,2024,7.25,EE Donizetti Aparecido Leite Professor,Cursando,Completo,3.0
RA-1118,3M,3M,Aluno-1118,,14.0,Feminino,2023,Pública,7.0305545924,Ametista,,,,5.0,7.084,7.846439628666666,9.38,3.8333333333333335,6.866,10.0,,3.0,4.5,4.0,,,Fase 3 (7° e 8° ano),0,,,,2024,6.75,EM Alfredo Schunk,Cursando,Completo,3.0
RA-1544,3M,3M,Aluno-1544,,14.0,Feminino,2024,Pública,6.905568627466667,Agata,,,,5.0,8.334,8.674509804,6.885,5.833333333333333,6.598,5.0,,5.5,5.5,6.5,,,Fase 4 (9° ano),-1,,,,2024,6.625,EM Cecilia Cristina de Oliveira Rodrigues,Cursando,Completo,3.0
RA-1545,3N,3N,Aluno-1545,,12.0,Feminino,2024,Pública,7.296598575533334,Ametista,,,,2.0,7.501,6.210826211,8.13,8.166666666666666,6.165,10.0,,8.0,6.5,10.0,,,Fase 3 (7° e 8° ano),0,,,,2024,6.25,EE Paschoal Carlos Magno,Cursando,Completo,3.0
RA-1127,3N,3N,Aluno-1127,,12.0,Feminino,2023,Pública,8.180966666666668,Topázio,,,,2.0,9.168,10.0,7.51,5.833333333333333,7.67,10.0,,8.5,4.5,4.5,,,Fase 3 (7° e 8° ano),0,,,,2024,8.125,EE Donizetti Aparecido Leite Professor,Cursando,Completo,3.0
RA-1129,3N,3N,Aluno-1129,,12.0,Masculino,2023,Pública,7.360417647066668,Ametista,,,,2.0,9.168,7.137254902,8.13,6.833333333333333,5.745,10.0,,9.0,5.5,6.0,,,Fase 3 (7° e 8° ano),0,,,,2024,6.875,EE Donizetti Aparecido Leite Professor,Cursando,Completo,3.0
RA-1546,3N,3N,Aluno-1546,,14.0,Masculino,2024,Pública,6.900662108266667,Agata,,,,2.0,8.334,6.374643874666667,8.75,4.666666666666667,6.17,10.0,,5.0,3.0,6.0,,,Fase 3 (7° e 8° ano),0,,,,2024,7.5,EE Paschoal Carlos Magno,Cursando,Completo,3.0
RA-1130,3N,3N,Aluno-1130,,12.0,Masculino,2023,Pública,6.563952941199999,Agata,,,,2.0,8.751,6.278431372666667,8.13,4.333333333333333,5.33,10.0,,7.5,3.5,2.0,,,Fase 3 (7° e 8° ano),0,,,,2024,6.875,EE Donizetti Aparecido Leite Professor,Cursando,Completo,3.0
RA-1168,3N,3N,Aluno-1168,,14.0,Feminino,2023,Pública,6.864053921600001,Agata,,,,2.0,9.585,7.682352941333334,7.51,5.666666666666667,6.33,5.0,,8.5,3.5,5.0,,,Fase 4 (9° ano),-1,,,,2024,7.1875,EE Paschoal Carlos Magno,Cursando,Completo,3.0
RA-613,3N,3N,Aluno-613,,15.0,Masculino,2021,Pública,7.4019,Ametista,,,,2.0,8.334,9.566666666666666,7.51,7.333333333333333,6.25,5.0,,8.0,6.0,8.0,,,Fase 4 (9° ano),-1,,,,2024,6.875,EE Donizetti Aparecido Leite Professor,Cursando,Completo,3.0
RA-433,3N,3N,Aluno-433,,14.0,Masculino,2022,Pública,7.218157142866668,Ametista,,,,2.0,7.918,8.380952381,8.13,4.833333333333333,6.415,10.0,,6.5,4.0,4.0,,,Fase 3 (7° e 8° ano),0,,,,2024,6.875,EE Donizetti Aparecido Leite Professor,Cursando,Completo,3.0
RA-1547,3N,3N,Aluno-1547,,14.0,Feminino,2024,Pública,6.748480626800001,Agata,,,,2.0,7.917,6.467236467333334,8.13,6.666666666666667,6.335,5.0,,9.5,6.0,4.5,,,Fase 4 (9° ano),-1,,,,2024,7.5,EE Donizetti Aparecido Leite Professor,Cursando,Completo,3.0
RA-1548,3N,3N,Aluno-1548,,13.0,Feminino,2024,Pública,6.482499715066667,Agata,,,,2.0,8.334,5.2421652420000004,7.51,4.833333333333333,5.665,10.0,,9.0,4.5,1.0,,,Fase 3 (7° e 8° ano),0,,,,2024,7.5,Estuda em outra cidade,Cursando,Completo,3.0
RA-304,3N,3N,Aluno-304,,16.0,Masculino,2021,Pública,6.852411484600001,Agata,,,,2.0,10.002,7.826890756333333,7.51,7.166666666666667,5.825,2.5,,9.0,5.5,7.0,,,Fase 6 (2° EM),-3,,,,2024,6.875,EE Maria André Schunck Dona,Cursando,Completo,3.0
RA-1549,3N,3N,Aluno-1549,,15.0,Masculino,2024,Pública,6.514862200466668,Agata,,,,2.0,9.585,7.441394335666668,7.51,4.166666666666667,6.325,5.0,,5.5,3.0,4.0,,,Fase 5 (1° EM),-2,,,,2024,7.1875,EE Maria André Schunck Dona,Cursando,Completo,3.0
RA-632,3P,3P,Aluno-632,,12.0,Feminino,2022,Pública,7.515491249000001,Ametista,,,,4.0,7.917,8.999164578333334,6.875,4.166666666666667,7.875,10.0,,0.0,6.0,6.5,,,Fase 3 (7° e 8° ano),0,,,,2024,8.28125,EE Maria André Schunck Dona,Cursando,Completo,3.0
RA-633,3P,3P,Aluno-633,,13.0,Feminino,2021,Pública,5.228470175466667,Quartzo,,,,4.0,4.584,4.707017544,2.51,3.3333333333333335,6.1175,10.0,,4.0,6.0,0.0,,,Fase 3 (7° e 8° ano),0,,,,2024,6.875,EE Maria André Schunck Dona,Cursando,Completo,3.0
RA-1137,3P,3P,Aluno-1137,,11.0,Feminino,2023,Pública,7.1837526524666675,Ametista,,,,4.0,8.334,7.588638262333333,8.13,3.5,7.4575,10.0,,1.0,4.5,5.0,,,Fase 2 (5° e 6° ano),1,,,,2024,8.28125,EE Maria André Schunck Dona,Cursando,Completo,3.0
RA-646,3P,3P,Aluno-646,,14.0,Masculino,2021,Pública,7.715491666666668,Ametista,,,,4.0,10.002,9.266666666666667,7.51,6.166666666666667,7.7475,5.0,,9.0,4.5,5.0,,,Fase 4 (9° ano),-1,,,,2024,8.28125,EE Donizetti Aparecido Leite Professor,Cursando,Completo,3.0
RA-1550,3P,3P,Aluno-1550,,15.0,Masculino,2024,Pública,6.064236111066667,Agata,,,,4.0,9.585,5.222222222,7.51,4.333333333333333,6.2025,5.0,,5.0,3.0,5.0,,,Fase 4 (9° ano),-1,,,,2024,7.03125,EE Maria André Schunck Dona,Cursando,Completo,3.0
RA-1139,3P,3P,Aluno-1139,,12.0,Masculino,2023,Pública,6.906276357600001,Agata,,,,4.0,8.334,6.152715121333333,7.51,4.666666666666667,7.04,10.0,,5.0,3.0,6.0,,,Fase 2 (5° e 6° ano),1,,,,2024,7.5,EE Maria André Schunck Dona,Cursando,Completo,3.0
RA-444,3P,3P,Aluno-444,,14.0,Masculino,2021,Pública,5.410188638266668,Quartzo,,,,4.0,8.334,6.377276524666667,2.51,3.6666666666666665,5.96,5.0,,2.0,5.0,4.0,,,Fase 4 (9° ano),-1,,,,2024,6.25,EE Maria André Schunck Dona,Cursando,Completo,3.0
RA-445,3P,3P,Aluno-445,,14.0,Masculino,2022,Pública,7.3416246032,Ametista,,,,4.0,7.917,8.715873016,7.51,4.0,7.3725,10.0,,3.0,6.0,3.0,,,Fase 3 (7° e 8° ano),0,,,,2024,7.8125,EE Maria André Schunck Dona,Cursando,Completo,3.0
RA-639,3P,3P,Aluno-639,,12.0,Feminino,2021,Pública,5.7693807644,Quartzo,,,,4.0,7.917,5.278195488666667,2.51,3.8333333333333335,6.1625,10.0,,1.0,4.5,6.0,,,Fase 3 (7° e 8° ano),0,,,,2024,6.71875,EE Maria André Schunck Dona,Cursando,Completo,3.0
RA-1142,3P,3P,Aluno-1142,,12.0,Feminino,2023,Pública,8.390566666666668,Topázio,,,,4.0,8.334,9.133333333333333,7.51,8.5,7.335,10.0,,10.0,8.0,7.5,,,Fase 3 (7° e 8° ano),0,,,,2024,8.125,EM Cecilia Cristina de Oliveira Rodrigues,Cursando,Completo,3.0
RA-1551,3P,3P,Aluno-1551,,15.0,Masculino,2024,Pública,5.9717087542,Quartzo,,,,4.0,9.585,4.7710437709999995,7.51,3.5,6.79,5.0,,1.0,5.5,4.0,,,Fase 5 (1° EM),-2,,,,2024,7.5,EE Donizetti Aparecido Leite Professor,Cursando,Completo,3.0
RA-458,3P,3P,Aluno-458,,15.0,Masculino,2021,Pública,5.680161507933333,Quartzo,,,,4.0,8.751,3.7396825396666666,6.88,4.0,6.83,5.0,,3.0,4.0,5.0,,,Fase 4 (9° ano),-1,,,,2024,7.03125,EE Maria André Schunck Dona,Cursando,Completo,3.0
RA-1552,3P,3P,Aluno-1552,,13.0,Masculino,2024,Pública,7.443301282066667,Ametista,,,,4.0,9.585,9.743589743666666,7.51,3.1666666666666665,7.165,10.0,,1.0,4.5,4.0,,,Fase 3 (7° e 8° ano),0,,,,2024,7.1875,EM Cecilia Cristina de Oliveira Rodrigues,Cursando,Completo,3.0
RA-1170,3P,3P,Aluno-1170,,15.0,Masculino,2023,Pública,6.095440873,Agata,,,,4.0,9.168,5.565079365,8.13,3.5,6.7475,5.0,,1.0,2.5,7.0,,,Fase 5 (1° EM),-2,,,,2024,7.03125,EE Donizetti Aparecido Leite Professor,Cursando,Completo,3.0
RA-642,3P,3P,Aluno-642,,12.0,Feminino,2021,Pública,7.082591269866667,Ametista,,,,4.0,9.585,9.149206349333333,3.76,4.0,6.9975,10.0,,2.0,5.0,5.0,,,Fase 3 (7° e 8° ano),0,,,,2024,7.1875,EE Maria André Schunck Dona,Cursando,Completo,3.0
RA-1553,3R,3R,Aluno-1553,,13.0,Masculino,2024,Pública,7.641184313700001,Ametista,,,,3.0,8.334,9.003921568666668,7.51,4.333333333333333,7.78,10.0,,6.0,5.0,2.0,,,Fase 3 (7° e 8° ano),0,,,,2024,8.333333333,EE Donizetti Aparecido Leite Professor,Cursando,Completo,3.0
RA-1554,3R,3R,Aluno-1554,,15.0,Masculino,2024,Pública,6.941692592633334,Agata,,,,3.0,6.666,9.629629629666667,8.76,4.0,7.22,5.0,,3.0,,5.0,,,Fase 5 (1° EM),-2,,,,2024,7.291666667,EE Maria André Schunck Dona,Cursando,Completo,3.0
RA-649,3R,3R,Aluno-649,,14.0,Feminino,2021,Pública,6.985329691766667,Agata,,,,3.0,8.751,6.004481792666667,8.76,3.6666666666666665,7.333333333,10.0,,5.5,4.0,1.5,,,Fase 3 (7° e 8° ano),0,,,,2024,8.333333333,EE Paschoal Carlos Magno,Cursando,Completo,3.0
RA-1136,3R,3R,Aluno-1136,,14.0,Feminino,2023,Pública,5.458179831866667,Quartzo,,,,3.0,8.751,4.547899159666667,8.135,1.6666666666666667,6.383333333,5.0,,1.0,2.0,2.0,,,Fase 4 (9° ano),-1,,,,2024,7.5,EE Donizetti Aparecido Leite Professor,Cursando,Completo,3.0
RA-653,3R,3R,Aluno-653,,13.0,Feminino,2022,Pública,8.103217647033333,Topázio,,,,3.0,8.751,9.537254901999999,8.76,5.166666666666667,7.89,10.0,,6.5,4.5,4.5,,,Fase 3 (7° e 8° ano),0,,,,2024,8.333333333,EE Donizetti Aparecido Leite Professor,Cursando,Completo,3.0
RA-456,3R,3R,Aluno-456,,13.0,Feminino,2022,Pública,8.331124561366668,Topázio,,,,3.0,7.083,9.382456140333334,7.51,6.5,8.893333333,10.0,,9.0,6.0,4.5,,,Fase 3 (7° e 8° ano),0,,,,2024,9.166666667,EE Donizetti Aparecido Leite Professor,Cursando,Completo,3.0
RA-655,3R,3R,Aluno-655,,14.0,Feminino,2021,Pública,8.238600000066668,Topázio,,,,3.0,7.501,10.0,8.76,6.833333333333333,7.166666667,10.0,,8.0,4.0,8.5,,,Fase 3 (7° e 8° ano),0,,,,2024,8.125,EE Donizetti Aparecido Leite Professor,Cursando,Completo,3.0
RA-656,3R,3R,Aluno-656,,13.0,Feminino,2021,Pública,6.668152941266667,Agata,,,,3.0,9.168,5.978431372666667,7.51,4.166666666666667,6.106666667,10.0,,5.0,3.5,4.0,,,Fase 3 (7° e 8° ano),0,,,,2024,7.5,EE Donizetti Aparecido Leite Professor,Cursando,Completo,3.0
RA-657,3R,3R,Aluno-657,,13.0,Feminino,2021,Pública,8.207433333400001,Topázio,,,,3.0,8.751,9.6,6.885,7.5,7.056666667,10.0,,8.0,4.5,10.0,,,Fase 3 (7° e 8° ano),0,,,,2024,8.125,EE Donizetti Aparecido Leite Professor,Cursando,Completo,3.0
RA-1555,3R,3R,Aluno-1555,,13.0,Masculino,2024,Pública,7.4827333334,Ametista,,,,3.0,8.334,10.0,6.255,3.0,8.056666667,10.0,,9.0,0.0,0.0,,,Fase 3 (7° e 8° ano),0,,,,2024,8.125,EE Donizetti Aparecido Leite Professor,Cursando,Completo,3.0
RA-461,3R,3R,Aluno-461,,13.0,Feminino,2021,Pública,7.5447559291,Ametista,,,,3.0,8.751,9.182446312,7.51,4.5,7.056666667,10.0,,3.0,4.5,6.0,,,Fase 3 (7° e 8° ano),0,,,,2024,7.708333333,EE Donizetti Aparecido Leite Professor,Cursando,Completo,3.0
RA-398,3U,3U,Aluno-398,,12.0,Feminino,2022,Pública,7.2457999999666685,Ametista,,,,3.0,7.083,5.733333333333333,7.51,8.0,6.553333333,10.0,,8.5,7.5,8.0,,,Fase 3 (7° e 8° ano),0,,,,2024,7.291666667,EE Donizetti Aparecido Leite Professor,Cursando,Completo,3.0
RA-586,3U,3U,Aluno-586,,11.0,Feminino,2021,Privada - Programa de Apadrinhamento,8.702387301666668,Topázio,,,,3.0,9.168,9.241269841333333,7.51,8.5,8.056666667,10.0,,7.5,8.0,10.0,,,Fase 2 (5° e 6° ano),1,,,,2024,8.75,Colégio Arco Íris Evolução,Cursando,Completo,3.0
RA-623,3U,3U,Aluno-623,,15.0,Masculino,2022,Pública,6.357733333300001,Agata,,,,3.0,8.334,7.3999999999999995,6.885,4.0,7.05,5.0,,3.5,2.5,6.0,,,Fase 4 (9° ano),-1,,,,2024,6.458333333,EE Donizetti Aparecido Leite Professor,Cursando,Completo,3.0
RA-588,3U,3U,Aluno-588,,11.0,Feminino,2021,Privada - Programa de Apadrinhamento,8.676133333333334,Topázio,,,,3.0,9.168,9.833333333333334,7.51,7.833333333333333,8.0,10.0,,8.5,8.0,7.0,,,Fase 2 (5° e 6° ano),1,,,,2024,8.75,Colégio Arco Íris Evolução,Cursando,Completo,3.0
RA-626,3U,3U,Aluno-626,,13.0,Masculino,2021,Pública,6.407590225500001,Agata,,,,3.0,9.585,3.380451127666667,6.885,5.333333333333333,6.443333333,10.0,,5.5,3.5,7.0,,,Fase 3 (7° e 8° ano),0,,,,2024,7.291666667,EE Donizetti Aparecido Leite Professor,Cursando,Completo,3.0
RA-1556,3U,3U,Aluno-1556,,14.0,Masculino,2024,Pública,6.666811111166668,Agata,,,,3.0,7.917,5.222222222333333,7.51,4.0,7.44,10.0,,3.5,,4.5,,,Fase 3 (7° e 8° ano),0,,,,2024,7.916666667,EE Donizetti Aparecido Leite Professor,Cursando,Completo,3.0
RA-455,3U,3U,Aluno-455,,14.0,Feminino,2022,Pública,7.098988888900001,Ametista,,,,3.0,8.751,6.111111111,8.13,4.5,7.276666667,10.0,,3.0,6.5,4.0,,,Fase 3 (7° e 8° ano),0,,,,2024,8.333333333,EE Donizetti Aparecido Leite Professor,Cursando,Completo,3.0
RA-614,3U,3U,Aluno-614,,14.0,Masculino,2021,Pública,7.8284999999666685,Ametista,,,,3.0,9.585,9.700000000000001,7.51,6.833333333333333,7.603333333,5.0,,8.0,4.5,8.0,,,Fase 4 (9° ano),-1,,,,2024,7.916666667,EE Paschoal Carlos Magno,Cursando,Completo,3.0
RA-434,3U,3U,Aluno-434,,13.0,Masculino,2022,Pública,6.610947619100001,Agata,,,,3.0,7.084,5.061904762,7.51,5.5,6.55,10.0,,5.5,5.5,5.5,,,Fase 3 (7° e 8° ano),0,,,,2024,7.291666667,EE Donizetti Aparecido Leite Professor,Cursando,Completo,3.0
RA-603,3U,3U,Aluno-603,,12.0,Masculino,2022,Pública,6.942277777866667,Agata,,,,3.0,9.585,7.155555555666666,6.885,4.666666666666667,6.216666667,10.0,,4.5,5.5,4.0,,,Fase 3 (7° e 8° ano),0,,,,2024,6.875,EE Donizetti Aparecido Leite Professor,Cursando,Completo,3.0
RA-1133,3U,3U,Aluno-1133,,11.0,Feminino,2023,Pública,8.238553968266668,Topázio,,,,4.0,9.168,9.841269841333334,8.75,4.5,8.83,10.0,,5.0,3.5,5.0,,,Fase 2 (5° e 6° ano),1,,,,2024,8.125,EE Donizetti Aparecido Leite Professor,Cursando,Completo,3.0
RA-616,3U,3U,Aluno-616,,14.0,Masculino,2021,Pública,5.457877193033333,Quartzo,,,,3.0,7.5,3.087719298333333,6.885,3.8333333333333335,4.946666667,10.0,,3.0,3.5,5.0,,,Fase 3 (7° e 8° ano),0,,,,2024,6.458333333,EE Donizetti Aparecido Leite Professor,Cursando,Completo,3.0
RA-1134,3U,3U,Aluno-1134,,12.0,Masculino,2023,Pública,7.7564571427,Ametista,,,,3.0,8.751,8.914285714,7.51,6.0,6.883333333,10.0,,6.0,5.5,6.5,,,Fase 3 (7° e 8° ano),0,,,,2024,7.708333333,EE Donizetti Aparecido Leite Professor,Cursando,Completo,3.0
RA-1557,3U,3U,Aluno-1557,,14.0,Feminino,2024,Pública,8.228500000033334,Topázio,,,,3.0,9.585,8.916666666666666,7.51,7.0,7.72,10.0,,6.0,,8.0,,,Fase 3 (7° e 8° ano),0,,,,2024,7.916666667,EE Donizetti Aparecido Leite Professor,Cursando,Completo,3.0
RA-670,3U,3U,Aluno-670,,12.0,Feminino,2022,Privada - Programa de Apadrinhamento,8.8602539683,Topázio,,,,3.0,9.585,9.441269841333334,7.51,8.666666666666666,8.166666667,10.0,,9.0,7.0,10.0,,,Fase 2 (5° e 6° ano),1,,,,2024,8.958333333,Colégio Arco Íris Evolução,Cursando,Completo,3.0
RA-620,3U,3U,Aluno-620,,14.0,Masculino,2021,Pública,5.766892063566667,Quartzo,,,,3.0,8.334,3.9841269843333333,7.51,2.5,5.886666667,10.0,,3.5,2.5,1.5,,,Fase 3 (7° e 8° ano),0,,,,2024,7.083333333,EE Donizetti Aparecido Leite Professor,Cursando,Completo,3.0
RA-1149,4A,4A,Aluno-1149,,15.0,Feminino,2023,Pública,8.1371,Topázio,,,,5.0,8.334,10.0,10.0,6.0,8.706,5.0,,2.0,6.0,10.0,,,Fase 5 (1° EM),-1,,,,2024,8.625,EE Joaquim Mendes Feliz,Cursando,Completo,4.0
RA-1558,4A,4A,Aluno-1558,,16.0,Masculino,2024,Pública,7.643772047733333,Ametista,,,,5.0,9.168,8.705360238666666,8.755,5.5,8.302,5.0,,5.0,5.5,6.0,,,Fase 5 (1° EM),-1,,,,2024,8.5,EE Joaquim Mendes Feliz,Cursando,Completo,4.0
RA-326,4A,4A,Aluno-326,,14.0,Feminino,2022,Privada,8.832389092333335,Topázio,,,,5.0,9.168,8.973112128333334,6.26,9.333333333333334,8.704,10.0,,10.0,9.0,9.0,,,Fase 3 (7° e 8° ano),1,,,,2024,8.875,Recanto Betânia Centro Educacional,Cursando,Completo,4.0
RA-339,4A,4A,Aluno-339,,13.0,Feminino,2021,Pública,7.711540746133334,Ametista,,,,5.0,7.5,7.155537064000001,5.635,8.166666666666666,7.668,10.0,,8.0,7.0,9.5,,,Fase 3 (7° e 8° ano),1,,,,2024,8.0,EE Leonice de Aquino Oliveira,Cursando,Completo,4.0
RA-179,4A,4A,Aluno-179,,13.0,Masculino,2022,Privada,8.932712280733334,Topázio,,,,5.0,9.168,9.407894737,9.38,8.166666666666666,8.44,10.0,,7.0,8.0,9.5,,,Fase 3 (7° e 8° ano),1,,,,2024,8.75,Recanto Betânia Centro Educacional,Cursando,Completo,4.0
RA-1559,4A,4A,Aluno-1559,,15.0,Feminino,2024,Pública,6.330428437666668,Agata,,,,5.0,7.917,5.2929755216666665,6.885,4.666666666666667,7.604,5.0,,8.0,0.0,6.0,,,Fase 5 (1° EM),-1,,,,2024,8.375,EE Paschoal Carlos Magno,Cursando,Completo,4.0
RA-332,4A,4A,Aluno-332,,15.0,Masculino,2021,Privada - Programa de Apadrinhamento,8.421271701,Topázio,,,,5.0,9.585,7.605358505000001,9.38,7.0,8.706,10.0,,7.0,7.0,7.0,,,Fase 3 (7° e 8° ano),1,,,,2024,8.625,Colégio Arco Íris Evolução,Cursando,Completo,4.0
RA-1560,4A,4A,Aluno-1560,,14.0,Feminino,2024,Privada,8.4721031746,Topázio,,,,5.0,9.168,9.206349206333334,5.635,8.166666666666666,8.336,10.0,,6.0,8.5,10.0,,,Fase 3 (7° e 8° ano),1,,,,2024,8.5,Colégio Arco Íris Evolução,Cursando,Completo,4.0
RA-1153,4A,4A,Aluno-1153,,15.0,Feminino,2021,Privada - Programa de Apadrinhamento,8.268876190466667,Topázio,,,,5.0,8.751,9.702380952333334,5.635,8.5,9.074,5.0,,8.0,8.5,9.0,,,Fase 5 (1° EM),-1,,,,2024,8.75,Colégio Arco Íris Evolução,Cursando,Completo,4.0
RA-183,4A,4A,Aluno-183,,15.0,Feminino,2022,Pública,8.266902371533334,Topázio,,,,5.0,7.917,9.249011857666666,6.26,7.5,8.372,10.0,,5.0,7.5,10.0,,,Fase 4 (9° ano),0,,,,2024,8.25,EE Mario Francisco de Amorim,Cursando,Completo,4.0
RA-199,4A,4A,Aluno-199,,15.0,Masculino,2022,Privada,7.419398245666667,Ametista,,,,5.0,8.334,7.554824561666667,6.88,7.166666666666667,8.206,5.0,,5.0,9.0,7.5,,,Fase 5 (1° EM),-1,,,,2024,8.125,Estuda em outra cidade,Cursando,Completo,4.0
RA-1561,4A,4A,Aluno-1561,,16.0,Masculino,2024,Pública,7.9402206349333335,Ametista,,,,5.0,9.585,9.174603174666666,5.0,9.0,7.734,5.0,,8.5,8.5,10.0,,,Fase 5 (1° EM),-1,,,,2024,8.0,EE Joaquim Mendes Feliz,Cursando,Completo,4.0
RA-336,4A,4A,Aluno-336,,15.0,Masculino,2021,Pública,6.834286748466667,Agata,,,,5.0,7.5,5.512100409000001,6.26,5.833333333333333,7.196,10.0,,6.0,6.5,5.0,,,Fase 4 (9° ano),0,,,,2024,7.5,EE Mario Francisco de Amorim,Cursando,Completo,4.0
RA-347,4A,4A,Aluno-347,,14.0,Feminino,2021,Pública,8.384742583733333,Topázio,,,,5.0,8.751,9.673046251999999,6.885,7.666666666666667,7.766,10.0,,6.5,7.5,9.0,,,Fase 3 (7° e 8° ano),1,,,,2024,8.0,EE Leonice de Aquino Oliveira,Cursando,Completo,4.0
RA-397,4A,4A,Aluno-397,,16.0,Feminino,2021,Pública,6.807291921866668,Agata,,,,5.0,7.918,7.885292942666666,5.63,5.666666666666667,7.398,5.0,,5.0,4.5,7.5,,,Fase 6 (2° EM),-2,,,,2024,7.625,EE Paschoal Carlos Magno,Cursando,Completo,4.0
RA-338,4B,4B,Aluno-338,,14.0,Masculino,2021,Pública,8.052795331466667,Topázio,,,,4.0,9.168,7.441643324,7.51,6.833333333333333,8.8375,10.0,,5.0,8.0,7.5,,,Fase 4 (9° ano),0,,,,2024,7.625,EE Leonice de Aquino Oliveira,Cursando,Completo,4.0
RA-392,4B,4B,Aluno-392,,16.0,Masculino,2022,Pública,4.3639463364,Quartzo,,,,4.0,9.585,5.414731682,5.635,1.0,3.545,5.0,,0.0,2.0,1.0,,,Fase 5 (1° EM),-1,,,,2024,3.5,EE Alexandre Rodrigues Nogueira,Cursando,Completo,4.0
RA-352,4B,4B,Aluno-352,,13.0,Masculino,2021,Pública,5.9794829346,Quartzo,,,,4.0,8.334,4.453748006333333,6.26,3.1666666666666665,6.7925,10.0,,2.0,5.5,2.0,,,Fase 3 (7° e 8° ano),1,,,,2024,6.375,EE Loris Nassif Mattar Profa,Cursando,Completo,4.0
RA-1562,4B,4B,Aluno-1562,,16.0,Feminino,2024,Pública,5.458833333333334,Quartzo,,,,4.0,6.25,8.666666666666666,5.01,0.5,6.8725,5.0,,0.5,,,,,Fase 6 (2° EM),-2,,,,2024,6.25,EE Alexandre Rodrigues Nogueira,Cursando,Completo,4.0
RA-367,4B,4B,Aluno-367,,13.0,Feminino,2021,Pública,7.209434085200001,Ametista,,,,4.0,9.168,7.268170426,6.26,5.0,7.6275,10.0,,2.0,5.5,7.5,,,Fase 3 (7° e 8° ano),1,,,,2024,6.875,EE Leonice de Aquino Oliveira,Cursando,Completo,4.0
RA-1563,4B,4B,Aluno-1563,,15.0,Feminino,2024,Pública,7.604211111133335,Ametista,,,,4.0,8.751,8.305555555666666,7.51,7.0,8.46,5.0,,5.0,7.5,8.5,,,Fase 5 (1° EM),-1,,,,2024,7.25,EE Alexandre Rodrigues Nogueira,Cursando,Completo,4.0
RA-1564,4B,4B,Aluno-1564,,15.0,Masculino,2024,Pública,5.0761468806000005,Quartzo,,,,4.0,8.334,4.942067736333334,6.885,2.1666666666666665,5.2875,5.0,,1.0,3.5,2.0,,,Fase 5 (1° EM),-1,,,,2024,5.75,EE Alexandre Rodrigues Nogueira,Cursando,Completo,4.0
RA-1565,4B,4B,Aluno-1565,,16.0,Masculino,2024,Pública,5.816448179266667,Quartzo,,,,4.0,0.0,8.102240896333333,7.51,5.5,6.0375,5.0,,7.0,3.0,6.5,,,Fase 5 (1° EM),-1,,,,2024,6.375,EE Alexandre Rodrigues Nogueira,Cursando,Completo,4.0
RA-1566,4B,4B,Aluno-1566,,17.0,Feminino,2024,Pública,7.759243871133334,Ametista,,,,4.0,9.168,9.247219355666667,7.51,6.5,8.335,5.0,,3.0,8.0,8.5,,,Fase 6 (2° EM),-2,,,,2024,7.75,EE Alexandre Rodrigues Nogueira,Cursando,Completo,4.0
RA-1567,4B,4B,Aluno-1567,,16.0,Feminino,2024,Pública,7.913942087533334,Ametista,,,,4.0,8.334,8.771043771,7.51,8.166666666666666,8.335,5.0,,5.0,9.5,10.0,,,Fase 6 (2° EM),-2,,,,2024,7.75,EE Alexandre Rodrigues Nogueira,Cursando,Completo,4.0
RA-356,4B,4B,Aluno-356,,14.0,Masculino,2021,Pública,6.627336016533334,Agata,,,,4.0,8.334,6.656346749333334,5.635,5.333333333333333,6.5375,10.0,,1.0,7.0,8.0,,,Fase 3 (7° e 8° ano),1,,,,2024,5.25,EE Alexandre Rodrigues Nogueira,Cursando,Completo,4.0
RA-1568,4B,4B,Aluno-1568,,15.0,Feminino,2024,Pública,7.8003261438000004,Ametista,,,,4.0,9.168,7.493464052333334,7.51,8.166666666666666,8.5025,5.0,,7.5,7.5,9.5,,,Fase 5 (1° EM),-1,,,,2024,8.0,EE Paschoal Carlos Magno,Cursando,Completo,4.0
RA-247,4B,4B,Aluno-247,,14.0,Feminino,2021,Pública,6.646485739800001,Agata,,,,4.0,0.0,8.306595365666666,6.26,4.333333333333333,8.5875,10.0,,0.0,5.0,8.0,,,Fase 4 (9° ano),0,,,,2024,7.75,EE Loris Nassif Mattar Profa,Cursando,Completo,4.0
RA-204,4B,4B,Aluno-204,,15.0,Feminino,2021,Pública,7.838218894866668,Ametista,,,,4.0,9.168,6.827094474333333,6.26,7.5,8.5875,10.0,,5.0,7.5,10.0,,,Fase 4 (9° ano),0,,,,2024,7.125,EE Alexandre Rodrigues Nogueira,Cursando,Completo,4.0
RA-1569,4B,4B,Aluno-1569,,17.0,Feminino,2024,Pública,5.7191555556,Quartzo,,,,4.0,6.666,7.111111111333334,6.26,2.1666666666666665,6.9175,5.0,,2.0,3.0,1.5,,,Fase 6 (2° EM),-2,,,,2024,6.875,EE Alexandre Rodrigues Nogueira,Cursando,Completo,4.0
RA-1570,4B,4B,Aluno-1570,,16.0,Feminino,2024,Pública,7.894084175066667,Ametista,,,,4.0,9.585,7.542087542,7.51,8.333333333333334,8.6725,5.0,,6.5,9.0,9.5,,,Fase 5 (1° EM),-1,,,,2024,7.75,EE Alexandre Rodrigues Nogueira,Cursando,Completo,4.0
RA-1571,4B,4B,Aluno-1571,,16.0,Masculino,2024,Pública,7.2484555556,Ametista,,,,4.0,8.334,9.111111111333335,5.005,5.666666666666667,8.545,5.0,,5.0,6.0,6.0,,,Fase 5 (1° EM),-1,,,,2024,7.5,EE Alexandre Rodrigues Nogueira,Cursando,Completo,4.0
RA-1572,4C,4C,Aluno-1572,,15.0,Feminino,2024,Pública,8.080345634866667,Topázio,,,,3.0,9.168,9.841269841333334,7.51,7.5,8.393333333,5.0,,7.5,6.5,8.5,,,Fase 5 (1° EM),-1,,,,2024,7.65625,EE Paschoal Carlos Magno,Cursando,Completo,4.0
RA-1150,4C,4C,Aluno-1150,,17.0,Masculino,2023,Pública,7.1023212964,Ametista,,,,3.0,8.334,6.481481481666667,7.51,6.833333333333333,7.946666667,5.0,,4.0,6.5,10.0,,,Fase 6 (2° EM),-2,,,,2024,7.65625,EE Olivia de Faria Nogueira,Cursando,Completo,4.0
RA-1573,4C,4C,Aluno-1573,,16.0,Masculino,2024,Pública,6.743847969266667,Agata,,,,3.0,9.168,6.120448179333334,6.26,5.0,8.556666667,5.0,,0.0,6.0,9.0,,,Fase 5 (1° EM),-1,,,,2024,7.65625,EE Olivia de Faria Nogueira,Cursando,Completo,4.0
RA-1574,4C,4C,Aluno-1574,,16.0,Feminino,2024,Pública,7.777244180000001,Ametista,,,,3.0,8.751,8.399470899666667,7.51,7.333333333333333,8.616666667,5.0,,7.0,6.0,9.0,,,Fase 5 (1° EM),-1,,,,2024,7.8125,EE Paschoal Carlos Magno,Cursando,Completo,4.0
RA-1151,4C,4C,Aluno-1151,,13.0,Feminino,2023,Pública,8.749111111066668,Topázio,,,,3.0,7.5,9.722222222333334,5.635,9.0,9.393333333,10.0,,9.0,8.0,10.0,,,Fase 3 (7° e 8° ano),1,,,,2024,8.125,EE Paschoal Carlos Magno,Cursando,Completo,4.0
RA-1575,4C,4C,Aluno-1575,,16.0,Feminino,2024,Pública,7.318459391466667,Ametista,,,,3.0,9.168,8.624338624,6.885,5.333333333333333,8.28,5.0,,0.0,7.5,8.5,,,Fase 5 (1° EM),-1,,,,2024,7.65625,EE Olivia de Faria Nogueira,Cursando,Completo,4.0
RA-1081,4C,4C,Aluno-1081,,15.0,Feminino,2023,Privada - Programa de Apadrinhamento,8.5452952381,Topázio,,,,3.0,6.667,9.523809523666666,5.005,8.833333333333334,8.95,10.0,,9.5,8.0,9.0,,,Fase 4 (9° ano),0,,,,2024,9.166666667,Colégio Arco Íris Evolução,Cursando,Completo,4.0
RA-342,4C,4C,Aluno-342,,16.0,Feminino,2021,Pública,6.757026587266667,Agata,,,,3.0,8.751,7.728174603333334,6.26,4.5,7.723333333,5.0,,6.5,7.0,0.0,,,Fase 5 (1° EM),-1,,,,2024,7.65625,EE Mario Francisco de Amorim,Cursando,Completo,4.0
RA-1576,4C,4C,Aluno-1576,,16.0,Feminino,2024,Pública,7.4636202380666665,Ametista,,,,3.0,8.334,9.523809523666666,5.635,6.666666666666667,8.44,5.0,,7.5,4.5,8.0,,,Fase 5 (1° EM),-1,,,,2024,6.40625,EE Loris Nassif Mattar Profa,Cursando,Completo,4.0
RA-187,4C,4C,Aluno-187,,14.0,Feminino,2021,Privada - Programa de Apadrinhamento,8.568424074066666,Topázio,,,,3.0,8.751,9.537037037,5.635,7.833333333333333,9.06,10.0,,7.5,7.0,9.0,,,Fase 4 (9° ano),0,,,,2024,8.4375,Colégio Arco Íris Evolução,Cursando,Completo,4.0
RA-359,4C,4C,Aluno-359,,14.0,Feminino,2021,Pública,7.492006349133335,Ametista,,,,3.0,9.168,7.162698412666667,6.26,5.5,8.333333333,10.0,,4.0,4.5,8.0,,,Fase 3 (7° e 8° ano),1,,,,2024,7.5,EE Joaquim Mendes Feliz,Cursando,Completo,4.0
RA-1577,4C,4C,Aluno-1577,,16.0,Masculino,2024,Pública,6.305585581933334,Agata,,,,3.0,10.002,4.993386243333333,7.51,4.333333333333333,7.273333333,5.0,,4.0,7.0,2.0,,,Fase 5 (1° EM),-1,,,,2024,7.34375,EE Mario Francisco de Amorim,Cursando,Completo,4.0
RA-236,4F,4F,Aluno-236,,14.0,Feminino,2022,Pública,6.980833740133334,Agata,,,,5.0,9.168,7.890668700666666,6.26,4.5,6.362,10.0,,1.5,4.0,8.0,,,Fase 4 (9° ano),0,,,,2024,6.875,EE Loris Nassif Mattar Profa,Cursando,Completo,4.0
RA-249,4F,4F,Aluno-249,,16.0,Masculino,2021,Pública,6.125104328999999,Agata,,,,5.0,7.083,6.645021645,5.0,5.0,7.064,5.0,,1.0,8.0,6.0,,,Fase 6 (2° EM),-2,,,,2024,6.75,EE Paschoal Carlos Magno,Cursando,Completo,4.0
RA-239,4F,4F,Aluno-239,,17.0,Feminino,2021,Pública,6.782180868800001,Agata,,,,5.0,8.751,6.361737677333333,5.635,6.666666666666667,8.502,2.5,,4.0,10.0,6.0,,,Fase 7 (3° EM),-3,,,,2024,7.875,EE Paschoal Carlos Magno,Cursando,Completo,4.0
RA-382,4F,4F,Aluno-382,,16.0,Masculino,2021,Pública,5.805712280733333,Quartzo,,,,5.0,9.168,6.324561403666666,5.63,3.0,6.43,5.0,,2.0,3.0,4.0,,,Fase 5 (1° EM),-1,,,,2024,6.75,EE Alexandre Rodrigues Nogueira,Cursando,Completo,4.0
RA-383,4F,4F,Aluno-383,,13.0,Masculino,2021,Pública,8.036024386733335,Topázio,,,,5.0,9.168,8.600288600333334,7.51,5.833333333333333,8.47,10.0,,1.0,8.0,8.5,,,Fase 3 (7° e 8° ano),1,,,,2024,7.875,EE João Ortiz Rodrigues,Cursando,Completo,4.0
RA-1155,4F,4F,Aluno-1155,,15.0,Feminino,2023,Pública,7.119011111133333,Ametista,,,,5.0,8.334,8.888888889,5.005,4.666666666666667,8.87,5.0,,6.0,8.0,0.0,,,Fase 5 (1° EM),-1,,,,2024,8.0,EE Alexandre Rodrigues Nogueira,Cursando,Completo,4.0
RA-384,4F,4F,Aluno-384,,14.0,Feminino,2021,Pública,8.072200721466668,Topázio,,,,5.0,7.5,8.607503607333333,7.51,7.5,7.936,10.0,,5.0,9.5,8.0,,,Fase 4 (9° ano),0,,,,2024,7.625,EE João Ortiz Rodrigues,Cursando,Completo,4.0
RA-1156,4F,4F,Aluno-1156,,13.0,Feminino,2023,Pública,6.6777135642,Agata,,,,5.0,7.5,7.821067821,7.51,2.0,7.5,10.0,,6.0,0.0,0.0,,,Fase 3 (7° e 8° ano),1,,,,2024,7.125,EE João Ortiz Rodrigues,Cursando,Completo,4.0
RA-1578,4F,4F,Aluno-1578,,13.0,Feminino,2024,Pública,7.880605848,Ametista,,,,5.0,8.334,6.761695906666667,7.51,7.333333333333333,8.636,10.0,,6.0,6.0,10.0,,,Fase 3 (7° e 8° ano),1,,,,2024,7.5,EE Olivia de Faria Nogueira,Cursando,Completo,4.0
RA-388,4F,4F,Aluno-388,,16.0,Feminino,2021,Pública,5.965307936466667,Quartzo,,,,5.0,7.5,6.349206349,7.51,4.333333333333333,5.764,5.0,,1.0,7.0,5.0,,,Fase 5 (1° EM),-1,,,,2024,6.75,EE Joaquim Mendes Feliz,Cursando,Completo,4.0
RA-260,4F,4F,Aluno-260,,15.0,Feminino,2021,Pública,8.448920634933334,Topázio,,,,5.0,8.751,9.674603174666666,7.51,7.0,8.502,10.0,,7.5,5.5,8.0,,,Fase 4 (9° ano),0,,,,2024,7.875,EE João Ortiz Rodrigues,Cursando,Completo,4.0
RA-395,4F,4F,Aluno-395,,13.0,Feminino,2021,Pública,7.169905291000001,Ametista,,,,5.0,8.751,6.921693121666666,6.26,4.333333333333333,8.464,10.0,,2.5,5.5,5.0,,,Fase 3 (7° e 8° ano),1,,,,2024,7.25,EE Olivia de Faria Nogueira,Cursando,Completo,4.0
RA-262,4F,4F,Aluno-262,,17.0,Masculino,2021,Privada,5.806145462066667,Quartzo,,,,5.0,7.917,4.854560643666667,7.51,4.166666666666667,6.296,5.0,,1.0,4.5,7.0,,,Fase 6 (2° EM),-2,,,,2024,7.0,Colégio Nogueira e Sonho de Criança,Cursando,Completo,4.0
RA-1579,4F,4F,Aluno-1579,,16.0,Feminino,2022,Pública,7.894385710733333,Ametista,,,,5.0,8.751,9.090261886999999,5.635,7.166666666666667,9.272,5.0,,7.5,6.0,8.0,,,Fase 6 (2° EM),-2,,,,2024,8.5,EE Joaquim Mendes Feliz,Cursando,Completo,4.0
RA-1580,4F,4F,Aluno-1580,,16.0,Masculino,2024,Pública,7.790523996266667,Ametista,,,,5.0,8.751,9.049953314666666,7.51,6.166666666666667,9.168,5.0,,5.0,7.5,6.0,,,Fase 5 (1° EM),-1,,,,2024,7.875,EE Paschoal Carlos Magno,Cursando,Completo,4.0
RA-377,4F,4F,Aluno-377,,14.0,Feminino,2021,Pública,7.480115873000001,Ametista,,,,5.0,9.168,7.698412698333333,7.51,5.166666666666667,7.634,10.0,,4.0,6.5,5.0,,,Fase 4 (9° ano),0,,,,2024,7.125,EE João Ortiz Rodrigues,Cursando,Completo,4.0
RA-250,4H,4H,Aluno-250,,14.0,Feminino,2022,Privada - Programa de Apadrinhamento,9.049892592566668,Topázio,,,,3.0,9.168,9.629629629666667,6.88,9.166666666666666,8.95,10.0,,10.0,7.5,10.0,,,Fase 4 (9° ano),0,,,,2024,8.958333333,Colégio Arco Íris Evolução,Cursando,Completo,4.0
RA-1581,4H,4H,Aluno-1581,,16.0,Masculino,2024,Pública,6.9787022855,Agata,,,,3.0,8.334,7.834844760666667,6.26,6.333333333333333,7.386666667,5.0,,7.0,4.5,7.5,,,Fase 5 (1° EM),-1,,,,2024,7.083333333,EE Olivia de Faria Nogueira,Cursando,Completo,4.0
RA-1582,4H,4H,Aluno-1582,,15.0,Masculino,2024,Pública,6.472788888966667,Agata,,,,3.0,8.334,8.069444444333334,6.255,4.5,6.666666667,5.0,,7.0,2.0,4.5,,,Fase 5 (1° EM),-1,,,,2024,6.666666667,EE Paschoal Carlos Magno,Cursando,Completo,4.0
RA-1583,4H,4H,Aluno-1583,,15.0,Feminino,2024,Pública,7.8197579711000005,Ametista,,,,3.0,7.917,7.753623188333333,6.26,8.166666666666666,9.006666667,5.0,,8.0,6.5,10.0,,,Fase 5 (1° EM),-1,,,,2024,9.166666667,EE Mario Francisco de Amorim,Cursando,Completo,4.0
RA-450,4L,4L,Aluno-450,,15.0,Masculino,2021,Pública,7.526188206666666,Ametista,,,,4.0,8.751,8.954191033333332,5.63,7.5,7.58,5.0,,8.0,8.5,6.0,,,Fase 5 (1° EM),-1,,,,2024,7.8125,EE Donizetti Aparecido Leite Professor,Cursando,Completo,4.0
RA-426,4L,4L,Aluno-426,,15.0,Feminino,2022,Pública,6.6430030186,Agata,,,,4.0,7.917,7.9050567596666665,4.38,4.833333333333333,8.0,5.0,,3.5,7.0,4.0,,,Fase 5 (1° EM),-1,,,,2024,7.65625,EE Donizetti Aparecido Leite Professor,Cursando,Completo,4.0
RA-1584,4L,4L,Aluno-1584,,15.0,Feminino,2024,Pública,7.429837830666667,Ametista,,,,4.0,8.334,9.153439153333332,7.51,5.5,8.1675,5.0,,6.0,5.5,5.0,,,Fase 5 (1° EM),-1,,,,2024,7.8125,Estuda em outra cidade,Cursando,Completo,4.0
RA-313,4L,4L,Aluno-313,,15.0,Feminino,2022,Pública,7.2528500000000005,Ametista,,,,4.0,8.751,9.666666666666666,5.63,4.833333333333333,8.1675,5.0,,1.0,8.0,5.5,,,Fase 5 (1° EM),-1,,,,2024,7.8125,EE Donizetti Aparecido Leite Professor,Cursando,Completo,4.0
RA-467,4L,4L,Aluno-467,,15.0,Feminino,2022,Pública,7.7298118421333335,Ametista,,,,4.0,7.917,9.140350877333333,5.01,6.833333333333333,7.54,10.0,,5.5,9.0,6.0,,,Fase 4 (9° ano),0,,,,2024,7.34375,EE Maria André Schunck Dona,Cursando,Completo,4.0
RA-1585,4L,4L,Aluno-1585,,15.0,Feminino,2024,Pública,6.730367016866668,Agata,,,,4.0,10.002,6.775210084333334,7.51,4.0,7.7925,5.0,,5.0,3.0,4.0,,,Fase 5 (1° EM),-1,,,,2024,7.65625,EE Donizetti Aparecido Leite Professor,Cursando,Completo,4.0
RA-432,4L,4L,Aluno-432,,16.0,Feminino,2021,Pública,7.167975,Ametista,,,,4.0,7.501,10.0,6.26,5.5,7.2875,5.0,,5.0,6.0,5.5,,,Fase 5 (1° EM),-1,,,,2024,7.34375,EE Donizetti Aparecido Leite Professor,Cursando,Completo,4.0
RA-1586,4L,4L,Aluno-1586,,15.0,Feminino,2024,Pública,6.555764327466668,Agata,,,,4.0,10.002,6.128654970666666,5.01,5.666666666666667,7.54,5.0,,3.5,5.5,8.0,,,Fase 5 (1° EM),-1,,,,2024,6.875,EE Donizetti Aparecido Leite Professor,Cursando,Completo,4.0
RA-470,4L,4L,Aluno-470,,15.0,Feminino,2021,Pública,6.981130848,Agata,,,,4.0,9.585,8.011695906666667,7.51,3.3333333333333335,6.4975,10.0,,3.5,4.0,2.5,,,Fase 4 (9° ano),0,,,,2024,7.03125,EE Maria André Schunck Dona,Cursando,Completo,4.0
RA-417,4L,4L,Aluno-417,,14.0,Feminino,2022,Pública,8.533628557533333,Topázio,,,,4.0,8.334,8.401559454333333,7.51,8.833333333333334,8.2925,10.0,,9.0,10.0,7.5,,,Fase 4 (9° ano),0,,,,2024,8.4375,EE Neide Celestina de Oliveira Profa,Cursando,Completo,4.0
RA-407,4L,4L,Aluno-407,,15.0,Masculino,2022,Pública,7.0875128168,Ametista,,,,4.0,8.334,7.614522417333333,6.26,3.6666666666666665,7.875,10.0,,2.0,5.0,4.0,,,Fase 4 (9° ano),0,,,,2024,7.96875,EE Maria André Schunck Dona,Cursando,Completo,4.0
RA-1587,4L,4L,Aluno-1587,,16.0,Feminino,2024,Pública,7.34055,Ametista,,,,4.0,9.168,10.0,7.51,3.75,8.2075,5.0,,7.5,0.0,,,,Fase 6 (2° EM),-2,,,,2024,7.8125,EE Donizetti Aparecido Leite Professor,Cursando,Completo,4.0
RA-1588,4L,4L,Aluno-1588,,14.0,Feminino,2024,Pública,7.303823728133333,Ametista,,,,4.0,7.917,8.640618640666666,7.51,4.0,7.415,10.0,,3.5,4.5,,,,Fase 4 (9° ano),0,,,,2024,7.5,EE Maria André Schunck Dona,Cursando,Completo,4.0
RA-424,4L,4L,Aluno-424,,14.0,Feminino,2022,Pública,7.341187280733334,Ametista,,,,4.0,8.334,9.616228070333333,7.51,3.3333333333333335,7.1625,10.0,,2.0,6.0,2.0,,,Fase 4 (9° ano),0,,,,2024,7.34375,EM Cecilia Cristina de Oliveira Rodrigues,Cursando,Completo,4.0
RA-1193,4L,4L,Aluno-1193,,15.0,Feminino,2023,Pública,6.6304815790000005,Agata,,,,4.0,8.751,7.763157895,5.635,4.0,7.79,5.0,,3.0,6.0,3.0,,,Fase 5 (1° EM),-1,,,,2024,7.8125,EE Donizetti Aparecido Leite Professor,Cursando,Completo,4.0
RA-411,4M,4M,Aluno-411,,14.0,Feminino,2021,Privada,7.279762962966667,Ametista,,,,4.0,7.083,9.148148147999999,5.635,4.833333333333333,7.4125,10.0,,3.5,7.0,4.0,,,Fase 4 (9° ano),0,,,,2024,7.291666667,Rede Decisão - Unidade União,Cursando,Completo,4.0
RA-412,4M,4M,Aluno-412,,14.0,Feminino,2021,Pública,8.044378070166667,Topázio,,,,4.0,8.334,8.456140351,6.26,7.333333333333333,8.125,10.0,,8.0,6.0,8.0,,,Fase 4 (9° ano),0,,,,2024,8.020833333,EE Maria André Schunck Dona,Cursando,Completo,4.0
RA-428,4M,4M,Aluno-428,,14.0,Masculino,2022,Pública,7.534949122800001,Ametista,,,,4.0,9.168,8.898245614,5.635,5.0,7.625,10.0,,3.0,4.0,8.0,,,Fase 4 (9° ano),0,,,,2024,7.5,EE Donizetti Aparecido Leite Professor,Cursando,Completo,4.0
RA-315,4M,4M,Aluno-315,,15.0,Feminino,2022,Pública,6.0768703704,Agata,,,,4.0,0.0,5.918518518666667,7.51,6.833333333333333,7.6275,5.0,,6.5,6.5,7.5,,,Fase 5 (1° EM),-1,,,,2024,7.5,EE Donizetti Aparecido Leite Professor,Cursando,Completo,4.0
RA-442,4M,4M,Aluno-442,,13.0,Feminino,2022,Pública,6.905439215666667,Agata,,,,4.0,8.334,5.9151960783333335,5.635,5.0,7.8775,10.0,,4.5,7.0,3.5,,,Fase 3 (7° e 8° ano),1,,,,2024,7.5,EE Maria André Schunck Dona,Cursando,Completo,4.0
RA-301,4M,4M,Aluno-301,,15.0,Feminino,2021,Pública,8.410830701766667,Topázio,,,,4.0,9.168,7.4947368423333325,7.51,9.0,8.21,10.0,,10.0,9.0,8.0,,,Fase 4 (9° ano),0,,,,2024,8.020833333,EE Maria André Schunck Dona,Cursando,Completo,4.0
RA-1163,4M,4M,Aluno-1163,,15.0,Masculino,2023,Pública,8.6794789474,Topázio,,,,4.0,8.334,9.824561403666666,7.51,7.833333333333333,8.755,10.0,,9.5,6.5,7.5,,,Fase 4 (9° ano),0,,,,2024,8.125,EE Maria André Schunck Dona,Cursando,Completo,4.0
RA-402,4M,4M,Aluno-402,,14.0,Feminino,2021,Pública,5.683064814833333,Quartzo,,,,4.0,7.5,3.074074074,6.26,4.166666666666667,6.1175,10.0,,3.0,3.5,6.0,,,Fase 4 (9° ano),0,,,,2024,6.354166667,EE Donizetti Aparecido Leite Professor,Cursando,Completo,4.0
RA-1589,4M,4M,Aluno-1589,,15.0,Feminino,2024,Pública,5.260851851866667,Quartzo,,,,4.0,0.0,6.259259259333334,7.51,2.5,7.54,5.0,,3.0,2.0,,,,Fase 5 (1° EM),-1,,,,2024,7.5,EE Donizetti Aparecido Leite Professor,Cursando,Completo,4.0
RA-1162,4M,4M,Aluno-1162,,14.0,Feminino,2023,Pública,7.473167836266667,Ametista,,,,4.0,7.917,9.135672514666666,6.26,5.666666666666667,7.0375,10.0,,4.0,7.5,5.5,,,Fase 4 (9° ano),0,,,,2024,6.875,EE Maria André Schunck Dona,Cursando,Completo,4.0
RA-471,4M,4M,Aluno-471,,14.0,Feminino,2021,Pública,6.635847117766667,Agata,,,,4.0,0.0,7.027568922333333,7.51,5.5,8.0425,10.0,,4.0,5.5,7.0,,,Fase 4 (9° ano),0,,,,2024,7.708333333,EE Maria André Schunck Dona,Cursando,Completo,4.0
RA-416,4M,4M,Aluno-416,,14.0,Masculino,2021,Privada - Programa de Apadrinhamento,8.700808577033333,Topázio,,,,4.0,8.751,8.972709551666666,7.51,8.0,9.13,10.0,,8.0,7.5,8.5,,,Fase 3 (7° e 8° ano),1,,,,2024,8.541666667,Colégio Arco Íris Evolução,Cursando,Completo,4.0
RA-303,4M,4M,Aluno-303,,16.0,Masculino,2021,Pública,6.2443426900666665,Agata,,,,4.0,8.751,3.9520467836666664,7.51,5.666666666666667,7.535,5.0,,5.0,5.0,7.0,,,Fase 6 (2° EM),-2,,,,2024,6.875,EE Donizetti Aparecido Leite Professor,Cursando,Completo,4.0
RA-418,4M,4M,Aluno-418,,12.0,Feminino,2021,Privada - Programa de Apadrinhamento,9.125183333366667,Topázio,,,,4.0,8.751,10.0,7.51,9.333333333333334,9.0475,10.0,,9.5,8.5,10.0,,,Fase 3 (7° e 8° ano),1,,,,2024,8.229166667,Colégio Arco Íris Evolução,Cursando,Completo,4.0
RA-419,4M,4M,Aluno-419,,14.0,Feminino,2021,Privada - Programa de Apadrinhamento,8.355707894766669,Topázio,,,,4.0,7.083,9.382456140666667,6.26,8.166666666666666,8.5475,10.0,,6.5,8.0,10.0,,,Fase 3 (7° e 8° ano),1,,,,2024,8.020833333,Colégio Arco Íris Evolução,Cursando,Completo,4.0
RA-420,4M,4M,Aluno-420,,13.0,Feminino,2021,Privada - Programa de Apadrinhamento,7.544228947400001,Ametista,,,,4.0,8.334,9.557894737,6.26,4.0,7.96,10.0,,3.0,4.5,4.5,,,Fase 3 (7° e 8° ano),1,,,,2024,7.8125,Colégio Arco Íris Evolução,Cursando,Completo,4.0
RA-1166,4M,4M,Aluno-1166,,16.0,Feminino,2023,Pública,7.452799122766667,Ametista,,,,4.0,8.334,8.498245614,6.26,6.333333333333333,8.625,5.0,,5.0,7.0,7.0,,,Fase 5 (1° EM),-1,,,,2024,8.020833333,EE Donizetti Aparecido Leite Professor,Cursando,Completo,4.0
RA-425,4M,4M,Aluno-425,,14.0,Masculino,2022,Pública,9.016616666700001,Topázio,,,,4.0,10.002,10.0,6.26,9.0,8.8375,10.0,,10.0,7.5,9.5,,,Fase 4 (9° ano),0,,,,2024,8.229166667,EE Maria André Schunck Dona,Cursando,Completo,4.0
RA-1590,4N,4N,Aluno-1590,,15.0,Feminino,2024,Pública,8.1907875086,Topázio,,,,5.0,7.917,8.267770876333332,7.51,8.666666666666666,8.806,5.0,,8.5,8.0,9.5,,,Fase 5 (1° EM),-1,,,,2024,10.0,EE Maria André Schunck Dona,Cursando,Completo,4.0
RA-1591,4N,4N,Aluno-1591,,16.0,Feminino,2024,Pública,6.1707952862,Agata,,,,5.0,7.083,6.430976431,7.51,3.5,7.064,5.0,,3.0,4.5,3.0,,,Fase 6 (2° EM),-2,,,,2024,8.125,EE Maria André Schunck Dona,Cursando,Completo,4.0
RA-273,4N,4N,Aluno-273,,16.0,Feminino,2021,Pública,6.5991307798,Agata,,,,5.0,9.168,7.323153899,6.26,4.5,6.896,5.0,,3.0,6.5,4.0,,,Fase 5 (1° EM),-1,,,,2024,8.125,EE Maria André Schunck Dona,Cursando,Completo,4.0
RA-1592,4N,4N,Aluno-1592,,15.0,Feminino,2024,Pública,6.812545479666667,Agata,,,,5.0,7.917,6.854727398333334,7.51,5.5,7.432,5.0,,4.0,7.5,5.0,,,Fase 5 (1° EM),-1,,,,2024,8.125,EE Maria André Schunck Dona,Cursando,Completo,4.0
RA-457,4N,4N,Aluno-457,,14.0,Feminino,2022,Pública,8.5892756038,Topázio,,,,5.0,8.334,8.743961352333335,7.51,8.666666666666666,7.77,10.0,,8.0,8.0,10.0,,,Fase 3 (7° e 8° ano),1,,,,2024,9.6875,EE Donizetti Aparecido Leite Professor,Cursando,Completo,4.0
RA-305,4N,4N,Aluno-305,,16.0,Masculino,2021,Pública,6.693026811600001,Agata,,,,5.0,8.334,7.898550724666666,6.26,4.833333333333333,7.03,5.0,,3.0,3.0,8.5,,,Fase 5 (1° EM),-1,,,,2024,7.8125,EE Maria André Schunck Dona,Cursando,Completo,4.0
RA-421,4N,4N,Aluno-421,,13.0,Masculino,2021,Pública,8.488232329,Topázio,,,,5.0,8.751,9.540744978333334,7.51,6.666666666666667,8.572,10.0,,5.0,6.0,9.0,,,Fase 3 (7° e 8° ano),1,,,,2024,9.0625,Estuda em outra cidade,Cursando,Completo,4.0
RA-1169,4N,4N,Aluno-1169,,15.0,Feminino,2023,Pública,6.885305555533334,Agata,,,,5.0,6.25,8.444444444333334,5.635,6.833333333333333,6.8,5.0,,6.0,6.5,8.0,,,Fase 5 (1° EM),-1,,,,2024,7.8125,EE Maria André Schunck Dona,Cursando,Completo,4.0
RA-1593,4N,4N,Aluno-1593,,15.0,Masculino,2024,Pública,6.638525017333334,Agata,,,,5.0,6.249,4.868875086666667,6.26,6.5,8.538,5.0,,9.0,6.5,4.0,,,Fase 5 (1° EM),-1,,,,2024,9.0625,EE Maria André Schunck Dona,Cursando,Completo,4.0
RA-1594,4N,4N,Aluno-1594,,16.0,Masculino,2024,Pública,5.731267287800001,Quartzo,,,,5.0,9.585,6.112836439,6.26,3.0,5.996,5.0,,1.0,4.0,4.0,,,Fase 6 (2° EM),-2,,,,2024,6.25,EE Maria André Schunck Dona,Cursando,Completo,4.0
RA-283,4N,4N,Aluno-283,,16.0,Masculino,2021,Pública,7.9444309524,Ametista,,,,5.0,8.751,9.761904762,6.885,8.0,7.736,5.0,,6.5,8.0,9.5,,,Fase 6 (2° EM),-2,,,,2024,7.8125,EE Maria André Schunck Dona,Cursando,Completo,4.0
RA-459,4N,4N,Aluno-459,,14.0,Masculino,2021,Pública,7.233804589400001,Ametista,,,,5.0,7.917,8.454106280333333,5.635,4.666666666666667,7.366,10.0,,0.0,6.0,8.0,,,Fase 4 (9° ano),0,,,,2024,7.8125,EE Donizetti Aparecido Leite Professor,Cursando,Completo,4.0
RA-454,4R,4R,Aluno-454,,17.0,Masculino,2021,Pública,5.8522943469666675,Quartzo,,,,6.0,9.585,6.633138401666667,6.255,3.6666666666666665,5.833333333,5.0,,3.0,2.0,6.0,,,Fase 6 (2° EM),-2,,,,2024,5.416666667,EE Paschoal Carlos Magno,Cursando,Completo,4.0
RA-1595,4R,4R,Aluno-1595,,14.0,Masculino,2024,Pública,6.6599304233000005,Agata,,,,6.0,8.334,7.949735449666666,6.26,2.3333333333333335,7.021666667,10.0,,3.0,0.0,4.0,,,Fase 4 (9° ano),0,,,,2024,7.395833333,EM Cecilia Cristina de Oliveira Rodrigues,Cursando,Completo,4.0
RA-1596,4R,4R,Aluno-1596,,17.0,Feminino,2024,Pública,7.261016666766667,Ametista,,,,6.0,8.751,10.0,7.51,3.3333333333333335,8.226666667,5.0,,5.0,0.0,5.0,,,Fase 6 (2° EM),-2,,,,2024,8.229166667,EE Donizetti Aparecido Leite Professor,Cursando,Completo,4.0
RA-170,4R,4R,Aluno-170,,16.0,Feminino,2021,Privada - Programa de Apadrinhamento,7.646383333300001,Ametista,,,,6.0,9.168,8.5,5.635,8.0,8.028333333,5.0,,10.0,6.5,7.5,,,Fase 5 (1° EM),-1,,,,2024,7.604166667,Colégio Arco Íris Evolução,Cursando,Completo,4.0
RA-1597,4R,4R,Aluno-1597,,16.0,Feminino,2024,Pública,6.7187063492,Agata,,,,6.0,7.5,8.412698412666666,7.51,2.8333333333333335,8.28,5.0,,2.0,0.0,6.5,,,Fase 5 (1° EM),-1,,,,2024,8.125,EE Donizetti Aparecido Leite Professor,Cursando,Completo,4.0
RA-1171,4R,4R,Aluno-1171,,15.0,Masculino,2023,Pública,7.6236817459,Ametista,,,,6.0,8.334,7.230158729999999,7.51,7.5,8.643333333,5.0,,5.0,9.5,8.0,,,Fase 5 (1° EM),-1,,,,2024,8.645833333,EE Donizetti Aparecido Leite Professor,Cursando,Completo,4.0
RA-116,5A,5A,Aluno-116,,18.0,Feminino,2021,Pública,6.337470707133334,Agata,,,,5.0,8.334,7.535353535666666,5.635,4.5,6.73,5.0,,6.5,2.0,5.0,,,Fase 7 (3° EM),-2,,,,2024,6.875,EE Joaquim Mendes Feliz,Cursando,Completo,5.0
RA-217,5A,5A,Aluno-217,,17.0,Feminino,2021,Privada - Programa de Apadrinhamento,7.4209164502,Ametista,,,,5.0,8.334,8.917748917666666,6.26,7.833333333333333,6.994,5.0,,9.0,7.0,7.5,,,Fase 6 (2° EM),-1,,,,2024,7.125,Colégio Arco Íris Evolução,Cursando,Completo,5.0
RA-103,5A,5A,Aluno-103,,15.0,Feminino,2021,Privada - Programa de Apadrinhamento,8.775268254,Topázio,,,,5.0,8.334,9.603174603333335,6.26,9.166666666666666,8.872,10.0,,9.0,9.0,9.5,,,Fase 5 (1° EM),0,,,,2024,7.875,Colégio Arco Íris Evolução,Cursando,Completo,5.0
RA-178,5A,5A,Aluno-178,,16.0,Feminino,2021,Privada - Programa de Apadrinhamento,7.234168831200001,Ametista,,,,5.0,9.585,8.739177489333334,6.26,4.166666666666667,6.53,10.0,,2.5,2.5,7.5,,,Fase 5 (1° EM),0,,,,2024,7.625,Colégio Arco Íris Evolução,Cursando,Completo,5.0
RA-1172,5A,5A,Aluno-1172,,17.0,Feminino,2023,Pública,5.719565079333334,Quartzo,,,,5.0,7.5,6.0634920633333325,6.26,3.3333333333333335,6.196,5.0,,0.0,5.0,5.0,,,Fase 6 (2° EM),-1,,,,2024,7.25,EE Donizetti Aparecido Leite Professor,Cursando,Completo,5.0
RA-180,5A,5A,Aluno-180,,14.0,Masculino,2021,Privada - Programa de Apadrinhamento,8.801463636333335,Topázio,,,,5.0,9.168,9.431818181666666,7.51,8.5,8.674,10.0,,9.0,8.5,8.0,,,Fase 3 (7° e 8° ano),2,,,,2024,8.125,Colégio Arco Íris Evolução,Cursando,Completo,5.0
RA-181,5A,5A,Aluno-181,,15.0,Feminino,2021,Privada - Programa de Apadrinhamento,7.439841414133334,Ametista,,,,5.0,7.5,8.737373737333334,6.26,4.333333333333333,8.436,10.0,,0.0,7.5,5.5,,,Fase 5 (1° EM),0,,,,2024,7.625,Colégio Arco Íris Evolução,Cursando,Completo,5.0
RA-121,5A,5A,Aluno-121,,17.0,Feminino,2021,Pública,7.476158297266668,Ametista,,,,5.0,8.751,8.152958153,6.26,8.833333333333334,6.764,5.0,,7.5,9.0,10.0,,,Fase 7 (3° EM),-2,,,,2024,7.25,EE Joaquim Mendes Feliz,Cursando,Completo,5.0
RA-211,5A,5A,Aluno-211,,15.0,Masculino,2021,Privada - Programa de Apadrinhamento,8.283601875933334,Topázio,,,,5.0,9.585,9.379509379666667,7.51,7.0,7.866,10.0,,5.5,6.5,9.0,,,Fase 5 (1° EM),0,,,,2024,7.25,Colégio Arco Íris Evolução,Cursando,Completo,5.0
RA-1198,5A,5A,Aluno-1198,,17.0,Feminino,2023,Pública,6.9217748918,Agata,,,,5.0,8.751,9.458874459,7.51,3.5,7.332,5.0,,0.0,1.0,9.5,,,Fase 6 (2° EM),-1,,,,2024,7.375,EE Joaquim Mendes Feliz,Cursando,Completo,5.0
RA-110,5A,5A,Aluno-110,,16.0,Masculino,2021,Privada - Programa de Apadrinhamento,8.6324939394,Topázio,,,,5.0,9.168,9.696969697,6.255,8.5,8.504,10.0,,10.0,7.0,8.5,,,Fase 5 (1° EM),0,,,,2024,7.5,Colégio Arco Íris Evolução,Cursando,Completo,5.0
RA-189,5A,5A,Aluno-189,,15.0,Masculino,2021,Privada - Programa de Apadrinhamento,8.586533333333334,Topázio,,,,5.0,10.002,10.0,6.255,8.166666666666666,8.2,10.0,,7.0,7.5,10.0,,,Fase 5 (1° EM),0,,,,2024,6.875,Colégio Arco Íris Evolução,Cursando,Completo,5.0
RA-127,5A,5A,Aluno-127,,16.0,Feminino,2022,Privada - Programa de Apadrinhamento,8.5605939394,Topázio,,,,5.0,8.751,9.488636363666666,7.51,7.833333333333333,8.538,10.0,,10.0,3.5,10.0,,,Fase 5 (1° EM),0,,,,2024,7.625,Colégio Arco Íris Evolução,Cursando,Completo,5.0
RA-115,5A,5A,Aluno-115,,17.0,Feminino,2021,Pública,5.404184695733334,Quartzo,,,,5.0,7.917,4.164756812,6.26,4.166666666666667,5.726,5.0,,6.5,4.5,1.5,,,Fase 7 (3° EM),-2,,,,2024,6.75,EE Joaquim Mendes Feliz,Cursando,Completo,5.0
RA-215,5B,5B,Aluno-215,,15.0,Feminino,2021,Pública,7.045258874400002,Ametista,,,,5.0,7.084,6.455627705333334,6.26,5.666666666666667,7.432,10.0,,5.0,2.0,10.0,,,Fase 5 (1° EM),0,,,,2024,8.0,EE Paschoal Carlos Magno,Cursando,Completo,5.0
RA-1598,5B,5B,Aluno-1598,,15.0,Feminino,2024,Pública,8.4656285714,Topázio,,,,5.0,9.585,8.857142857,7.51,7.5,8.236,10.0,,7.5,7.5,,,,Fase 5 (1° EM),0,,,,2024,8.375,EE Paschoal Carlos Magno,Cursando,Completo,5.0
RA-1174,5B,5B,Aluno-1174,,16.0,Feminino,2023,Pública,7.374213419866667,Ametista,,,,5.0,8.751,8.349567099333333,6.26,5.0,7.266,10.0,,5.0,3.0,7.0,,,Fase 5 (1° EM),0,,,,2024,7.5,EE Olivia de Faria Nogueira,Cursando,Completo,5.0
RA-192,5B,5B,Aluno-192,,17.0,Masculino,2021,Privada,6.882960606066668,Agata,,,,5.0,8.334,6.363636363666667,7.51,7.166666666666667,6.9,5.0,,4.0,7.5,10.0,,,Fase 7 (3° EM),-2,,,,2024,7.125,Rede Decisão - Unidade União,Cursando,Completo,5.0
RA-220,5B,5B,Aluno-220,,15.0,Feminino,2022,Pública,7.6987770562666675,Ametista,,,,5.0,8.751,8.198051948,6.26,6.833333333333333,7.332,10.0,,8.0,3.5,9.0,,,Fase 5 (1° EM),0,,,,2024,7.25,EE Joaquim Mendes Feliz,Cursando,Completo,5.0
RA-186,5B,5B,Aluno-186,,15.0,Feminino,2021,Privada,8.325963636333334,Topázio,,,,5.0,7.917,9.640151515,6.26,7.166666666666667,8.672,10.0,,6.0,7.0,8.5,,,Fase 4 (9° ano),1,,,,2024,8.125,Colégio Nogueira e Sonho de Criança,Cursando,Completo,5.0
RA-1181,5B,5B,Aluno-1181,,15.0,Feminino,2023,Pública,6.2015816738666665,Agata,,,,5.0,9.168,5.036075036,6.26,3.8333333333333335,5.862,10.0,,1.0,1.0,9.5,,,Fase 5 (1° EM),0,,,,2024,7.125,EE Paschoal Carlos Magno,Cursando,Completo,5.0
RA-1599,5B,5B,Aluno-1599,,17.0,Feminino,2024,Pública,7.6059333333333345,Ametista,,,,5.0,8.334,9.666666666666666,7.51,6.5,7.566,5.0,,7.0,6.0,,,,Fase 7 (3° EM),-2,,,,2024,7.75,EE Joaquim Mendes Feliz,Cursando,Completo,5.0
RA-111,5B,5B,Aluno-111,,15.0,Feminino,2021,Privada - Programa de Apadrinhamento,8.667693939400001,Topázio,,,,5.0,9.168,9.488636363666666,6.26,8.333333333333334,8.74,10.0,,8.0,7.0,10.0,,,Fase 5 (1° EM),0,,,,2024,8.125,Colégio Arco Íris Evolução,Cursando,Completo,5.0
RA-1600,5B,5B,Aluno-1600,,17.0,Feminino,2024,Pública,6.750618518533334,Agata,,,,5.0,8.751,8.425925926,6.26,5.666666666666667,6.03,5.0,,5.0,2.0,10.0,,,Fase 7 (3° EM),-2,,,,2024,7.25,EE Paschoal Carlos Magno,Cursando,Completo,5.0
RA-1601,5C,5C,Aluno-1601,,17.0,Feminino,2024,Pública,7.2431,Ametista,,,,4.0,8.751,7.0,7.51,6.5,8.335,5.0,,5.0,5.0,9.5,,,Fase 6 (2° EM),-1,,,,2024,7.5,EE Leonice de Aquino Oliveira,Cursando,Completo,5.0
RA-176,5C,5C,Aluno-176,,15.0,Feminino,2021,Privada - Programa de Apadrinhamento,8.828632575733334,Topázio,,,,4.0,9.585,9.545454545333333,6.26,8.833333333333334,8.545,10.0,,9.0,8.0,9.5,,,Fase 4 (9° ano),1,,,,2024,8.59375,Colégio Arco Íris Evolução,Cursando,Completo,5.0
RA-1602,5C,5C,Aluno-1602,,15.0,Feminino,2024,Pública,8.041889814800001,Topázio,,,,4.0,7.917,8.782407407333332,7.51,7.166666666666667,7.875,10.0,,9.5,2.0,10.0,,,Fase 5 (1° EM),0,,,,2024,7.34375,EE Leonice de Aquino Oliveira,Cursando,Completo,5.0
RA-1603,5C,5C,Aluno-1603,,16.0,Feminino,2024,Pública,7.836518518466668,Ametista,,,,4.0,7.5,9.259259258999998,7.51,8.333333333333334,7.835,5.0,,8.5,7.0,9.5,,,Fase 6 (2° EM),-1,,,,2024,7.5,EE Olivia de Faria Nogueira,Cursando,Completo,5.0
RA-1604,5C,5C,Aluno-1604,,16.0,Masculino,2024,Pública,8.0118555556,Topázio,,,,4.0,9.168,7.777777778,7.51,8.5,8.88,5.0,,10.0,5.5,10.0,,,Fase 6 (2° EM),-1,,,,2024,8.125,EE Maria André Schunck Dona,Cursando,Completo,5.0
RA-193,5C,5C,Aluno-193,,14.0,Masculino,2021,Privada - Programa de Apadrinhamento,8.465046969666668,Topázio,,,,4.0,8.751,9.848484848333333,6.26,7.0,8.7525,10.0,,6.5,4.5,10.0,,,Fase 4 (9° ano),1,,,,2024,8.4375,Colégio Arco Íris Evolução,Cursando,Completo,5.0
RA-195,5C,5C,Aluno-195,,15.0,Feminino,2021,Privada - Programa de Apadrinhamento,8.4690496032,Topázio,,,,4.0,7.5,9.682539682666667,6.26,7.833333333333333,8.965,10.0,,9.0,6.5,8.0,,,Fase 4 (9° ano),1,,,,2024,7.96875,Colégio Arco Íris Evolução,Cursando,Completo,5.0
RA-196,5C,5C,Aluno-196,,14.0,Masculino,2021,Privada - Programa de Apadrinhamento,8.823550937933334,Topázio,,,,4.0,8.751,9.689754689666666,7.51,8.0,8.9225,10.0,,8.0,7.0,9.0,,,Fase 4 (9° ano),1,,,,2024,8.75,Colégio Arco Íris Evolução,Cursando,Completo,5.0
RA-197,5C,5C,Aluno-197,,14.0,Feminino,2021,Privada - Programa de Apadrinhamento,8.568238636333334,Topázio,,,,4.0,7.5,9.848484848333333,6.26,8.333333333333334,8.795,10.0,,7.0,8.0,10.0,,,Fase 5 (1° EM),0,,,,2024,7.96875,Colégio Arco Íris Evolução,Cursando,Completo,5.0
RA-229,5C,5C,Aluno-229,,14.0,Masculino,2022,Privada - Programa de Apadrinhamento,8.852545634933334,Topázio,,,,4.0,9.585,9.841269841333334,5.635,8.833333333333334,8.8375,10.0,,9.5,7.0,10.0,,,Fase 4 (9° ano),1,,,,2024,8.28125,Colégio Arco Íris Evolução,Cursando,Completo,5.0
RA-202,5C,5C,Aluno-202,,16.0,Feminino,2021,Pública,7.3512154762,Ametista,,,,4.0,8.334,7.880952381,6.26,7.5,7.75,5.0,,8.5,6.0,8.0,,,Fase 6 (2° EM),-1,,,,2024,7.65625,EE Leonice de Aquino Oliveira,Cursando,Completo,5.0
RA-1176,5C,5C,Aluno-1176,,14.0,Masculino,2023,Privada - Programa de Apadrinhamento,8.914816269866666,Topázio,,,,4.0,8.751,9.682539682666667,6.26,9.166666666666666,8.9225,10.0,,10.0,8.0,9.5,,,Fase 4 (9° ano),1,,,,2024,8.59375,Colégio Arco Íris Evolução,Cursando,Completo,5.0
RA-1177,5C,5C,Aluno-1177,,15.0,Feminino,2023,Pública,8.3233039474,Topázio,,,,4.0,8.751,9.824561403666666,6.26,7.333333333333333,8.125,10.0,,9.5,5.5,7.0,,,Fase 5 (1° EM),0,,,,2024,7.65625,EE Mario Francisco de Amorim,Cursando,Completo,5.0
RA-146,5D,5D,Aluno-146,,17.0,Feminino,2022,Pública,8.134554885333333,Topázio,,,,5.0,8.751,9.514316093333333,5.635,9.333333333333334,8.304,5.0,,9.0,9.0,10.0,,,Fase 7 (3° EM),-2,,,,2024,7.65625,EE Mario Francisco de Amorim,Cursando,Completo,5.0
RA-1199,5D,5D,Aluno-1199,,18.0,Masculino,2023,Concluiu o 3º EM,7.614235714266666,Ametista,,,,5.0,7.5,8.571428571333334,5.005,9.0,8.466,5.0,,10.0,7.0,10.0,,,Fase 7 (3° EM),-2,,,,2024,6.5625,Concluiu o 3º EM,Cursando,Completo,5.0
RA-1178,5D,5D,Aluno-1178,,17.0,Masculino,2023,Pública,8.0934746032,Topázio,,,,5.0,8.751,9.682539682666667,6.26,8.333333333333334,8.696,5.0,,9.0,8.0,8.0,,,Fase 6 (2° EM),-1,,,,2024,7.5,EE Mario Francisco de Amorim,Cursando,Completo,5.0
RA-149,5D,5D,Aluno-149,,17.0,Feminino,2022,Pública,5.7316173854,Quartzo,,,,5.0,9.585,4.104378593666667,6.26,3.8333333333333335,6.626,5.0,,0.0,6.5,5.0,,,Fase 7 (3° EM),-2,,,,2024,7.34375,EE Leonice de Aquino Oliveira,Cursando,Completo,5.0
RA-1605,5D,5D,Aluno-1605,,16.0,Masculino,2024,Pública,4.920488888866667,Quartzo,,,,5.0,0.0,5.0694444443333335,7.51,2.5,7.028,5.0,,0.0,7.5,0.0,,,Fase 6 (2° EM),-1,,,,2024,7.5,EE Leonice de Aquino Oliveira,Cursando,Completo,5.0
RA-107,5D,5D,Aluno-107,,16.0,Feminino,2021,Pública,6.676130827066667,Agata,,,,5.0,7.5,7.9949874686666655,7.51,4.666666666666667,6.964,5.0,,0.0,4.5,9.5,,,Fase 6 (2° EM),-1,,,,2024,7.5,EE Mario Francisco de Amorim,Cursando,Completo,5.0
RA-184,5D,5D,Aluno-184,,14.0,Masculino,2021,Privada - Programa de Apadrinhamento,8.471456704266666,Topázio,,,,5.0,8.751,8.696741854666667,6.26,8.166666666666666,9.004,10.0,,9.5,5.0,10.0,,,Fase 4 (9° ano),1,,,,2024,7.96875,Colégio Arco Íris Evolução,Cursando,Completo,5.0
RA-1606,5D,5D,Aluno-1606,,17.0,Feminino,2024,Pública,5.8216796296,Quartzo,,,,5.0,8.334,5.148148148,7.51,2.5,7.132,5.0,,7.5,0.0,0.0,,,Fase 7 (3° EM),-2,,,,2024,7.8125,EE Paschoal Carlos Magno,Cursando,Completo,5.0
RA-1607,5D,5D,Aluno-1607,,16.0,Masculino,2024,Pública,4.899894444466667,Quartzo,,,,5.0,5.833,6.222222222333333,5.635,0.0,6.762,5.0,,,0.0,0.0,,,Fase 6 (2° EM),-1,,,,2024,6.5625,EE Olivia de Faria Nogueira,Cursando,Completo,5.0
RA-1608,5D,5D,Aluno-1608,,15.0,Masculino,2024,Pública,7.072539814866667,Ametista,,,,5.0,8.751,7.199074074333335,7.51,5.0,6.83,10.0,,8.5,3.5,3.0,,,Fase 5 (1° EM),0,,,,2024,6.40625,EE Paschoal Carlos Magno,Cursando,Completo,5.0
RA-1173,5D,5D,Aluno-1173,,15.0,Masculino,2023,Pública,8.220132915666667,Topázio,,,,5.0,9.168,9.665831245,7.51,5.833333333333333,8.2,10.0,,6.0,7.5,4.0,,,Fase 5 (1° EM),0,,,,2024,8.125,EE Leonice de Aquino Oliveira,Cursando,Completo,5.0
RA-237,5F,5F,Aluno-237,,16.0,Feminino,2022,Privada - Programa de Apadrinhamento,7.931384271366667,Ametista,,,,3.0,8.751,9.689754689666666,6.26,7.666666666666667,8.336666667,5.0,,6.0,7.0,10.0,,,Fase 6 (2° EM),-1,,,,2024,7.916666667,Colégio Arco Íris Evolução,Cursando,Completo,5.0
RA-147,5F,5F,Aluno-147,,16.0,Feminino,2022,Pública,7.400477922133334,Ametista,,,,3.0,8.334,9.277056277,7.51,6.166666666666667,7.386666667,5.0,,6.0,2.5,10.0,,,Fase 6 (2° EM),-1,,,,2024,7.5,EE Joaquim Mendes Feliz,Cursando,Completo,5.0
RA-131,5F,5F,Aluno-131,,17.0,Feminino,2021,Pública,7.263155555633333,Ametista,,,,3.0,8.751,9.444444444666667,7.51,5.0,7.386666667,5.0,,4.0,5.0,6.0,,,Fase 7 (3° EM),-2,,,,2024,7.708333333,EE Paschoal Carlos Magno,Cursando,Completo,5.0
RA-1609,5F,5F,Aluno-1609,,17.0,Feminino,2024,Pública,7.577233333233334,Ametista,,,,3.0,8.334,9.666666666666666,7.51,6.0,7.943333333,5.0,,6.0,4.0,8.0,,,Fase 7 (3° EM),-2,,,,2024,7.708333333,EE Joaquim Mendes Feliz,Cursando,Completo,5.0
RA-137,5F,5F,Aluno-137,,18.0,Feminino,2021,Concluiu o 3º EM,6.576761183366667,Agata,,,,3.0,9.585,7.582972583,5.005,6.833333333333333,6.276666667,5.0,,2.0,8.5,10.0,,,Fase 7 (3° EM),-2,,,,2024,4.791666667,Concluiu o 3º EM,Cursando,Completo,5.0
RA-1184,5F,5F,Aluno-1184,,17.0,Masculino,2023,Pública,7.411701731566668,Ametista,,,,3.0,6.666,8.658008657666668,7.51,7.666666666666667,7.5,5.0,,6.0,7.0,10.0,,,Fase 6 (2° EM),-1,,,,2024,7.291666667,EE Joaquim Mendes Feliz,Cursando,Completo,5.0
RA-138,5F,5F,Aluno-138,,17.0,Masculino,2021,Pública,7.3860274169,Ametista,,,,3.0,9.585,8.751803751666666,7.51,5.833333333333333,7.443333333,5.0,,7.5,5.0,5.0,,,Fase 7 (3° EM),-2,,,,2024,7.708333333,EE Paschoal Carlos Magno,Cursando,Completo,5.0
RA-1610,5F,5F,Aluno-1610,,17.0,Masculino,2024,Pública,6.7023729275666675,Agata,,,,3.0,9.168,7.753697970666667,7.51,5.166666666666667,6.106666667,5.0,,4.0,2.0,9.5,,,Fase 7 (3° EM),-2,,,,2024,7.291666667,EE Paschoal Carlos Magno,Cursando,Completo,5.0
RA-1611,5F,5F,Aluno-1611,,17.0,Masculino,2024,Pública,6.4589186218000005,Agata,,,,3.0,7.083,8.361426442,7.51,4.5,5.886666667,5.0,,2.0,2.5,9.0,,,Fase 7 (3° EM),-2,,,,2024,7.5,EE Joaquim Mendes Feliz,Cursando,Completo,5.0
RA-1612,5F,5F,Aluno-1612,,18.0,Masculino,2024,Pública,7.014528571366666,Ametista,,,,3.0,6.666,8.523809523666666,7.51,6.166666666666667,6.94,5.0,,5.0,6.5,7.0,,,Fase 7 (3° EM),-2,,,,2024,7.708333333,EE Joaquim Mendes Feliz,Cursando,Completo,5.0
RA-1188,5G,5G,Aluno-1188,,16.0,Feminino,2023,Pública,7.801633333400001,Ametista,,,,3.0,9.168,10.0,7.51,7.0,7.106666667,5.0,,7.0,6.0,8.0,,,Fase 6 (2° EM),-1,,,,2024,8.125,EE Olivia de Faria Nogueira,Cursando,Completo,5.0
RA-1613,5G,5G,Aluno-1613,,17.0,Feminino,2024,Pública,6.085471428700001,Agata,,,,3.0,8.334,7.1428571430000005,7.51,3.0,6.216666667,5.0,,0.0,1.0,8.0,,,Fase 7 (3° EM),-2,,,,2024,7.291666667,EE Leonice de Aquino Oliveira,Cursando,Completo,5.0
RA-244,5G,5G,Aluno-244,,14.0,Feminino,2021,Privada - Programa de Apadrinhamento,8.7225,Topázio,,,,3.0,7.5,10.0,6.26,9.5,8.17,10.0,,10.0,9.0,9.5,,,Fase 4 (9° ano),1,,,,2024,8.125,Colégio Arco Íris Evolução,Cursando,Completo,5.0
RA-267,5G,5G,Aluno-267,,17.0,Feminino,2021,Pública,5.8963067819666675,Quartzo,,,,3.0,10.002,8.285533910333333,6.26,2.0,6.273333333,5.0,,0.0,2.0,4.0,,,Fase 7 (3° EM),-2,,,,2024,4.583333333,EE Leonice de Aquino Oliveira,Cursando,Completo,5.0
RA-1189,5G,5G,Aluno-1189,,16.0,Feminino,2023,Pública,7.6486387164,Ametista,,,,3.0,9.585,8.672360248333332,7.51,7.666666666666667,7.106666667,5.0,,7.0,7.0,9.0,,,Fase 6 (2° EM),-1,,,,2024,7.5,EE Olivia de Faria Nogueira,Cursando,Completo,5.0
RA-113,5G,5G,Aluno-113,,16.0,Feminino,2021,Pública,7.043536903066667,Ametista,,,,3.0,8.751,7.063851181666667,7.51,6.666666666666667,7.106666667,5.0,,7.0,6.0,7.0,,,Fase 6 (2° EM),-1,,,,2024,7.5,EE Leonice de Aquino Oliveira,Cursando,Completo,5.0
RA-152,5L,5L,Aluno-152,,17.0,Feminino,2022,Pública,6.5837938596,Agata,,,,3.0,7.5,7.337719298333333,5.63,5.166666666666667,7.443333333,5.0,,0.0,7.5,8.0,,,Fase 7 (3° EM),-2,,,,2024,7.8125,EE Donizetti Aparecido Leite Professor,Cursando,Completo,5.0
RA-318,5L,5L,Aluno-318,,16.0,Feminino,2021,Pública,7.025000925866668,Ametista,,,,3.0,7.917,9.129629629666667,7.51,4.666666666666667,7.443333333,5.0,,2.0,6.0,6.0,,,Fase 6 (2° EM),-1,,,,2024,7.34375,EE Donizetti Aparecido Leite Professor,Cursando,Completo,5.0
RA-274,5L,5L,Aluno-274,,13.0,Feminino,2021,Privada - Programa de Apadrinhamento,8.651029629666667,Topázio,,,,3.0,8.334,9.648148147999999,5.635,9.333333333333334,8.226666667,10.0,,9.0,9.0,10.0,,,Fase 3 (7° e 8° ano),2,,,,2024,8.125,Colégio Arco Íris Evolução,Cursando,Completo,5.0
RA-319,5L,5L,Aluno-319,,15.0,Masculino,2022,Pública,7.948699561466667,Ametista,,,,3.0,9.585,9.024122807,7.51,5.833333333333333,7.666666667,10.0,,4.0,5.0,8.5,,,Fase 5 (1° EM),0,,,,2024,7.34375,EE Donizetti Aparecido Leite Professor,Cursando,Completo,5.0
RA-160,5L,5L,Aluno-160,,17.0,Feminino,2021,Privada - Programa de Apadrinhamento,6.855108333266668,Agata,,,,3.0,8.334,7.416666666666667,6.26,5.666666666666667,7.723333333,5.0,,3.0,5.5,8.5,,,Fase 6 (2° EM),-1,,,,2024,7.34375,Colégio Arco Íris Evolução,Cursando,Completo,5.0
RA-161,5L,5L,Aluno-161,,15.0,Feminino,2021,Privada - Programa de Apadrinhamento,7.258445588333334,Ametista,,,,3.0,8.751,7.965686274666666,6.26,4.0,7.836666667,10.0,,5.0,7.0,0.0,,,Fase 5 (1° EM),0,,,,2024,7.96875,Colégio Arco Íris Evolução,Cursando,Completo,5.0
RA-1614,5L,5L,Aluno-1614,,16.0,Masculino,2024,Pública,6.787898989933334,Agata,,,,3.0,7.5,6.574494949666668,7.51,6.5,7.11,5.0,,5.0,5.5,9.0,,,Fase 6 (2° EM),-1,,,,2024,7.5,EE Donizetti Aparecido Leite Professor,Cursando,Completo,5.0
RA-164,5L,5L,Aluno-164,,17.0,Masculino,2021,Privada,6.837125731066667,Agata,,,,3.0,9.585,8.084795321666666,6.26,5.666666666666667,6.886666667,5.0,,6.0,2.0,9.0,,,Fase 7 (3° EM),-2,,,,2024,6.25,Colégio Nogueira e Sonho de Criança,Cursando,Completo,5.0
RA-165,5L,5L,Aluno-165,,16.0,Feminino,2021,Privada - Programa de Apadrinhamento,8.4627502436,Topázio,,,,3.0,7.5,9.431042884999998,7.51,8.5,7.893333333,10.0,,10.0,7.5,8.0,,,Fase 5 (1° EM),0,,,,2024,7.96875,Colégio Arco Íris Evolução,Cursando,Completo,5.0
RA-1615,5M,5M,Aluno-1615,,15.0,Feminino,2024,Pública,8.417533333333333,Topázio,,,,4.0,7.917,9.833333333333334,7.51,8.333333333333334,7.4575,10.0,,8.0,7.0,10.0,,,Fase 5 (1° EM),0,,,,2024,7.5,EE Donizetti Aparecido Leite Professor,Cursando,Completo,5.0
RA-1616,5M,5M,Aluno-1616,,17.0,Feminino,2024,Pública,7.147738235266668,Ametista,,,,4.0,8.334,8.436274509666667,7.51,6.166666666666667,7.12,5.0,,5.5,6.5,6.5,,,Fase 6 (2° EM),-1,,,,2024,7.1875,Estuda em outra cidade,Cursando,Completo,5.0
RA-271,5M,5M,Aluno-271,,17.0,Feminino,2022,Pública,7.400633333333334,Ametista,,,,4.0,9.168,8.958333333333334,6.26,7.333333333333333,6.7475,5.0,,5.0,7.5,9.5,,,Fase 6 (2° EM),-1,,,,2024,7.5,EE Donizetti Aparecido Leite Professor,Cursando,Completo,5.0
RA-316,5M,5M,Aluno-316,,15.0,Feminino,2022,Privada - Programa de Apadrinhamento,8.708925,Topázio,,,,4.0,9.168,10.0,7.51,8.0,8.3775,10.0,,8.5,7.0,8.5,,,Fase 5 (1° EM),0,,,,2024,7.65625,Colégio Arco Íris Evolução,Cursando,Completo,5.0
RA-286,5M,5M,Aluno-286,,16.0,Feminino,2022,Pública,5.123180882333333,Quartzo,,,,4.0,6.666,4.031862745000001,6.26,3.1666666666666665,5.7825,5.0,,5.0,0.0,4.5,,,Fase 6 (2° EM),-1,,,,2024,7.34375,EE Donizetti Aparecido Leite Professor,Cursando,Completo,5.0
RA-320,5M,5M,Aluno-320,,15.0,Feminino,2022,Privada - Programa de Apadrinhamento,8.442258333333335,Topázio,,,,4.0,9.168,10.0,7.51,6.666666666666667,8.3775,10.0,,7.5,5.5,7.0,,,Fase 5 (1° EM),0,,,,2024,7.65625,Colégio Arco Íris Evolução,Cursando,Completo,5.0
RA-1207,5M,5M,Aluno-1207,,16.0,Feminino,2023,Pública,6.509169736866667,Agata,,,,4.0,8.334,6.581140350999999,7.51,5.333333333333333,6.5375,5.0,,4.5,1.5,10.0,,,Fase 6 (2° EM),-1,,,,2024,7.34375,EE Donizetti Aparecido Leite Professor,Cursando,Completo,5.0
RA-1617,5M,5M,Aluno-1617,,16.0,Feminino,2024,Pública,4.926285714266666,Quartzo,,,,4.0,0.0,5.571428571333333,7.51,3.25,6.1175,5.0,,0.5,6.0,,,,Fase 6 (2° EM),-1,,,,2024,6.875,EE Donizetti Aparecido Leite Professor,Cursando,Completo,5.0
RA-158,5M,5M,Aluno-158,,15.0,Feminino,2021,Privada - Programa de Apadrinhamento,6.855159259266667,Agata,,,,4.0,8.334,7.796296296333334,6.26,4.0,6.745,10.0,,2.5,1.5,8.0,,,Fase 5 (1° EM),0,,,,2024,6.875,Colégio Arco Íris Evolução,Cursando,Completo,5.0
RA-306,5M,5M,Aluno-306,,16.0,Feminino,2021,Pública,6.1661539474,Agata,,,,4.0,7.917,7.699561403666666,7.51,2.8333333333333335,6.4125,5.0,,3.5,1.5,3.5,,,Fase 6 (2° EM),-1,,,,2024,7.34375,EE Donizetti Aparecido Leite Professor,Cursando,Completo,5.0
RA-1618,5M,5M,Aluno-1618,,17.0,Masculino,2024,Pública,7.0487660130666665,Ametista,,,,4.0,8.334,7.908496732000001,7.51,6.333333333333333,6.83,5.0,,5.0,7.0,7.0,,,Fase 6 (2° EM),-1,,,,2024,7.5,EE Donizetti Aparecido Leite Professor,Cursando,Completo,5.0
RA-308,5M,5M,Aluno-308,,15.0,Masculino,2021,Pública,7.489282456133334,Ametista,,,,4.0,7.083,8.714912280666667,5.635,6.5,7.1225,10.0,,5.5,7.0,7.0,,,Fase 4 (9° ano),1,,,,2024,7.5,EE Leonice de Aquino Oliveira,Cursando,Completo,5.0
RA-1619,5M,5M,Aluno-1619,,15.0,Masculino,2024,Pública,7.393951851866667,Ametista,,,,4.0,7.501,9.259259259333334,7.51,4.25,7.205,10.0,,4.0,4.5,,,,Fase 4 (9° ano),1,,,,2024,7.5,EE Maria André Schunck Dona,Cursando,Completo,5.0
RA-299,5N,5N,Aluno-299,,15.0,Feminino,2021,Privada - Programa de Apadrinhamento,8.177186956533333,Topázio,,,,3.0,8.751,8.963768115999999,6.26,8.166666666666666,7.5,10.0,,8.0,7.5,9.0,,,Fase 4 (9° ano),1,,,,2024,7.5,Colégio Arco Íris Evolução,Cursando,Completo,5.0
RA-251,5N,5N,Aluno-251,,16.0,Masculino,2021,Pública,6.7135006212,Agata,,,,3.0,8.751,8.612836439,5.63,4.5,7.326666667,5.0,,4.0,2.5,7.0,,,Fase 6 (2° EM),-1,,,,2024,6.875,EE Maria André Schunck Dona,Cursando,Completo,5.0
RA-157,5N,5N,Aluno-157,,14.0,Feminino,2021,Privada - Programa de Apadrinhamento,8.950566666733334,Topázio,,,,3.0,8.334,10.0,6.26,9.666666666666666,8.726666667,10.0,,10.0,9.0,10.0,,,Fase 4 (9° ano),1,,,,2024,8.125,Colégio Arco Íris Evolução,Cursando,Completo,5.0
RA-1620,5N,5N,Aluno-1620,,16.0,Masculino,2024,Pública,6.652766666666667,Agata,,,,3.0,8.751,6.666666666666667,7.51,5.166666666666667,7.05,5.0,,5.5,7.0,3.0,,,Fase 6 (2° EM),-1,,,,2024,7.5,EE Maria André Schunck Dona,Cursando,Completo,5.0
RA-321,5N,5N,Aluno-321,,14.0,Feminino,2022,Pública,8.125807932933334,Topázio,,,,3.0,7.917,9.534706331,6.26,7.166666666666667,7.776666667,10.0,,6.0,6.0,9.5,,,Fase 4 (9° ano),1,,,,2024,8.125,EE Donizetti Aparecido Leite Professor,Cursando,Completo,5.0
RA-1195,5N,5N,Aluno-1195,,18.0,Feminino,2022,Pública,7.5085144926666665,Ametista,,,,3.0,9.585,9.855072463666666,5.63,6.166666666666667,7.663333333,5.0,,8.0,5.0,5.5,,,Fase 7 (3° EM),-2,,,,2024,7.5,EE Maria André Schunck Dona,Cursando,Completo,5.0
RA-1200,5N,5N,Aluno-1200,,16.0,Feminino,2023,Pública,5.6415838956,Quartzo,,,,3.0,7.917,7.099419478000001,6.26,1.5,6.27,5.0,,0.0,4.5,0.0,,,Fase 6 (2° EM),-1,,,,2024,7.5,EE Maria André Schunck Dona,Cursando,Completo,5.0
RA-278,5N,5N,Aluno-278,,14.0,Masculino,2021,Privada - Programa de Apadrinhamento,8.907314492800001,Topázio,,,,3.0,9.168,9.855072463666666,7.51,9.333333333333334,7.946666667,10.0,,9.0,9.0,10.0,,,Fase 4 (9° ano),1,,,,2024,8.125,Colégio Arco Íris Evolução,Cursando,Completo,5.0
RA-85,5N,5N,Aluno-85,,17.0,Masculino,2022,Pública,6.999509385733333,Agata,,,,3.0,8.334,8.668046928999999,3.755,7.666666666666667,6.993333333,5.0,,9.0,4.5,9.5,,,Fase 7 (3° EM),-2,,,,2024,6.25,EE Maria André Schunck Dona,Cursando,Completo,5.0
RA-279,5N,5N,Aluno-279,,15.0,Masculino,2021,Privada - Programa de Apadrinhamento,9.113133333366667,Topázio,,,,3.0,9.168,10.0,7.51,9.333333333333334,8.726666667,10.0,,10.0,8.0,10.0,,,Fase 4 (9° ano),1,,,,2024,8.333333333,Colégio Arco Íris Evolução,Cursando,Completo,5.0
RA-1621,5N,5N,Aluno-1621,,17.0,Feminino,2024,Pública,8.107033333366667,Topázio,,,,3.0,7.917,10.0,6.26,8.333333333333334,8.446666667,5.0,,7.5,7.5,10.0,,,Fase 6 (2° EM),-1,,,,2024,8.333333333,EE Leonice de Aquino Oliveira,Cursando,Completo,5.0
RA-280,5N,5N,Aluno-280,,15.0,Feminino,2021,Privada - Programa de Apadrinhamento,8.822714492700001,Topázio,,,,3.0,7.917,9.855072463666666,6.26,9.333333333333334,8.67,10.0,,10.0,8.0,10.0,,,Fase 4 (9° ano),1,,,,2024,8.333333333,Colégio Arco Íris Evolução,Cursando,Completo,5.0
RA-1201,5N,5N,Aluno-1201,,16.0,Masculino,2023,Pública,8.376195238033333,Topázio,,,,3.0,8.751,9.523809523666666,7.51,9.0,8.56,5.0,,9.0,8.0,10.0,,,Fase 6 (2° EM),-1,,,,2024,8.333333333,EE Maria André Schunck Dona,Cursando,Completo,5.0
RA-1622,5N,5N,Aluno-1622,,16.0,Feminino,2024,Pública,8.429066666633334,Topázio,,,,3.0,8.334,10.0,7.51,9.666666666666666,7.89,5.0,,10.0,9.0,10.0,,,Fase 6 (2° EM),-1,,,,2024,8.333333333,EE Maria André Schunck Dona,Cursando,Completo,5.0
RA-132,6A,6A,Aluno-132,,16.0,Feminino,2021,Privada - Programa de Apadrinhamento,8.4746321428,Topázio,,,,5.0,8.334,8.380952380666665,7.51,8.333333333333334,8.44,10.0,,7.0,8.0,10.0,,,Fase 6 (2° EM),0,,,,2024,8.59375,Colégio Arco Íris Evolução,Cursando,Completo,6.0
RA-42,6A,6A,Aluno-42,,17.0,Masculino,2021,Pública,7.656628769866667,Ametista,,,,5.0,9.168,9.682539682666667,5.635,8.166666666666666,7.134,5.0,,9.0,7.5,8.0,,,Fase 7 (3° EM),-1,,,,2024,6.796875,EE Paschoal Carlos Magno,Cursando,Completo,6.0
RA-1623,6A,6A,Aluno-1623,,17.0,Masculino,2024,Pública,7.7609537037333345,Ametista,,,,5.0,9.168,8.518518518666667,6.26,6.0,7.666,10.0,,5.5,2.5,10.0,,,Fase 6 (2° EM),0,,,,2024,7.8125,EE Alexandre Rodrigues Nogueira,Cursando,Completo,6.0
RA-106,6A,6A,Aluno-106,,16.0,Feminino,2021,Privada - Programa de Apadrinhamento,7.721664285733334,Ametista,,,,5.0,9.168,8.761904762,5.635,5.666666666666667,7.872,10.0,,7.0,3.5,6.5,,,Fase 6 (2° EM),0,,,,2024,7.8125,Colégio Arco Íris Evolução,Cursando,Completo,6.0
RA-123,6A,6A,Aluno-123,,18.0,Masculino,2021,Privada - Programa de Apadrinhamento,6.887248015866668,Agata,,,,5.0,7.5,8.412698412666666,5.635,7.166666666666667,6.43,5.0,,6.5,5.5,9.5,,,Fase 7 (3° EM),-1,,,,2024,6.71875,Colégio Arco Íris Evolução,Cursando,Completo,6.0
RA-125,6A,6A,Aluno-125,,17.0,Feminino,2022,Privada,6.627079761933334,Agata,,,,5.0,8.334,5.6428571430000005,7.51,6.166666666666667,7.232,5.0,,3.0,7.0,8.5,,,Fase 7 (3° EM),-1,,,,2024,7.34375,João Friaza Colégio,Cursando,Completo,6.0
RA-1624,6A,6A,Aluno-1624,,18.0,Feminino,2024,Concluiu o 3º EM,7.743213492066667,Ametista,,,,5.0,7.917,9.460317460333334,7.51,7.5,7.636,5.0,,8.0,5.5,9.0,,,Fase 7 (3° EM),-1,,,,2024,7.8125,Concluiu o 3º EM,Cursando,Completo,6.0
RA-1625,6A,6A,Aluno-1625,,17.0,Masculino,2024,Pública,6.888194089266667,Agata,,,,5.0,7.5,7.112887113,7.51,4.333333333333333,6.896,10.0,,3.0,2.0,8.0,,,Fase 6 (2° EM),0,,,,2024,7.1875,EE Joaquim Mendes Feliz,Cursando,Completo,6.0
RA-1626,6A,6A,Aluno-1626,,16.0,Feminino,2024,Pública,8.541085606066668,Topázio,,,,5.0,8.751,9.696969697,7.51,7.333333333333333,8.404,10.0,,5.5,6.5,10.0,,,Fase 6 (2° EM),0,,,,2024,8.28125,EE Paschoal Carlos Magno,Cursando,Completo,6.0
RA-1627,6A,6A,Aluno-1627,,17.0,Feminino,2024,Pública,7.481547222200001,Ametista,,,,5.0,7.083,7.777777777666667,7.51,7.833333333333333,8.172,5.0,,6.0,7.5,10.0,,,Fase 7 (3° EM),-1,,,,2024,7.65625,EE Alexandre Rodrigues Nogueira,Cursando,Completo,6.0
RA-1628,6A,6A,Aluno-1628,,16.0,Feminino,2024,Pública,7.500131368600001,Ametista,,,,5.0,8.334,8.509823509666667,7.51,5.833333333333333,6.798,10.0,,3.0,5.0,9.5,,,Fase 6 (2° EM),0,,,,2024,6.875,EE Joaquim Mendes Feliz,Cursando,Completo,6.0
RA-112,6A,6A,Aluno-112,,17.0,Feminino,2021,Privada - Programa de Apadrinhamento,8.052609920666667,Topázio,,,,5.0,7.083,7.978174603333333,7.51,8.0,8.004,10.0,,9.5,6.0,8.5,,,Fase 6 (2° EM),0,,,,2024,7.96875,Colégio Arco Íris Evolução,Cursando,Completo,6.0
RA-1629,6A,6A,Aluno-1629,,17.0,Feminino,2024,Pública,7.560550529133334,Ametista,,,,5.0,9.585,8.645502645666667,7.51,7.25,7.266,5.0,,8.75,3.0,10.0,,,Fase 7 (3° EM),-1,,,,2024,7.1875,EE Paschoal Carlos Magno,Cursando,Completo,6.0
RA-91,6L,6L,Aluno-91,,18.0,Feminino,2021,Privada - Programa de Apadrinhamento,7.426704761933335,Ametista,,,,5.0,10.002,7.476190476333334,5.635,7.333333333333333,8.068,5.0,,9.0,4.0,9.0,,,Fase 7 (3° EM),-1,,,,2024,7.875,Colégio Arco Íris Evolução,Cursando,Completo,6.0
RA-167,6L,6L,Aluno-167,,18.0,Feminino,2021,Privada - Programa de Apadrinhamento,8.033470175466666,Topázio,,,,5.0,8.751,9.473684210666667,6.26,8.166666666666666,8.334,5.0,,8.0,6.5,10.0,,,Fase 7 (3° EM),-1,,,,2024,8.375,Colégio Arco Íris Evolução,Cursando,Completo,6.0
RA-1203,6L,6L,Aluno-1203,,17.0,Feminino,2023,Privada - Programa de Apadrinhamento,8.9495245614,Topázio,,,,5.0,9.168,9.649122807,7.51,9.0,8.572,10.0,,8.5,9.0,9.5,,,Fase 6 (2° EM),0,,,,2024,8.375,Colégio Arco Íris Evolução,Cursando,Completo,6.0
RA-94,6L,6L,Aluno-94,,17.0,Feminino,2021,Privada - Programa de Apadrinhamento,8.637033333333335,Topázio,,,,5.0,10.002,9.666666666666666,6.26,8.0,8.2,10.0,,7.0,7.0,10.0,,,Fase 6 (2° EM),0,,,,2024,8.375,Colégio Arco Íris Evolução,Cursando,Completo,6.0
RA-81,6L,6L,Aluno-81,,16.0,Feminino,2021,Privada - Programa de Apadrinhamento,8.256566666666668,Topázio,,,,5.0,9.168,9.333333333333334,6.26,7.5,7.798,10.0,,9.0,6.5,7.0,,,Fase 6 (2° EM),0,,,,2024,7.875,Colégio Arco Íris Evolução,Cursando,Completo,6.0
RA-1630,6L,6L,Aluno-1630,,16.0,Masculino,2024,Privada - Programa de Apadrinhamento,8.583133333333334,Topázio,,,,5.0,8.334,9.833333333333334,7.51,7.333333333333333,8.702,10.0,,9.0,9.0,4.0,,,Fase 6 (2° EM),0,,,,2024,8.25,Colégio Arco Íris Evolução,Cursando,Completo,6.0
RA-171,6L,6L,Aluno-171,,18.0,Masculino,2022,Pública,7.3289333333333335,Ametista,,,,5.0,7.5,7.833333333333333,5.635,8.333333333333334,7.598,5.0,,7.0,8.0,10.0,,,Fase 7 (3° EM),-1,,,,2024,7.625,EE Donizetti Aparecido Leite Professor,Cursando,Completo,6.0
RA-1220,6L,6L,Aluno-1220,,18.0,Feminino,2023,Concluiu o 3º EM,7.143244444466667,Ametista,,,,5.0,7.083,8.555555555666666,6.885,7.666666666666667,6.26,5.0,,9.0,7.0,7.0,,,Fase 7 (3° EM),-1,,,,2024,7.5,Concluiu o 3º EM,Cursando,Completo,6.0
RA-1631,6L,6L,Aluno-1631,,17.0,Masculino,2024,Privada,8.186433333333333,Topázio,,,,5.0,9.585,10.0,7.51,7.166666666666667,8.468,5.0,,5.0,6.5,10.0,,,Fase 7 (3° EM),-1,,,,2024,8.5,Rede Decisão - Unidade União,Cursando,Completo,6.0
RA-1632,6L,6L,Aluno-1632,,16.0,Masculino,2024,Pública,8.389333333333335,Topázio,,,,5.0,9.168,10.0,7.51,6.666666666666667,8.066,10.0,,9.0,6.0,5.0,,,Fase 6 (2° EM),0,,,,2024,7.75,EE Donizetti Aparecido Leite Professor,Cursando,Completo,6.0
RA-1210,6L,6L,Aluno-1210,,17.0,Feminino,2023,Pública,8.2302,Topázio,,,,5.0,9.585,10.0,7.51,5.5,8.166,10.0,,5.0,6.5,5.0,,,Fase 6 (2° EM),0,,,,2024,7.875,EE Donizetti Aparecido Leite Professor,Cursando,Completo,6.0
RA-175,6L,6L,Aluno-175,,17.0,Feminino,2021,Privada - Programa de Apadrinhamento,8.024136842133334,Topázio,,,,5.0,10.002,9.473684210666667,6.26,8.5,7.766,5.0,,9.5,6.5,9.5,,,Fase 7 (3° EM),-1,,,,2024,7.5,Colégio Arco Íris Evolução,Cursando,Completo,6.0
RA-80,7A,7A,Aluno-80,,18.0,Feminino,2021,Privada - Programa de Apadrinhamento,8.131659175733333,Topázio,,,,3.0,8.751,7.8961292116666675,8.13,7.0,7.946666667,10.0,,5.0,6.0,10.0,,,Fase 7 (3° EM),0,,,,2024,8.75,Colégio Arco Íris Evolução,Cursando,Completo,7.0
RA-40,7A,7A,Aluno-40,,18.0,Feminino,2021,Privada - Programa de Apadrinhamento,7.098051462066667,Ametista,,,,3.0,7.083,7.211257310000001,8.13,5.333333333333333,6.276666667,10.0,,3.5,6.0,6.5,,,Fase 7 (3° EM),0,,,,2024,8.125,Colégio Arco Íris Evolução,Cursando,Completo,7.0
RA-1214,7A,7A,Aluno-1214,,17.0,Masculino,2023,Pública,8.5902971362,Topázio,,,,3.0,10.002,9.081527348,8.13,8.0,7.663333333,10.0,,8.0,6.0,10.0,,,Fase 7 (3° EM),0,,,,2024,8.28125,EE Paschoal Carlos Magno,Cursando,Completo,7.0
RA-92,7A,7A,Aluno-92,,18.0,Feminino,2021,Privada - Programa de Apadrinhamento,8.052279017,Topázio,,,,3.0,10.002,8.769145085,7.51,7.5,6.33,10.0,,8.0,5.0,9.5,,,Fase 7 (3° EM),0,,,,2024,7.8125,Colégio Arco Íris Evolução,Cursando,Completo,7.0
RA-45,7A,7A,Aluno-45,,17.0,Feminino,2021,Privada - Programa de Apadrinhamento,8.743476190400001,Topázio,,,,3.0,7.5,9.619047619,9.38,8.0,8.283333333,10.0,,7.5,7.0,9.5,,,Fase 7 (3° EM),0,,,,2024,8.75,Colégio Arco Íris Evolução,Cursando,Completo,7.0
RA-56,7A,7A,Aluno-56,,17.0,Feminino,2021,Privada - Programa de Apadrinhamento,9.077020175400001,Topázio,,,,3.0,10.002,9.265350877333333,10.0,7.666666666666667,9.233333333,10.0,,8.0,6.0,9.0,,,Fase 7 (3° EM),0,,,,2024,8.4375,Colégio Arco Íris Evolução,Cursando,Completo,7.0
RA-57,7A,7A,Aluno-57,,18.0,Masculino,2021,Privada - Programa de Apadrinhamento,7.4193804301999995,Ametista,,,,3.0,9.585,6.010860484333333,6.88,6.166666666666667,7.39,10.0,,6.0,6.5,6.0,,,Fase 7 (3° EM),0,,,,2024,8.59375,Colégio Arco Íris Evolução,Cursando,Completo,7.0
RA-58,7A,7A,Aluno-58,,17.0,Masculino,2021,Privada - Programa de Apadrinhamento,8.7713289474,Topázio,,,,3.0,9.585,9.824561403666666,7.51,7.333333333333333,8.62,10.0,,8.0,6.5,7.5,,,Fase 7 (3° EM),0,,,,2024,9.0625,Colégio Arco Íris Evolução,Cursando,Completo,7.0
RA-78,7A,7A,Aluno-78,,19.0,Feminino,2021,Privada - Programa de Apadrinhamento,8.1780308688,Topázio,,,,3.0,8.751,8.028404344,8.755,7.5,7.39,10.0,,6.5,6.0,10.0,,,Fase 7 (3° EM),0,,,,2024,8.4375,Colégio Arco Íris Evolução,Cursando,Completo,7.0
RA-87,7A,7A,Aluno-87,,17.0,Masculino,2021,Privada - Programa de Apadrinhamento,9.437924561333332,Topázio,,,,3.0,8.751,9.649122807,9.375,9.166666666666666,9.623333333,10.0,,10.0,7.5,10.0,,,Fase 6 (2° EM),1,,,,2024,9.375,Colégio Arco Íris Evolução,Cursando,Completo,7.0
RA-64,7A,7A,Aluno-64,,18.0,Feminino,2021,Privada - Programa de Apadrinhamento,8.743607059266667,Topázio,,,,3.0,10.002,8.980785296666667,8.135,8.166666666666666,8.283333333,10.0,,8.0,6.5,10.0,,,Fase 7 (3° EM),0,,,,2024,8.4375,Colégio Arco Íris Evolução,Cursando,Completo,7.0
RA-48,7A,7A,Aluno-48,,17.0,Feminino,2021,Privada - Programa de Apadrinhamento,8.402390371800001,Topázio,,,,3.0,7.917,8.339076859,9.375,7.5,8.23,10.0,,6.5,6.0,10.0,,,Fase 7 (3° EM),0,,,,2024,8.59375,Colégio Arco Íris Evolução,Cursando,Completo,7.0
RA-1230,7E,7E,Aluno-1230,,17.0,Feminino,2021,Privada - Programa de Apadrinhamento,4.7612000000000005,Quartzo,,,,0.0,7.917,0.0,7.195,0.0,7.5,10.0,,0.0,0.0,0.0,,,Fase 7 (3° EM),0,,,,2024,7.5,Colégio Albert Einstein - SP,Cursando,Completo,7.0
RA-90,7E,7E,Aluno-90,,15.0,Feminino,2021,Privada *Parcerias com Bolsa 100%,8.352033333333335,Topázio,,,,0.0,10.002,9.0,6.885,8.066666666666666,7.5,10.0,,7.7,8.3,8.2,,,Fase 5 (1° EM),2,,,,2024,7.5,Colégio Poliedro - SP,Cursando,Completo,7.0
RA-269,7E,7E,Aluno-269,,15.0,Masculino,2022,Privada *Parcerias com Bolsa 100%,8.4773,Topázio,,,,0.0,9.168,9.6,7.505,8.200000000000001,7.5,10.0,,8.1,8.6,7.9,,,Fase 5 (1° EM),2,,,,2024,7.5,FIAP School - SP,Cursando,Completo,7.0
RA-270,7E,7E,Aluno-270,,15.0,Feminino,2021,Privada - Programa de Apadrinhamento,4.79255,Quartzo,,,,0.0,9.168,0.0,6.2575,0.0,7.5,10.0,,0.0,0.0,0.0,,,Fase 5 (1° EM),2,,,,2024,7.5,Colégio Albert Einstein - SP,Cursando,Completo,7.0
RA-76,7E,7E,Aluno-76,,16.0,Feminino,2021,Privada *Parcerias com Bolsa 100%,8.152033333333334,Topázio,,,,0.0,10.002,9.0,6.885,7.066666666666666,7.5,10.0,,7.3,7.8,6.1,,,Fase 5 (1° EM),2,,,,2024,7.5,Colégio Poliedro - SP,Cursando,Completo,7.0
RA-153,7E,7E,Aluno-153,,16.0,Feminino,2021,Privada - Programa de Apadrinhamento,4.78185,Quartzo,,,,0.0,8.751,0.0,6.5675,0.0,7.5,10.0,,0.0,0.0,0.0,,,Fase 5 (1° EM),2,,,,2024,7.5,Colégio Albert Einstein - SP,Cursando,Completo,7.0
RA-1226,7E,7E,Aluno-1226,,17.0,Feminino,2021,Privada *Parcerias com Bolsa 100%,7.785233333333334,Ametista,,,,0.0,8.334,9.0,6.885,6.066666666666666,7.5,10.0,,6.0,6.2,6.0,,,Fase 7 (3° EM),0,,,,2024,7.5,Colégio Poliedro - SP,Cursando,Completo,7.0
RA-93,7E,7E,Aluno-93,,17.0,Feminino,2021,Privada - Programa de Apadrinhamento,8.275550000066668,Topázio,,,,0.0,9.168,9.931666667,6.2575,7.483333333333333,7.5,10.0,,6.75,7.2,8.5,,,Fase 6 (2° EM),1,,,,2024,7.5,Colégio Albert Einstein - SP,Cursando,Completo,7.0
RA-119,7E,7E,Aluno-119,,16.0,Feminino,2021,Privada - Programa de Apadrinhamento,8.085299999933333,Topázio,,,,0.0,7.083,9.983333333,6.57,7.366666666666667,7.5,10.0,,6.05,7.5,8.55,,,Fase 6 (2° EM),1,,,,2024,7.5,Colégio Albert Einstein - SP,Cursando,Completo,7.0
RA-241,7E,7E,Aluno-241,,16.0,Masculino,2021,Privada *Parcerias com Bolsa 100%,8.311616666733334,Topázio,,,,0.0,10.002,9.891666667,7.1975,6.816666666666667,7.5,10.0,,6.15,7.2,7.1,,,Fase 5 (1° EM),2,,,,2024,7.5,FIAP School - SP,Cursando,Completo,7.0
RA-242,7E,7E,Aluno-242,,15.0,Masculino,2021,Privada *Parcerias com Bolsa 100%,8.2887,Topázio,,,,0.0,9.585,9.621,6.26,7.650000000000001,7.5,10.0,,8.05,8.05,6.85,,,Fase 5 (1° EM),2,,,,2024,7.5,FIAP School - SP,Cursando,Completo,7.0
RA-52,7E,7E,Aluno-52,,15.0,Masculino,2021,Privada *Parcerias com Bolsa 100%,8.144466666733333,Topázio,,,,0.0,8.751,9.437666667,6.885,7.216666666666666,7.5,10.0,,6.8,8.85,6.0,,,Fase 5 (1° EM),2,,,,2024,7.5,FIAP School - SP,Cursando,Completo,7.0
RA-1227,7E,7E,Aluno-1227,,17.0,Feminino,2021,Privada - Programa de Apadrinhamento,4.8446,Quartzo,,,,0.0,8.751,0.0,7.195,0.0,7.5,10.0,,0.0,0.0,0.0,,,Fase 7 (3° EM),0,,,,2024,7.5,Colégio Albert Einstein - SP,Cursando,Completo,7.0
RA-245,7E,7E,Aluno-245,,16.0,Masculino,2021,Privada - Programa de Apadrinhamento,8.452633333266668,Topázio,,,,0.0,9.168,9.953333333,6.885,8.033333333333333,7.5,10.0,,8.4,7.6,8.1,,,Fase 5 (1° EM),2,,,,2024,7.5,Colégio Albert Einstein - SP,Cursando,Completo,7.0
RA-246,7E,7E,Aluno-246,,15.0,Masculino,2022,Privada *Parcerias com Bolsa 100%,4.7404,Quartzo,,,,0.0,8.334,0.0,6.57,0.0,7.5,10.0,,0.0,0.0,0.0,,,Fase 5 (1° EM),2,,,,2024,7.5,FIAP School - SP,Cursando,Completo,7.0
RA-1228,7E,7E,Aluno-1228,,18.0,Feminino,2021,Privada - Programa de Apadrinhamento,4.8761,Quartzo,,,,0.0,8.751,0.0,7.51,0.0,7.5,10.0,,0.0,0.0,0.0,,,Fase 7 (3° EM),0,,,,2024,7.5,Colégio Albert Einstein - SP,Cursando,Completo,7.0
RA-1229,7E,7E,Aluno-1229,,17.0,Feminino,2021,Privada - Programa de Apadrinhamento,4.8238,Quartzo,,,,0.0,9.168,0.0,6.57,0.0,7.5,10.0,,0.0,0.0,0.0,,,Fase 7 (3° EM),0,,,,2024,7.5,Colégio Albert Einstein - SP,Cursando,Completo,7.0
RA-98,7E,7E,Aluno-98,,16.0,Feminino,2021,Privada *Parcerias com Bolsa 100%,8.617450000000002,Topázio,,,,0.0,9.585,9.546,7.1975,8.9,7.5,10.0,,9.2,8.9,8.6,,,Fase 6 (2° EM),1,,,,2024,7.5,FIAP School - SP,Cursando,Completo,7.0
RA-277,7E,7E,Aluno-277,,16.0,Masculino,2021,Privada *Parcerias com Bolsa 100%,8.0689833334,Topázio,,,,0.0,8.334,9.741666667,6.5725,6.8999999999999995,7.5,10.0,,6.5,8.15,6.05,,,Fase 5 (1° EM),2,,,,2024,7.5,FIAP School - SP,Cursando,Completo,7.0
RA-172,7E,7E,Aluno-172,,16.0,Feminino,2021,Privada - Programa de Apadrinhamento,8.128766666666667,Topázio,,,,0.0,8.751,9.8,6.57,6.933333333333334,7.5,10.0,,6.7,7.7,6.4,,,Fase 6 (2° EM),1,,,,2024,7.5,Colégio Albert Einstein - SP,Cursando,Completo,7.0
RA-291,7E,7E,Aluno-291,,15.0,Masculino,2022,Privada - Programa de Apadrinhamento,7.9319666667333335,Ametista,,,,0.0,8.751,9.737666667,6.26,6.166666666666667,7.5,10.0,,6.0,6.5,6.0,,,Fase 5 (1° EM),2,,,,2024,7.5,FIAP School - SP,Cursando,Completo,7.0
RA-86,7E,7E,Aluno-86,,18.0,Masculino,2021,Privada *Parcerias com Bolsa 100%,7.611233333266666,Ametista,,,,0.0,6.667,9.704333333,6.57,5.483333333333333,7.5,10.0,,6.35,6.3,3.8,,,Fase 7 (3° EM),0,,,,2024,7.5,FIAP School - SP,Cursando,Completo,7.0
RA-143,7E,7E,Aluno-143,,15.0,Masculino,2021,Privada - Programa de Apadrinhamento,7.449366666666667,Ametista,,,,0.0,10.002,9.92,6.885,2.6333333333333333,7.5,10.0,,0.0,0.0,7.9,,,Fase 5 (1° EM),2,,,,2024,7.5,Colégio Arco Íris Evolução,Cursando,Completo,7.0
RA-166,7E,7E,Aluno-166,,16.0,Masculino,2021,Privada *Parcerias com Bolsa 100%,8.243183333333334,Topázio,,,,0.0,8.334,9.246,6.5725,8.266666666666667,7.5,10.0,,8.2,7.8,8.8,,,Fase 6 (2° EM),1,,,,2024,7.5,FIAP School - SP,Cursando,Completo,7.0
RA-191,7E,7E,Aluno-191,,15.0,Masculino,2021,Privada *Parcerias com Bolsa 100%,7.7887,Ametista,,,,0.0,7.5,9.571,5.945,6.3999999999999995,7.5,10.0,,6.0,6.9,6.3,,,Fase 5 (1° EM),2,,,,2024,7.5,FIAP School - SP,Cursando,Completo,7.0
RA-1236,8A,8A,Aluno-1236,,22.0,Feminino,2021,Privada,,,,,,0.0,,0.0,,,,10.0,,,,,,,Fase 8 (Universitários),0,,,,2024,,Universidade Santo Amaro (UNISA),Cursando,Completo,8.0
RA-1234,8A,8A,Aluno-1234,,21.0,Feminino,2021,Privada,,,,,,0.0,,0.0,,,,10.0,,,,,,,Fase 8 (Universitários),0,,,,2024,,Universidade Santo Amaro (UNISA),Cursando,Completo,8.0
RA-1633,8B,8B,Aluno-1633,,21.0,Masculino,2021,Privada,,,,,,0.0,,0.0,,,,10.0,,,,,,,Fase 8 (Universitários),0,,,,2024,,Unicamp,Cursando,Completo,8.0
RA-1248,8B,8B,Aluno-1248,,21.0,Masculino,2021,Privada,,,,,,0.0,,0.0,,,,10.0,,,,,,,Fase 8 (Universitários),0,,,,2024,,Universidade Santo Amaro (UNISA),Cursando,Completo,8.0
RA-1246,8B,8B,Aluno-1246,,21.0,Feminino,2021,Privada,,,,,,0.0,,0.0,,,,10.0,,,,,,,Fase 8 (Universitários),0,,,,2024,,Universidade Santo Amaro (UNISA),Cursando,Completo,8.0
RA-1245,8B,8B,Aluno-1245,,21.0,Masculino,2021,Privada,,,,,,0.0,,0.0,,,,10.0,,,,,,,Fase 8 (Universitários),0,,,,2024,,Universidade Anhembi Morumbi,Cursando,Completo,8.0
RA-1244,8B,8B,Aluno-1244,,21.0,Feminino,2021,Privada,,,,,,0.0,,0.0,,,,10.0,,,,,,,Fase 8 (Universitários),0,,,,2024,,Universidade Santo Amaro (UNISA),Cursando,Completo,8.0
RA-1634,8B,8B,Aluno-1634,,21.0,Feminino,2021,Privada,,,,,,0.0,,0.0,,,,10.0,,,,,,,Fase 8 (Universitários),0,,,,2024,,Universidade Santo Amaro (UNISA),Cursando,Completo,8.0
RA-1242,8B,8B,Aluno-1242,,20.0,Feminino,2021,Privada,,,,,,0.0,,0.0,,,,10.0,,,,,,,Fase 8 (Universitários),0,,,,2024,,Universidade Santo Amaro (UNISA),Cursando,Completo,8.0
RA-1250,8B,8B,Aluno-1250,,21.0,Masculino,2021,Privada - Pagamento por *Empresa Parceira,,,,,,0.0,,0.0,,,,10.0,,,,,,,Fase 8 (Universitários),0,,,,2024,,Universidade Cruzeiro do Sul,Cursando,Completo,8.0
RA-1241,8B,8B,Aluno-1241,,21.0,Feminino,2021,Privada,,,,,,0.0,,0.0,,,,10.0,,,,,,,Fase 8 (Universitários),0,,,,2024,,Universidade Santo Amaro (UNISA),Cursando,Completo,8.0
RA-1240,8B,8B,Aluno-1240,,21.0,Masculino,2021,Privada,,,,,,0.0,,0.0,,,,10.0,,,,,,,Fase 8 (Universitários),0,,,,2024,,Universidade Santo Amaro (UNISA),Cursando,Completo,8.0
RA-1249,8B,8B,Aluno-1249,,27.0,Masculino,2021,Privada,,,,,,0.0,,0.0,,,,10.0,,,,,,,Fase 8 (Universitários),0,,,,2024,,Universidade Anhembi Morumbi,Cursando,Completo,8.0
RA-1239,8B,8B,Aluno-1239,,21.0,Feminino,2021,Privada - Pagamento por *Empresa Parceira,,,,,,0.0,,0.0,,,,10.0,,,,,,,Fase 8 (Universitários),0,,,,2024,,Universidade Mackenzie,Cursando,Completo,8.0
RA-1251,8B,8B,Aluno-1251,,21.0,Feminino,2021,Privada,,,,,,0.0,,0.0,,,,10.0,,,,,,,Fase 8 (Universitários),0,,,,2024,,Universidade Santo Amaro (UNISA),Cursando,Completo,8.0
RA-1264,8D,8D,Aluno-1264,,21.0,Feminino,2021,Privada,,,,,,0.0,,0.0,,,,10.0,,,,,,,Fase 8 (Universitários),0,,,,2024,,Universidade Santo Amaro (UNISA),Cursando,Completo,8.0
RA-1263,8D,8D,Aluno-1263,,21.0,Feminino,2021,Privada *Parcerias com Bolsa 100%,,,,,,0.0,,0.0,,,,10.0,,,,,,,Fase 8 (Universitários),0,,,,2024,,Universidade Santo Amaro (UNISA),Cursando,Completo,8.0
RA-1262,8D,8D,Aluno-1262,,20.0,Feminino,2021,Privada,,,,,,0.0,,0.0,,,,10.0,,,,,,,Fase 8 (Universitários),0,,,,2024,,Universidade Santo Amaro (UNISA),Cursando,Completo,8.0
RA-1261,8D,8D,Aluno-1261,,20.0,Feminino,2021,Privada,,,,,,0.0,,0.0,,,,10.0,,,,,,,Fase 8 (Universitários),0,,,,2024,,Universidade Santo Amaro (UNISA),Cursando,Completo,8.0
RA-1259,8D,8D,Aluno-1259,,20.0,Feminino,2021,Privada,,,,,,0.0,,0.0,,,,10.0,,,,,,,Fase 8 (Universitários),0,,,,2024,,Universidade Santo Amaro (UNISA),Cursando,Completo,8.0
RA-1257,8D,8D,Aluno-1257,,19.0,Masculino,2021,Privada,,,,,,0.0,,0.0,,,,10.0,,,,,,,Fase 8 (Universitários),0,,,,2024,,Universidade Santo Amaro (UNISA),Cursando,Completo,8.0
RA-1256,8D,8D,Aluno-1256,,19.0,Feminino,2021,Privada,,,,,,0.0,,0.0,,,,10.0,,,,,,,Fase 8 (Universitários),0,,,,2024,,ESPM,Cursando,Completo,8.0
RA-1265,8D,8D,Aluno-1265,,21.0,Masculino,2022,Pública,,,,,,0.0,,0.0,,,,10.0,,,,,,,Fase 8 (Universitários),0,,,,2024,,Universidade Santo Amaro (UNISA),Cursando,Completo,8.0
RA-1255,8D,8D,Aluno-1255,,20.0,Masculino,2021,Privada,,,,,,0.0,,0.0,,,,10.0,,,,,,,Fase 8 (Universitários),0,,,,2024,,Universidade Santo Amaro (UNISA),Cursando,Completo,8.0
RA-13,8D,8D,Aluno-13,,19.0,Masculino,2021,Privada *Parcerias com Bolsa 100%,,,,,,0.0,,0.0,,,,10.0,,,,,,,Fase 8 (Universitários),0,,,,2024,,Universidade Santo Amaro (UNISA),Cursando,Completo,8.0
RA-1253,8D,8D,Aluno-1253,,24.0,Feminino,2021,Privada,,,,,,0.0,,0.0,,,,10.0,,,,,,,Fase 8 (Universitários),0,,,,2024,,ESPM,Cursando,Completo,8.0
RA-1635,8D,8D,Aluno-1635,,20.0,Feminino,2021,Privada,,,,,,0.0,,0.0,,,,10.0,,,,,,,Fase 8 (Universitários),0,,,,2024,,Universidade Santo Amaro (UNISA),Cursando,Completo,8.0
RA-1273,8E,8E,Aluno-1273,,18.0,Feminino,2023,Privada *Parcerias com Bolsa 100%,,,,,,0.0,,0.0,,,,10.0,,,,,,,Fase 8 (Universitários),0,,,,2024,,Faculdade FIAP,Cursando,Completo,8.0
RA-14,8E,8E,Aluno-14,,22.0,Masculino,2022,Privada *Parcerias com Bolsa 100%,,,,,,0.0,,0.0,,,,10.0,,,,,,,Fase 8 (Universitários),0,,,,2024,,Faculdade FIAP,Cursando,Completo,8.0
RA-1271,8E,8E,Aluno-1271,,19.0,Feminino,2021,Privada *Parcerias com Bolsa 100%,,,,,,0.0,,0.0,,,,10.0,,,,,,,Fase 8 (Universitários),0,,,,2024,,Universidade Santo Amaro (UNISA),Cursando,Completo,8.0
RA-1,8E,8E,Aluno-1,,21.0,Feminino,2021,Privada *Parcerias com Bolsa 100%,,,,,,0.0,,0.0,,,,10.0,,,,,,,Fase 8 (Universitários),0,,,,2024,,Universidade Santo Amaro (UNISA),Cursando,Completo,8.0
RA-1270,8E,8E,Aluno-1270,,20.0,Feminino,2021,Privada - Pagamento por *Empresa Parceira,,,,,,0.0,,0.0,,,,10.0,,,,,,,Fase 8 (Universitários),0,,,,2024,,Faculdade FIAP,Cursando,Completo,8.0
RA-1274,8E,8E,Aluno-1274,,19.0,Feminino,2021,Privada - Pagamento por *Empresa Parceira,,,,,,0.0,,0.0,,,,10.0,,,,,,,Fase 8 (Universitários),0,,,,2024,,Universidade Santo Amaro (UNISA),Cursando,Completo,8.0
RA-23,8E,8E,Aluno-23,,19.0,Masculino,2021,Privada *Parcerias com Bolsa 100%,,,,,,0.0,,0.0,,,,10.0,,,,,,,Fase 8 (Universitários),0,,,,2024,,Universidade Santo Amaro (UNISA),Cursando,Completo,8.0
RA-2,8E,8E,Aluno-2,,19.0,Feminino,2021,Privada *Parcerias com Bolsa 100%,,,,,,0.0,,0.0,,,,10.0,,,,,,,Fase 8 (Universitários),0,,,,2024,,Faculdade FIAP,Cursando,Completo,8.0
RA-25,8E,8E,Aluno-25,,19.0,Feminino,2021,Privada *Parcerias com Bolsa 100%,,,,,,0.0,,0.0,,,,10.0,,,,,,,Fase 8 (Universitários),0,,,,2024,,Universidade Santo Amaro (UNISA),Cursando,Completo,8.0
RA-1272,8E,8E,Aluno-1272,,20.0,Feminino,2021,Privada *Parcerias com Bolsa 100%,,,,,,0.0,,0.0,,,,10.0,,,,,,,Fase 8 (Universitários),0,,,,2024,,INSPER,Cursando,Completo,8.0
RA-6,8E,8E,Aluno-6,,20.0,Feminino,2021,Privada *Parcerias com Bolsa 100%,,,,,,0.0,,0.0,,,,10.0,,,,,,,Fase 8 (Universitários),0,,,,2024,,Faculdade FIAP,Cursando,Completo,8.0
RA-29,8E,8E,Aluno-29,,19.0,Masculino,2022,Privada - Pagamento por *Empresa Parceira,,,,,,0.0,,0.0,,,,10.0,,,,,,,Fase 8 (Universitários),0,,,,2024,,Faculdade FIAP,Cursando,Completo,8.0
RA-17,8E,8E,Aluno-17,,22.0,Masculino,2022,Privada - Pagamento por *Empresa Parceira,,,,,,0.0,,0.0,,,,10.0,,,,,,,Fase 8 (Universitários),0,,,,2024,,Faculdade FIAP,Cursando,Completo,8.0
RA-7,8E,8E,Aluno-7,,20.0,Masculino,2021,Privada *Parcerias com Bolsa 100%,,,,,,0.0,,0.0,,,,10.0,,,,,,,Fase 8 (Universitários),0,,,,2024,,Universidade Santo Amaro (UNISA),Cursando,Completo,8.0
RA-31,8E,8E,Aluno-31,,19.0,Feminino,2021,Privada *Parcerias com Bolsa 100%,,,,,,0.0,,0.0,,,,10.0,,,,,,,Fase 8 (Universitários),0,,,,2024,,ESPM,Cursando,Completo,8.0
RA-1269,8E,8E,Aluno-1269,,19.0,Feminino,2021,Privada - Pagamento por *Empresa Parceira,,,,,,0.0,,0.0,,,,10.0,,,,,,,Fase 8 (Universitários),0,,,,2024,,Faculdades Oswaldo Cruz,Cursando,Completo,8.0
RA-12,8E,8E,Aluno-12,,19.0,Feminino,2021,Privada *Parcerias com Bolsa 100%,,,,,,0.0,,0.0,,,,10.0,,,,,,,Fase 8 (Universitários),0,,,,2024,,Universidade Santo Amaro (UNISA),Cursando,Completo,8.0
RA-35,8E,8E,Aluno-35,,19.0,Feminino,2021,Privada *Parcerias com Bolsa 100%,,,,,,0.0,,0.0,,,,10.0,,,,,,,Fase 8 (Universitários),0,,,,2024,,ESPM,Cursando,Completo,8.0
RA-1636,8E,8E,Aluno-1636,,20.0,Feminino,2021,Privada,,,,,,0.0,,0.0,,,,10.0,,,,,,,Fase 8 (Universitários),0,,,,2024,,Colégio Albert Einstein,Cursando,Completo,8.0
RA-88,8E,8E,Aluno-88,,19.0,Masculino,2021,Privada *Parcerias com Bolsa 100%,,,,,,0.0,,0.0,,,,10.0,,,,,,,Fase 8 (Universitários),0,,,,2024,,Faculdade FIAP,Cursando,Completo,8.0
RA-36,8E,8E,Aluno-36,,19.0,Feminino,2021,Privada *Parcerias com Bolsa 100%,,,,,,0.0,,0.0,,,,10.0,,,,,,,Fase 8 (Universitários),0,,,,2024,,Universidade Santo Amaro (UNISA),Cursando,Completo,8.0
RA-21,8E,8E,Aluno-21,,20.0,Masculino,2022,Privada - Pagamento por *Empresa Parceira,,,,,,0.0,,0.0,,,,10.0,,,,,,,Fase 8 (Universitários),0,,,,2024,,Faculdade FIAP,Cursando,Completo,8.0
RA-49,8E,8E,Aluno-49,,19.0,Feminino,2022,Privada - Pagamento por *Empresa Parceira,,,,,,0.0,,0.0,,,,10.0,,,,,,,Fase 8 (Universitários),0,,,,2024,,Faculdade FIAP,Cursando,Completo,8.0
RA-1225,8F,8F,Aluno-1225,,19.0,Feminino,2021,Privada *Parcerias com Bolsa 100%,,,,,,0.0,,0.0,,,,10.0,,,,,,,Fase 8 (Universitários),0,,,,2024,,FGV,Cursando,Completo,8.0
RA-1221,8F,8F,Aluno-1221,,23.0,Feminino,2023,Concluiu o 3º EM,,,,,,0.0,,0.0,,8.0,,10.0,,7.0,7.0,10.0,,,Fase 8 (Universitários),0,,,,2024,,Concluiu o 3º EM,Cursando,Completo,8.0
RA-26,8F,8F,Aluno-26,,19.0,Masculino,2022,Privada *Parcerias com Bolsa 100%,,,,,,0.0,,0.0,,,,10.0,,,,,,,Fase 8 (Universitários),0,,,,2024,,Faculdade FIAP,Cursando,Completo,8.0
RA-27,8F,8F,Aluno-27,,18.0,Masculino,2021,Privada *Parcerias com Bolsa 100%,,,,,,0.0,,0.0,,,,10.0,,,,,,,Fase 8 (Universitários),0,,,,2024,,Faculdade FIAP,Cursando,Completo,8.0
RA-155,8F,8F,Aluno-155,,18.0,Masculino,2022,Privada *Parcerias com Bolsa 100%,,,,,,0.0,,0.0,,,,10.0,,,,,,,Fase 8 (Universitários),0,,,,2024,,Faculdade FIAP,Cursando,Completo,8.0
RA-96,8F,8F,Aluno-96,,18.0,Masculino,2021,Concluiu o 3º EM,,,,,,0.0,,0.0,,,,10.0,,,,,,,Fase 8 (Universitários),0,,,,2024,,Concluiu o 3º EM,Cursando,Completo,8.0
RA-59,8F,8F,Aluno-59,,19.0,Masculino,2022,Privada *Parcerias com Bolsa 100%,,,,,,0.0,,0.0,,,,10.0,,,,,,,Fase 8 (Universitários),0,,,,2024,,Faculdade FIAP,Cursando,Completo,8.0
RA-1216,8F,8F,Aluno-1216,,20.0,Feminino,2023,Privada *Parcerias com Bolsa 100%,,,,,,0.0,,0.0,,,,10.0,,,,,,,Fase 8 (Universitários),0,,,,2024,,Universidade Santo Amaro (UNISA),Cursando,Completo,8.0
RA-19,8F,8F,Aluno-19,,20.0,Feminino,2022,Privada *Parcerias com Bolsa 100%,,,,,,0.0,,0.0,,,,10.0,,,,,,,Fase 8 (Universitários),0,,,,2024,,Universidade Santo Amaro (UNISA),Cursando,Completo,8.0
RA-62,8F,8F,Aluno-62,,18.0,Feminino,2022,Privada *Parcerias com Bolsa 100%,,,,,,0.0,,0.0,,,,10.0,,,,,,,Fase 8 (Universitários),0,,,,2024,,Universidade Estácio de Sá,Cursando,Completo,8.0
RA-173,8F,8F,Aluno-173,,18.0,Masculino,2021,Privada *Parcerias com Bolsa 100%,,,,,,0.0,,0.0,,,,10.0,,,,,,,Fase 8 (Universitários),0,,,,2024,,Faculdade FIAP,Cursando,Completo,8.0
RA-38,8F,8F,Aluno-38,,18.0,Feminino,2021,Privada - Programa de Apadrinhamento,,,,,,0.0,,0.0,,,,10.0,,,,,,,Fase 8 (Universitários),0,,,,2024,,Universidade Santo Amaro (UNISA),Cursando,Completo,8.0
RA-1224,8F,8F,Aluno-1224,,21.0,Masculino,2023,Concluiu o 3º EM,,,,,,0.0,,0.0,,,,10.0,,,,,,,Fase 8 (Universitários),0,,,,2024,,Concluiu o 3º EM,Cursando,Completo,8.0
RA-39,8F,8F,Aluno-39,,18.0,Feminino,2021,Privada *Parcerias com Bolsa 100%,,,,,,0.0,,0.0,,,,10.0,,,,,,,Fase 8 (Universitários),0,,,,2024,,Universidade Santo Amaro (UNISA),Cursando,Completo,8.0
RA-1637,,9,Aluno-1637,,23.0,Masculino,2021,Privada,,INCLUIR,,,,0.0,,0.0,,,,10.0,,,,,,,Fase 8 (Universitários),1,,,,2024,,Faculdade (FIAP),Cursando,Pendente,
RA-1638,,9,Aluno-1638,,22.0,Feminino,2021,Bolsista Universitário *Formado (a),,INCLUIR,,,,0.0,,0.0,,,,10.0,,,,,,,Fase 8 (Universitários),1,,,,2024,,Bolsista Universitário *Formado (a),Cursando,Pendente,
RA-1268,,9,Aluno-1268,,20.0,Masculino,2021,Privada,,INCLUIR,,,,0.0,,0.0,,,,10.0,,,,,,,Fase 8 (Universitários),1,,,,2024,,Faculdade (FIAP),Cursando,Pendente,
RA-1260,,9,Aluno-1260,,20.0,Masculino,2021,Privada,,INCLUIR,,,,0.0,,0.0,,,,10.0,,,,,,,Fase 8 (Universitários),1,,,,2024,,Faculdade (FIAP),Cursando,Pendente,
RA-1639,,9,Aluno-1639,,21.0,Masculino,2021,Bolsista Universitário *Formado (a),,INCLUIR,,,,0.0,,0.0,,,,10.0,,,,,,,Fase 8 (Universitários),1,,,,2024,,Bolsista Universitário *Formado (a),Cursando,Pendente,
RA-1640,,9,Aluno-1640,,23.0,Feminino,2021,Privada,,INCLUIR,,,,0.0,,0.0,,,,10.0,,,,,,,Fase 8 (Universitários),1,,,,2024,,Universidade Estácio de Sá,Cursando,Pendente,
RA-1641,,9,Aluno-1641,,21.0,Masculino,2021,Privada,,INCLUIR,,,,0.0,,0.0,,,,10.0,,,,,,,Fase 8 (Universitários),1,,,,2024,,Universidade Santo Amaro (UNISA),Cursando,Pendente,
RA-1266,,9,Aluno-1266,,20.0,Feminino,2021,Privada,,INCLUIR,,,,0.0,,0.0,,,,10.0,,,,,,,Fase 8 (Universitários),1,,,,2024,,Faculdade (FIAP),Cursando,Pendente,
RA-1642,,9,Aluno-1642,,23.0,Masculino,2021,Bolsista Universitário *Formado (a),,INCLUIR,,,,0.0,,0.0,,,,10.0,,,,,,,Fase 8 (Universitários),1,,,,2024,,Bolsista Universitário *Formado (a),Cursando,Pendente,
RA-1258,,9,Aluno-1258,,25.0,Masculino,2021,Privada,,INCLUIR,,,,0.0,,0.0,,,,10.0,,,,,,,Fase 8 (Universitários),1,,,,2024,,Faculdade (FIAP),Cursando,Pendente,
RA-1235,,9,Aluno-1235,,22.0,Masculino,2021,Privada,,INCLUIR,,,,0.0,,0.0,,,,10.0,,,,,,,Fase 8 (Universitários),1,,,,2024,,Faculdade (FIAP),Cursando,Pendente,
RA-1643,,9,Aluno-1643,,22.0,Masculino,2021,Privada,,INCLUIR,,,,0.0,,0.0,,,,10.0,,,,,,,Fase 8 (Universitários),1,,,,2024,,Faculdade (FIAP),Cursando,Pendente,
RA-1644,,9,Aluno-1644,,21.0,Masculino,2021,Bolsista Universitário *Formado (a),,INCLUIR,,,,0.0,,0.0,,,,10.0,,,,,,,Fase 8 (Universitários),1,,,,2024,,Bolsista Universitário *Formado (a),Cursando,Pendente,
RA-1645,,9,Aluno-1645,,23.0,Masculino,2021,Privada,,INCLUIR,,,,0.0,,0.0,,,,10.0,,,,,,,Fase 8 (Universitários),1,,,,2024,,Faculdade (FIAP),Cursando,Pendente,
RA-1646,,9,Aluno-1646,,21.0,Masculino,2021,Bolsista Universitário *Formado (a),,INCLUIR,,,,0.0,,0.0,,,,10.0,,,,,,,Fase 8 (Universitários),1,,,,2024,,Bolsista Universitário *Formado (a),Cursando,Pendente,
RA-1647,,9,Aluno-1647,,22.0,Feminino,2021,Privada,,INCLUIR,,,,0.0,,0.0,,,,10.0,,,,,,,Fase 8 (Universitários),1,,,,2024,,Universidade Santo Amaro (UNISA),Cursando,Pendente,
RA-1237,,9,Aluno-1237,,22.0,Feminino,2021,Privada *Parcerias com Bolsa 100%,,INCLUIR,,,,0.0,,0.0,,,,10.0,,,,,,,Fase 8 (Universitários),1,,,,2024,,Universidade Santo Amaro (UNISA),Cursando,Pendente,
RA-1648,,9,Aluno-1648,,22.0,Masculino,2021,Bolsista Universitário *Formado (a),,INCLUIR,,,,0.0,,0.0,,,,10.0,,,,,,,Fase 8 (Universitários),1,,,,2024,,Bolsista Universitário *Formado (a),Cursando,Pendente,
RA-1649,,9,Aluno-1649,,23.0,Masculino,2021,Privada,,INCLUIR,,,,0.0,,0.0,,,,10.0,,,,,,,Fase 8 (Universitários),1,,,,2024,,Faculdade (FIAP),Cursando,Pendente,
RA-1650,,9,Aluno-1650,,22.0,Masculino,2021,Privada,,INCLUIR,,,,0.0,,0.0,,,,10.0,,,,,,,Fase 8 (Universitários),1,,,,2024,,Faculdade (FIAP),Cursando,Pendente,
RA-1651,,9,Aluno-1651,,22.0,Masculino,2021,Bolsista Universitário *Formado (a),,INCLUIR,,,,0.0,,0.0,,,,10.0,,,,,,,Fase 8 (Universitários),1,,,,2024,,Bolsista Universitário *Formado (a),Cursando,Pendente,
RA-1652,,9,Aluno-1652,,22.0,Feminino,2021,Privada,,INCLUIR,,,,0.0,,0.0,,,,10.0,,,,,,,Fase 8 (Universitários),1,,,,2024,,Faculdade (FIAP),Cursando,Pendente,
RA-1653,,9,Aluno-1653,,20.0,Masculino,2021,Bolsista Universitário *Formado (a),,INCLUIR,,,,0.0,,0.0,,,,10.0,,,,,,,Fase 8 (Universitários),1,,,,2024,,Bolsista Universitário *Formado (a),Cursando,Pendente,
RA-1654,,9,Aluno-1654,,22.0,Masculino,2021,Bolsista Universitário *Formado (a),,INCLUIR,,,,0.0,,0.0,,,,10.0,,,,,,,Fase 8 (Universitários),1,,,,2024,,Bolsista Universitário *Formado (a),Cursando,Pendente,
RA-1655,,9,Aluno-1655,,21.0,Feminino,2022,Privada,,INCLUIR,,,,0.0,,0.0,,,,10.0,,,,,,,Fase 8 (Universitários),1,,,,2024,,Faculdade (FIAP),Cursando,Pendente,
RA-1656,,9,Aluno-1656,,22.0,Masculino,2021,Privada,,INCLUIR,,,,0.0,,0.0,,,,10.0,,,,,,,Fase 8 (Universitários),1,,,,2024,,Bolsista Universitário *Formado (a),Cursando,Pendente,
RA-1254,,9,Aluno-1254,,20.0,Masculino,2021,Privada,,INCLUIR,,,,0.0,,0.0,,,,10.0,,,,,,,Fase 8 (Universitários),1,,,,2024,,Faculdade (FIAP),Cursando,Pendente,
RA-1233,,9,Aluno-1233,,23.0,Feminino,2021,Privada,,INCLUIR,,,,0.0,,0.0,,,,10.0,,,,,,,Fase 8 (Universitários),1,,,,2024,,Universidade Santo Amaro (UNISA),Cursando,Pendente,
RA-1232,,9,Aluno-1232,,22.0,Masculino,2021,Privada,,INCLUIR,,,,0.0,,0.0,,,,10.0,,,,,,,Fase 8 (Universitários),1,,,,2024,,Universidade Santo Amaro (UNISA),Cursando,Pendente,
RA-1231,,9,Aluno-1231,,23.0,Masculino,2021,Privada,,INCLUIR,,,,0.0,,0.0,,,,10.0,,,,,,,Fase 8 (Universitários),1,,,,2024,,Universidade Santo Amaro (UNISA),Cursando,Pendente,
RA-1238,,9,Aluno-1238,,22.0,Feminino,2021,Privada,,INCLUIR,,,,0.0,,0.0,,,,10.0,,,,,,,Fase 8 (Universitários),1,,,,2024,,Universidade Santo Amaro (UNISA),Cursando,Pendente,
RA-1267,,9,Aluno-1267,,23.0,Feminino,2021,Privada,,INCLUIR,,,,0.0,,0.0,,,,10.0,,,,,,,Fase 8 (Universitários),1,,,,2024,,Faculdade (FIAP),Cursando,Pendente,
RA-1657,,9,Aluno-1657,,20.0,Masculino,2021,Bolsista Universitário *Formado (a),,INCLUIR,,,,0.0,,0.0,,,,10.0,,,,,,,Fase 8 (Universitários),1,,,,2024,,Bolsista Universitário *Formado (a),Cursando,Pendente,
RA-1658,,9,Aluno-1658,,21.0,Masculino,2021,Privada,,INCLUIR,,,,0.0,,0.0,,,,10.0,,,,,,,Fase 8 (Universitários),1,,,,2024,,Faculdade (FIAP),Cursando,Pendente,
RA-1659,,9,Aluno-1659,,21.0,Masculino,2021,Bolsista Universitário *Formado (a),,INCLUIR,,,,0.0,,0.0,,,,10.0,,,,,,,Fase 8 (Universitários),1,,,,2024,,Bolsista Universitário *Formado (a),Cursando,Pendente,
RA-1252,,9,Aluno-1252,,22.0,Feminino,2021,Privada,,INCLUIR,,,,0.0,,0.0,,,,10.0,,,,,,,Fase 8 (Universitários),1,,,,2024,,Faculdade (FIAP),Cursando,Pendente,
RA-1660,,9,Aluno-1660,,24.0,Feminino,2021,Bolsista Universitário *Formado (a),,INCLUIR,,,,0.0,,0.0,,,,10.0,,,,,,,Fase 8 (Universitários),1,,,,2024,,Bolsista Universitário *Formado (a),Cursando,Pendente,
RA-1661,,9,Aluno-1661,,21.0,Feminino,2021,Bolsista Universitário *Formado (a),,INCLUIR,,,,0.0,,0.0,,,,10.0,,,,,,,Fase 8 (Universitários),1,,,,2024,,Bolsista Universitário *Formado (a),Cursando,Pendente,
